0 info it worked if it ends with ok
1 verbose cli [ '/usr/bin/nodejs',
1 verbose cli   '/usr/bin/npm',
1 verbose cli   'install',
1 verbose cli   '-g',
1 verbose cli   'npm@8.19.4' ]
2 info using npm@3.5.2
3 info using node@v4.2.6
4 silly loadCurrentTree Starting
5 silly install loadCurrentTree
6 silly install readGlobalPackageData
7 silly fetchPackageMetaData npm@8.19.4
8 silly fetchNamedPackageData npm
9 silly mapToRegistry name npm
10 silly mapToRegistry using default registry
11 silly mapToRegistry registry https://registry.npmjs.org/
12 silly mapToRegistry uri https://registry.npmjs.org/npm
13 verbose request uri https://registry.npmjs.org/npm
14 verbose request no auth needed
15 info attempt registry request try #1 at 10:39:32 PM
16 verbose request id e6a8e68149d01044
17 http request GET https://registry.npmjs.org/npm
18 http 200 https://registry.npmjs.org/npm
19 verbose headers { date: 'Fri, 27 Mar 2026 14:39:31 GMT',
19 verbose headers   'content-type': 'application/json',
19 verbose headers   'transfer-encoding': 'chunked',
19 verbose headers   connection: 'keep-alive',
19 verbose headers   'content-encoding': 'gzip',
19 verbose headers   'cf-ray': '9e2f251f2f382f2d-LAX',
19 verbose headers   'cf-cache-status': 'HIT',
19 verbose headers   'access-control-allow-origin': '*',
19 verbose headers   age: '247',
19 verbose headers   'cache-control': 'public, max-age=300',
19 verbose headers   etag: 'W/"fd2bf395449a587f8dbbcb49472b928a"',
19 verbose headers   'last-modified': 'Thu, 26 Mar 2026 18:44:44 GMT',
19 verbose headers   vary: 'accept-encoding, accept',
19 verbose headers   'set-cookie': [ '_cfuvid=ExvqGbWRmI0prrytga0jd1rkkLPI.PHmzY_Prr.DZso-1774622371725-0.0.1.1-604800000; path=/; domain=.npmjs.org; HttpOnly; Secure; SameSite=None' ],
19 verbose headers   server: 'cloudflare' }
20 silly get cb [ 200,
20 silly get   { date: 'Fri, 27 Mar 2026 14:39:31 GMT',
20 silly get     'content-type': 'application/json',
20 silly get     'transfer-encoding': 'chunked',
20 silly get     connection: 'keep-alive',
20 silly get     'content-encoding': 'gzip',
20 silly get     'cf-ray': '9e2f251f2f382f2d-LAX',
20 silly get     'cf-cache-status': 'HIT',
20 silly get     'access-control-allow-origin': '*',
20 silly get     age: '247',
20 silly get     'cache-control': 'public, max-age=300',
20 silly get     etag: 'W/"fd2bf395449a587f8dbbcb49472b928a"',
20 silly get     'last-modified': 'Thu, 26 Mar 2026 18:44:44 GMT',
20 silly get     vary: 'accept-encoding, accept',
20 silly get     'set-cookie': [ '_cfuvid=ExvqGbWRmI0prrytga0jd1rkkLPI.PHmzY_Prr.DZso-1774622371725-0.0.1.1-604800000; path=/; domain=.npmjs.org; HttpOnly; Secure; SameSite=None' ],
20 silly get     server: 'cloudflare' } ]
21 verbose get saving npm to /root/.npm/registry.npmjs.org/npm/.cache.json
22 silly install normalizeTree
23 silly loadCurrentTree Finishing
24 silly loadIdealTree Starting
25 silly install loadIdealTree
26 silly cloneCurrentTree Starting
27 silly install cloneCurrentTreeToIdealTree
28 silly cloneCurrentTree Finishing
29 silly loadShrinkwrap Starting
30 silly install loadShrinkwrap
31 silly loadShrinkwrap Finishing
32 silly loadAllDepsIntoIdealTree Starting
33 silly install loadAllDepsIntoIdealTree
34 silly resolveWithNewModule npm@8.19.4 checking installable status
35 silly cache add args [ 'npm@8.19.4', null ]
36 verbose cache add spec npm@8.19.4
37 silly cache add parsed spec Result {
37 silly cache add   raw: 'npm@8.19.4',
37 silly cache add   scope: null,
37 silly cache add   name: 'npm',
37 silly cache add   rawSpec: '8.19.4',
37 silly cache add   spec: '8.19.4',
37 silly cache add   type: 'version' }
38 silly addNamed npm@8.19.4
39 verbose addNamed "8.19.4" is a plain semver version for npm
40 silly mapToRegistry name npm
41 silly mapToRegistry using default registry
42 silly mapToRegistry registry https://registry.npmjs.org/
43 silly mapToRegistry uri https://registry.npmjs.org/npm
44 verbose addNameVersion registry:https://registry.npmjs.org/npm not in flight; fetching
45 verbose get https://registry.npmjs.org/npm not expired, no request
46 silly mapToRegistry name npm
47 silly mapToRegistry using default registry
48 silly mapToRegistry registry https://registry.npmjs.org/
49 silly mapToRegistry uri https://registry.npmjs.org/npm
50 verbose addRemoteTarball https://registry.npmjs.org/npm/-/npm-8.19.4.tgz not in flight; adding
51 verbose addRemoteTarball [ 'https://registry.npmjs.org/npm/-/npm-8.19.4.tgz',
51 verbose addRemoteTarball   '65ad6a2dfdd157a4ef4467fb86e8dcd35a43493f' ]
52 info retry fetch attempt 1 at 10:39:36 PM
53 info attempt registry request try #1 at 10:39:36 PM
54 http fetch GET https://registry.npmjs.org/npm/-/npm-8.19.4.tgz
55 http fetch 200 https://registry.npmjs.org/npm/-/npm-8.19.4.tgz
56 silly fetchAndShaCheck shasum 65ad6a2dfdd157a4ef4467fb86e8dcd35a43493f
57 verbose addTmpTarball /tmp/npm-12120-c8dfecce/registry.npmjs.org/npm/-/npm-8.19.4.tgz not in flight; adding
58 verbose addTmpTarball already have metadata; skipping unpack for npm@8.19.4
59 silly cache afterAdd npm@8.19.4
60 verbose afterAdd /root/.npm/npm/8.19.4/package/package.json not in flight; writing
61 verbose afterAdd /root/.npm/npm/8.19.4/package/package.json written
62 verbose addBundled extract /root/.npm/npm/8.19.4/package.tgz
63 verbose tar unpack /root/.npm/npm/8.19.4/package.tgz
64 verbose tar unpacking to /tmp/npm-12120-c8dfecce/unpack-1d8e0d84
65 silly gentlyRm /tmp/npm-12120-c8dfecce/unpack-1d8e0d84 is being purged
66 verbose gentlyRm don't care about contents; nuking /tmp/npm-12120-c8dfecce/unpack-1d8e0d84
67 silly gunzTarPerm modes [ '755', '644' ]
68 silly gunzTarPerm extractEntry node_modules/node-gyp/gyp/.flake8
69 silly gunzTarPerm extractEntry node_modules/node-gyp/gyp/AUTHORS
70 silly gunzTarPerm extractEntry node_modules/spdx-expression-parse/AUTHORS
71 silly gunzTarPerm extractEntry node_modules/cssesc/bin/cssesc
72 silly gunzTarPerm extractEntry node_modules/node-gyp/gyp/gyp
73 silly gunzTarPerm extractEntry LICENSE
74 silly gunzTarPerm extractEntry node_modules/@colors/colors/LICENSE
75 silly gunzTarPerm extractEntry node_modules/@isaacs/string-locale-compare/LICENSE
76 silly gunzTarPerm extractEntry node_modules/@npmcli/ci-detect/LICENSE
77 silly gunzTarPerm extractEntry node_modules/@npmcli/config/LICENSE
78 silly gunzTarPerm extractEntry node_modules/@npmcli/disparity-colors/LICENSE
79 silly gunzTarPerm extractEntry node_modules/@npmcli/fs/lib/cp/LICENSE
80 silly gunzTarPerm extractEntry node_modules/@npmcli/git/LICENSE
81 silly gunzTarPerm extractEntry node_modules/@npmcli/installed-package-contents/LICENSE
82 silly gunzTarPerm extractEntry node_modules/@npmcli/installed-package-contents/node_modules/npm-bundled/LICENSE
83 silly gunzTarPerm extractEntry node_modules/@npmcli/metavuln-calculator/LICENSE
84 silly gunzTarPerm extractEntry node_modules/@npmcli/name-from-folder/LICENSE
85 silly gunzTarPerm extractEntry node_modules/@npmcli/package-json/LICENSE
86 silly gunzTarPerm extractEntry node_modules/@npmcli/promise-spawn/LICENSE
87 silly gunzTarPerm extractEntry node_modules/@npmcli/query/LICENSE
88 silly gunzTarPerm extractEntry node_modules/@npmcli/run-script/LICENSE
89 silly gunzTarPerm extractEntry node_modules/@tootallnate/once/LICENSE
90 silly gunzTarPerm extractEntry node_modules/abbrev/LICENSE
91 silly gunzTarPerm extractEntry node_modules/agentkeepalive/LICENSE
92 silly gunzTarPerm extractEntry node_modules/aggregate-error/license
93 silly gunzTarPerm extractEntry node_modules/ansi-regex/license
94 silly gunzTarPerm extractEntry node_modules/ansi-styles/license
95 silly gunzTarPerm extractEntry node_modules/aproba/LICENSE
96 silly gunzTarPerm extractEntry node_modules/archy/LICENSE
97 silly gunzTarPerm extractEntry node_modules/bin-links/LICENSE
98 silly gunzTarPerm extractEntry node_modules/bin-links/node_modules/npm-normalize-package-bin/LICENSE
99 silly gunzTarPerm extractEntry node_modules/binary-extensions/license
100 silly gunzTarPerm extractEntry node_modules/brace-expansion/LICENSE
101 silly gunzTarPerm extractEntry node_modules/builtins/License
102 silly gunzTarPerm extractEntry node_modules/chalk/license
103 silly gunzTarPerm extractEntry node_modules/chownr/LICENSE
104 silly gunzTarPerm extractEntry node_modules/cidr-regex/LICENSE
105 silly gunzTarPerm extractEntry node_modules/clean-stack/license
106 silly gunzTarPerm extractEntry node_modules/cli-columns/LICENSE
107 silly gunzTarPerm extractEntry node_modules/cli-table3/LICENSE
108 silly gunzTarPerm extractEntry node_modules/clone/LICENSE
109 silly gunzTarPerm extractEntry node_modules/cmd-shim/LICENSE
110 silly gunzTarPerm extractEntry node_modules/color-convert/LICENSE
111 silly gunzTarPerm extractEntry node_modules/color-name/LICENSE
112 silly gunzTarPerm extractEntry node_modules/color-support/LICENSE
113 silly gunzTarPerm extractEntry node_modules/columnify/LICENSE
114 silly gunzTarPerm extractEntry node_modules/common-ancestor-path/LICENSE
115 silly gunzTarPerm extractEntry node_modules/concat-map/LICENSE
116 silly gunzTarPerm extractEntry node_modules/console-control-strings/LICENSE
117 silly gunzTarPerm extractEntry node_modules/debug/LICENSE
118 silly gunzTarPerm extractEntry node_modules/debuglog/LICENSE
119 silly gunzTarPerm extractEntry node_modules/defaults/LICENSE
120 silly gunzTarPerm extractEntry node_modules/delegates/License
121 silly gunzTarPerm extractEntry node_modules/depd/LICENSE
122 silly gunzTarPerm extractEntry node_modules/dezalgo/LICENSE
123 silly gunzTarPerm extractEntry node_modules/diff/LICENSE
124 silly gunzTarPerm extractEntry node_modules/encoding/LICENSE
125 silly gunzTarPerm extractEntry node_modules/env-paths/license
126 silly gunzTarPerm extractEntry node_modules/fs-minipass/LICENSE
127 silly gunzTarPerm extractEntry node_modules/fs.realpath/LICENSE
128 silly gunzTarPerm extractEntry node_modules/function-bind/LICENSE
129 silly gunzTarPerm extractEntry node_modules/glob/LICENSE
130 silly gunzTarPerm extractEntry node_modules/graceful-fs/LICENSE
131 silly gunzTarPerm extractEntry node_modules/has-flag/license
132 silly gunzTarPerm extractEntry node_modules/has-unicode/LICENSE
133 silly gunzTarPerm extractEntry node_modules/hosted-git-info/LICENSE
134 silly gunzTarPerm extractEntry node_modules/http-cache-semantics/LICENSE
135 silly gunzTarPerm extractEntry node_modules/humanize-ms/LICENSE
136 silly gunzTarPerm extractEntry node_modules/iconv-lite/LICENSE
137 silly gunzTarPerm extractEntry node_modules/ignore-walk/LICENSE
138 silly gunzTarPerm extractEntry node_modules/indent-string/license
139 silly gunzTarPerm extractEntry node_modules/infer-owner/LICENSE
140 silly gunzTarPerm extractEntry node_modules/inflight/LICENSE
141 silly gunzTarPerm extractEntry node_modules/inherits/LICENSE
142 silly gunzTarPerm extractEntry node_modules/ini/LICENSE
143 silly gunzTarPerm extractEntry node_modules/ip-regex/license
144 silly gunzTarPerm extractEntry node_modules/is-cidr/LICENSE
145 silly gunzTarPerm extractEntry node_modules/is-core-module/LICENSE
146 silly gunzTarPerm extractEntry node_modules/is-fullwidth-code-point/license
147 silly gunzTarPerm extractEntry node_modules/is-lambda/LICENSE
148 silly gunzTarPerm extractEntry node_modules/isexe/LICENSE
149 silly gunzTarPerm extractEntry node_modules/json-stringify-nice/LICENSE
150 silly gunzTarPerm extractEntry node_modules/jsonparse/LICENSE
151 silly gunzTarPerm extractEntry node_modules/just-diff-apply/LICENSE
152 silly gunzTarPerm extractEntry node_modules/just-diff/LICENSE
153 silly gunzTarPerm extractEntry node_modules/libnpmaccess/LICENSE
154 silly gunzTarPerm extractEntry node_modules/libnpmdiff/LICENSE
155 silly gunzTarPerm extractEntry node_modules/libnpmexec/LICENSE
156 silly gunzTarPerm extractEntry node_modules/libnpmfund/LICENSE
157 silly gunzTarPerm extractEntry node_modules/libnpmorg/LICENSE
158 silly gunzTarPerm extractEntry node_modules/libnpmpack/LICENSE
159 silly gunzTarPerm extractEntry node_modules/libnpmpublish/LICENSE
160 silly gunzTarPerm extractEntry node_modules/libnpmsearch/LICENSE
161 silly gunzTarPerm extractEntry node_modules/libnpmteam/LICENSE
162 silly gunzTarPerm extractEntry node_modules/libnpmversion/LICENSE
163 silly gunzTarPerm extractEntry node_modules/lru-cache/LICENSE
164 silly gunzTarPerm extractEntry node_modules/make-fetch-happen/LICENSE
165 silly gunzTarPerm extractEntry node_modules/minimatch/LICENSE
166 silly gunzTarPerm extractEntry node_modules/minipass-collect/LICENSE
167 silly gunzTarPerm extractEntry node_modules/minipass-fetch/LICENSE
168 silly gunzTarPerm extractEntry node_modules/minipass-flush/LICENSE
169 silly gunzTarPerm extractEntry node_modules/minipass-json-stream/LICENSE
170 silly gunzTarPerm extractEntry node_modules/minipass-pipeline/LICENSE
171 silly gunzTarPerm extractEntry node_modules/minipass-sized/LICENSE
172 silly gunzTarPerm extractEntry node_modules/minipass/LICENSE
173 silly gunzTarPerm extractEntry node_modules/minizlib/LICENSE
174 silly gunzTarPerm extractEntry node_modules/mkdirp-infer-owner/LICENSE
175 silly gunzTarPerm extractEntry node_modules/mkdirp/LICENSE
176 silly gunzTarPerm extractEntry node_modules/mute-stream/LICENSE
177 silly gunzTarPerm extractEntry node_modules/negotiator/LICENSE
178 silly gunzTarPerm extractEntry node_modules/node-gyp/gyp/LICENSE
179 silly gunzTarPerm extractEntry node_modules/node-gyp/LICENSE
180 silly gunzTarPerm extractEntry node_modules/node-gyp/node_modules/brace-expansion/LICENSE
181 silly gunzTarPerm extractEntry node_modules/node-gyp/node_modules/glob/LICENSE
182 silly gunzTarPerm extractEntry node_modules/node-gyp/node_modules/minimatch/LICENSE
183 silly gunzTarPerm extractEntry node_modules/node-gyp/node_modules/nopt/LICENSE
184 silly gunzTarPerm extractEntry node_modules/nopt/LICENSE
185 silly gunzTarPerm extractEntry node_modules/normalize-package-data/LICENSE
186 silly gunzTarPerm extractEntry node_modules/npm-audit-report/LICENSE
187 silly gunzTarPerm extractEntry node_modules/npm-bundled/LICENSE
188 silly gunzTarPerm extractEntry node_modules/npm-bundled/node_modules/npm-normalize-package-bin/LICENSE
189 silly gunzTarPerm extractEntry node_modules/npm-install-checks/LICENSE
190 silly gunzTarPerm extractEntry node_modules/npm-normalize-package-bin/LICENSE
191 silly gunzTarPerm extractEntry node_modules/npm-package-arg/LICENSE
192 silly gunzTarPerm extractEntry node_modules/npm-packlist/LICENSE
193 silly gunzTarPerm extractEntry node_modules/npm-packlist/node_modules/npm-normalize-package-bin/LICENSE
194 silly gunzTarPerm extractEntry node_modules/npm-pick-manifest/node_modules/npm-normalize-package-bin/LICENSE
195 silly gunzTarPerm extractEntry node_modules/npm-user-validate/LICENSE
196 silly gunzTarPerm extractEntry node_modules/once/LICENSE
197 silly gunzTarPerm extractEntry node_modules/p-map/license
198 silly gunzTarPerm extractEntry node_modules/pacote/LICENSE
199 silly gunzTarPerm extractEntry node_modules/path-is-absolute/license
200 silly gunzTarPerm extractEntry node_modules/proc-log/LICENSE
201 silly gunzTarPerm extractEntry node_modules/promise-all-reject-late/LICENSE
202 silly gunzTarPerm extractEntry node_modules/promise-call-limit/LICENSE
203 silly gunzTarPerm extractEntry node_modules/promise-inflight/LICENSE
204 silly gunzTarPerm extractEntry node_modules/promise-retry/LICENSE
205 silly gunzTarPerm extractEntry node_modules/promzard/LICENSE
206 silly gunzTarPerm extractEntry node_modules/qrcode-terminal/LICENSE
207 silly gunzTarPerm extractEntry node_modules/read-cmd-shim/LICENSE
208 silly gunzTarPerm extractEntry node_modules/read-package-json-fast/LICENSE
209 silly gunzTarPerm extractEntry node_modules/read-package-json/LICENSE
210 silly gunzTarPerm extractEntry node_modules/read-package-json/node_modules/npm-normalize-package-bin/LICENSE
211 silly gunzTarPerm extractEntry node_modules/read/LICENSE
212 silly gunzTarPerm extractEntry node_modules/readable-stream/LICENSE
213 silly gunzTarPerm extractEntry node_modules/readdir-scoped-modules/LICENSE
214 silly gunzTarPerm extractEntry node_modules/retry/License
215 silly gunzTarPerm extractEntry node_modules/rimraf/LICENSE
216 silly gunzTarPerm extractEntry node_modules/rimraf/node_modules/brace-expansion/LICENSE
217 silly gunzTarPerm extractEntry node_modules/rimraf/node_modules/glob/LICENSE
218 silly gunzTarPerm extractEntry node_modules/rimraf/node_modules/minimatch/LICENSE
219 silly gunzTarPerm extractEntry node_modules/safe-buffer/LICENSE
220 silly gunzTarPerm extractEntry node_modules/safer-buffer/LICENSE
221 silly gunzTarPerm extractEntry node_modules/semver/LICENSE
222 silly gunzTarPerm extractEntry node_modules/semver/node_modules/lru-cache/LICENSE
223 silly gunzTarPerm extractEntry node_modules/smart-buffer/LICENSE
224 silly gunzTarPerm extractEntry node_modules/socks/LICENSE
225 silly gunzTarPerm extractEntry node_modules/spdx-correct/LICENSE
226 silly gunzTarPerm extractEntry node_modules/spdx-expression-parse/LICENSE
227 silly gunzTarPerm extractEntry node_modules/string_decoder/LICENSE
228 silly gunzTarPerm extractEntry node_modules/string-width/license
229 silly gunzTarPerm extractEntry node_modules/strip-ansi/license
230 silly gunzTarPerm extractEntry node_modules/supports-color/license
231 silly gunzTarPerm extractEntry node_modules/tar/LICENSE
232 silly gunzTarPerm extractEntry node_modules/text-table/LICENSE
233 silly gunzTarPerm extractEntry node_modules/treeverse/LICENSE
234 silly gunzTarPerm extractEntry node_modules/unique-filename/LICENSE
235 silly gunzTarPerm extractEntry node_modules/unique-slug/LICENSE
236 silly gunzTarPerm extractEntry node_modules/util-deprecate/LICENSE
237 silly gunzTarPerm extractEntry node_modules/validate-npm-package-license/LICENSE
238 silly gunzTarPerm extractEntry node_modules/validate-npm-package-name/LICENSE
239 silly gunzTarPerm extractEntry node_modules/walk-up-path/LICENSE
240 silly gunzTarPerm extractEntry node_modules/wcwidth/LICENSE
241 silly gunzTarPerm extractEntry node_modules/which/LICENSE
242 silly gunzTarPerm extractEntry node_modules/wide-align/LICENSE
243 silly gunzTarPerm extractEntry node_modules/wrappy/LICENSE
244 silly gunzTarPerm extractEntry node_modules/yallist/LICENSE
245 silly gunzTarPerm extractEntry node_modules/has/LICENSE-MIT
246 silly gunzTarPerm extractEntry node_modules/postcss-selector-parser/LICENSE-MIT
247 silly gunzTarPerm extractEntry node_modules/columnify/Makefile
248 silly gunzTarPerm extractEntry node_modules/delegates/Makefile
249 silly gunzTarPerm extractEntry node_modules/retry/Makefile
250 silly gunzTarPerm extractEntry bin/node-gyp-bin/node-gyp
251 silly gunzTarPerm extractEntry node_modules/@npmcli/run-script/lib/node-gyp-bin/node-gyp
252 silly gunzTarPerm extractEntry node_modules/which/bin/node-which
253 silly gunzTarPerm extractEntry bin/npm
254 silly gunzTarPerm extractEntry bin/npx
255 silly gunzTarPerm extractEntry node_modules/node-gyp/gyp/tools/emacs/README
256 silly gunzTarPerm extractEntry node_modules/node-gyp/gyp/tools/README
257 silly gunzTarPerm extractEntry node_modules/node-gyp/gyp/tools/Xcode/README
258 silly gunzTarPerm extractEntry node_modules/cssesc/man/cssesc.1
259 silly gunzTarPerm extractEntry man/man1/npm-access.1
260 silly gunzTarPerm extractEntry man/man1/npm-adduser.1
261 silly gunzTarPerm extractEntry man/man1/npm-audit.1
262 silly gunzTarPerm extractEntry man/man1/npm-bin.1
263 silly gunzTarPerm extractEntry man/man1/npm-bugs.1
264 silly gunzTarPerm extractEntry man/man1/npm-cache.1
265 silly gunzTarPerm extractEntry man/man1/npm-ci.1
266 silly gunzTarPerm extractEntry man/man1/npm-completion.1
267 silly gunzTarPerm extractEntry man/man1/npm-config.1
268 silly gunzTarPerm extractEntry man/man1/npm-dedupe.1
269 silly gunzTarPerm extractEntry man/man1/npm-deprecate.1
270 silly gunzTarPerm extractEntry man/man1/npm-diff.1
271 silly gunzTarPerm extractEntry man/man1/npm-dist-tag.1
272 silly gunzTarPerm extractEntry man/man1/npm-docs.1
273 silly gunzTarPerm extractEntry man/man1/npm-doctor.1
274 silly gunzTarPerm extractEntry man/man1/npm-edit.1
275 silly gunzTarPerm extractEntry man/man1/npm-exec.1
276 silly gunzTarPerm extractEntry man/man1/npm-explain.1
277 silly gunzTarPerm extractEntry man/man1/npm-explore.1
278 silly gunzTarPerm extractEntry man/man1/npm-find-dupes.1
279 silly gunzTarPerm extractEntry man/man1/npm-fund.1
280 silly gunzTarPerm extractEntry man/man1/npm-help-search.1
281 silly gunzTarPerm extractEntry man/man1/npm-help.1
282 silly gunzTarPerm extractEntry man/man1/npm-hook.1
283 silly gunzTarPerm extractEntry man/man1/npm-init.1
284 silly gunzTarPerm extractEntry man/man1/npm-install-ci-test.1
285 silly gunzTarPerm extractEntry man/man1/npm-install-test.1
286 silly gunzTarPerm extractEntry man/man1/npm-install.1
287 silly gunzTarPerm extractEntry man/man1/npm-link.1
288 silly gunzTarPerm extractEntry man/man1/npm-logout.1
289 silly gunzTarPerm extractEntry man/man1/npm-ls.1
290 silly gunzTarPerm extractEntry man/man1/npm-org.1
291 silly gunzTarPerm extractEntry man/man1/npm-outdated.1
292 silly gunzTarPerm extractEntry man/man1/npm-owner.1
293 silly gunzTarPerm extractEntry man/man1/npm-pack.1
294 silly gunzTarPerm extractEntry man/man1/npm-ping.1
295 silly gunzTarPerm extractEntry man/man1/npm-pkg.1
296 silly gunzTarPerm extractEntry man/man1/npm-prefix.1
297 silly gunzTarPerm extractEntry man/man1/npm-profile.1
298 silly gunzTarPerm extractEntry man/man1/npm-prune.1
299 silly gunzTarPerm extractEntry man/man1/npm-publish.1
300 silly gunzTarPerm extractEntry man/man1/npm-query.1
301 silly gunzTarPerm extractEntry man/man1/npm-rebuild.1
302 silly gunzTarPerm extractEntry man/man1/npm-repo.1
303 silly gunzTarPerm extractEntry man/man1/npm-restart.1
304 silly gunzTarPerm extractEntry man/man1/npm-root.1
305 silly gunzTarPerm extractEntry man/man1/npm-run-script.1
306 silly gunzTarPerm extractEntry man/man1/npm-search.1
307 silly gunzTarPerm extractEntry man/man1/npm-set-script.1
308 silly gunzTarPerm extractEntry man/man1/npm-shrinkwrap.1
309 silly gunzTarPerm extractEntry man/man1/npm-star.1
310 silly gunzTarPerm extractEntry man/man1/npm-stars.1
311 silly gunzTarPerm extractEntry man/man1/npm-start.1
312 silly gunzTarPerm extractEntry man/man1/npm-stop.1
313 silly gunzTarPerm extractEntry man/man1/npm-team.1
314 silly gunzTarPerm extractEntry man/man1/npm-test.1
315 silly gunzTarPerm extractEntry man/man1/npm-token.1
316 silly gunzTarPerm extractEntry man/man1/npm-uninstall.1
317 silly gunzTarPerm extractEntry man/man1/npm-unpublish.1
318 silly gunzTarPerm extractEntry man/man1/npm-unstar.1
319 silly gunzTarPerm extractEntry man/man1/npm-update.1
320 silly gunzTarPerm extractEntry man/man1/npm-version.1
321 silly gunzTarPerm extractEntry man/man1/npm-view.1
322 silly gunzTarPerm extractEntry man/man1/npm-whoami.1
323 silly gunzTarPerm extractEntry man/man1/npm.1
324 silly gunzTarPerm extractEntry man/man1/npx.1
325 silly gunzTarPerm extractEntry man/man5/folders.5
326 silly gunzTarPerm extractEntry man/man5/install.5
327 silly gunzTarPerm extractEntry man/man5/npm-global.5
328 silly gunzTarPerm extractEntry man/man5/npm-json.5
329 silly gunzTarPerm extractEntry man/man5/npm-shrinkwrap-json.5
330 silly gunzTarPerm extractEntry man/man5/npmrc.5
331 silly gunzTarPerm extractEntry man/man5/package-json.5
332 silly gunzTarPerm extractEntry man/man5/package-lock-json.5
333 silly gunzTarPerm extractEntry man/man7/config.7
334 silly gunzTarPerm extractEntry man/man7/dependency-selectors.7
335 silly gunzTarPerm extractEntry man/man7/developers.7
336 silly gunzTarPerm extractEntry man/man7/logging.7
337 silly gunzTarPerm extractEntry man/man7/orgs.7
338 silly gunzTarPerm extractEntry man/man7/package-spec.7
339 silly gunzTarPerm extractEntry man/man7/registry.7
340 silly gunzTarPerm extractEntry man/man7/removal.7
341 silly gunzTarPerm extractEntry man/man7/scope.7
342 silly gunzTarPerm extractEntry man/man7/scripts.7
343 silly gunzTarPerm extractEntry man/man7/workspaces.7
344 silly gunzTarPerm extractEntry node_modules/node-gyp/gyp/gyp.bat
345 silly gunzTarPerm extractEntry node_modules/semver/range.bnf
346 silly gunzTarPerm extractEntry node_modules/node-gyp/gyp/data/win/large-pdb-shim.cc
347 silly gunzTarPerm extractEntry node_modules/node-gyp/src/win_delay_load_hook.cc
348 silly gunzTarPerm extractEntry bin/node-gyp-bin/node-gyp.cmd
349 silly gunzTarPerm extractEntry node_modules/@npmcli/run-script/lib/node-gyp-bin/node-gyp.cmd
350 silly gunzTarPerm extractEntry bin/npm.cmd
351 silly gunzTarPerm extractEntry bin/npx.cmd
352 silly gunzTarPerm extractEntry node_modules/node-gyp/lib/Find-VisualStudio.cs
353 silly gunzTarPerm extractEntry node_modules/node-gyp/gyp/tools/emacs/gyp-tests.el
354 silly gunzTarPerm extractEntry node_modules/node-gyp/gyp/tools/emacs/gyp.el
355 silly gunzTarPerm extractEntry node_modules/node-gyp/gyp/tools/emacs/testdata/media.gyp.fontified
356 silly gunzTarPerm extractEntry node_modules/retry/equation.gif
357 silly gunzTarPerm extractEntry node_modules/node-gyp/gyp/tools/emacs/testdata/media.gyp
358 silly gunzTarPerm extractEntry node_modules/node-gyp/addon.gypi
359 silly gunzTarPerm extractEntry node_modules/node-gyp/test/fixtures/nodedir/include/node/config.gypi
360 silly gunzTarPerm extractEntry docs/output/using-npm/config.html
361 silly gunzTarPerm extractEntry docs/output/using-npm/dependency-selectors.html
362 silly gunzTarPerm extractEntry docs/output/using-npm/developers.html
363 silly gunzTarPerm extractEntry docs/output/configuring-npm/folders.html
364 silly gunzTarPerm extractEntry docs/output/configuring-npm/install.html
365 silly gunzTarPerm extractEntry docs/output/using-npm/logging.html
366 silly gunzTarPerm extractEntry docs/output/commands/npm-access.html
367 silly gunzTarPerm extractEntry docs/output/commands/npm-adduser.html
368 silly gunzTarPerm extractEntry docs/output/commands/npm-audit.html
369 silly gunzTarPerm extractEntry docs/output/commands/npm-bin.html
370 silly gunzTarPerm extractEntry docs/output/commands/npm-bugs.html
371 silly gunzTarPerm extractEntry docs/output/commands/npm-cache.html
372 silly gunzTarPerm extractEntry docs/output/commands/npm-ci.html
373 silly gunzTarPerm extractEntry docs/output/commands/npm-completion.html
374 silly gunzTarPerm extractEntry docs/output/commands/npm-config.html
375 silly gunzTarPerm extractEntry docs/output/commands/npm-dedupe.html
376 silly gunzTarPerm extractEntry docs/output/commands/npm-deprecate.html
377 silly gunzTarPerm extractEntry docs/output/commands/npm-diff.html
378 silly gunzTarPerm extractEntry docs/output/commands/npm-dist-tag.html
379 silly gunzTarPerm extractEntry docs/output/commands/npm-docs.html
380 silly gunzTarPerm extractEntry docs/output/commands/npm-doctor.html
381 silly gunzTarPerm extractEntry docs/output/commands/npm-edit.html
382 silly gunzTarPerm extractEntry docs/output/commands/npm-exec.html
383 silly gunzTarPerm extractEntry docs/output/commands/npm-explain.html
384 silly gunzTarPerm extractEntry docs/output/commands/npm-explore.html
385 silly gunzTarPerm extractEntry docs/output/commands/npm-find-dupes.html
386 silly gunzTarPerm extractEntry docs/output/commands/npm-fund.html
387 silly gunzTarPerm extractEntry docs/output/commands/npm-help-search.html
388 silly gunzTarPerm extractEntry docs/output/commands/npm-help.html
389 silly gunzTarPerm extractEntry docs/output/commands/npm-hook.html
390 silly gunzTarPerm extractEntry docs/output/commands/npm-init.html
391 silly gunzTarPerm extractEntry docs/output/commands/npm-install-ci-test.html
392 silly gunzTarPerm extractEntry docs/output/commands/npm-install-test.html
393 silly gunzTarPerm extractEntry docs/output/commands/npm-install.html
394 silly gunzTarPerm extractEntry docs/output/commands/npm-link.html
395 silly gunzTarPerm extractEntry docs/output/commands/npm-logout.html
396 silly gunzTarPerm extractEntry docs/output/commands/npm-ls.html
397 silly gunzTarPerm extractEntry docs/output/commands/npm-org.html
398 silly gunzTarPerm extractEntry docs/output/commands/npm-outdated.html
399 silly gunzTarPerm extractEntry docs/output/commands/npm-owner.html
400 silly gunzTarPerm extractEntry docs/output/commands/npm-pack.html
401 silly gunzTarPerm extractEntry docs/output/commands/npm-ping.html
402 silly gunzTarPerm extractEntry docs/output/commands/npm-pkg.html
403 silly gunzTarPerm extractEntry docs/output/commands/npm-prefix.html
404 silly gunzTarPerm extractEntry docs/output/commands/npm-profile.html
405 silly gunzTarPerm extractEntry docs/output/commands/npm-prune.html
406 silly gunzTarPerm extractEntry docs/output/commands/npm-publish.html
407 silly gunzTarPerm extractEntry docs/output/commands/npm-query.html
408 silly gunzTarPerm extractEntry docs/output/commands/npm-rebuild.html
409 silly gunzTarPerm extractEntry docs/output/commands/npm-repo.html
410 silly gunzTarPerm extractEntry docs/output/commands/npm-restart.html
411 silly gunzTarPerm extractEntry docs/output/commands/npm-root.html
412 silly gunzTarPerm extractEntry docs/output/commands/npm-run-script.html
413 silly gunzTarPerm extractEntry docs/output/commands/npm-search.html
414 silly gunzTarPerm extractEntry docs/output/commands/npm-set-script.html
415 silly gunzTarPerm extractEntry docs/output/configuring-npm/npm-shrinkwrap-json.html
416 silly gunzTarPerm extractEntry docs/output/commands/npm-shrinkwrap.html
417 silly gunzTarPerm extractEntry docs/output/commands/npm-star.html
418 silly gunzTarPerm extractEntry docs/output/commands/npm-stars.html
419 silly gunzTarPerm extractEntry docs/output/commands/npm-start.html
420 silly gunzTarPerm extractEntry docs/output/commands/npm-stop.html
421 silly gunzTarPerm extractEntry docs/output/commands/npm-team.html
422 silly gunzTarPerm extractEntry docs/output/commands/npm-test.html
423 silly gunzTarPerm extractEntry docs/output/commands/npm-token.html
424 silly gunzTarPerm extractEntry docs/output/commands/npm-uninstall.html
425 silly gunzTarPerm extractEntry docs/output/commands/npm-unpublish.html
426 silly gunzTarPerm extractEntry docs/output/commands/npm-unstar.html
427 silly gunzTarPerm extractEntry docs/output/commands/npm-update.html
428 silly gunzTarPerm extractEntry docs/output/commands/npm-version.html
429 silly gunzTarPerm extractEntry docs/output/commands/npm-view.html
430 silly gunzTarPerm extractEntry docs/output/commands/npm-whoami.html
431 silly gunzTarPerm extractEntry docs/output/commands/npm.html
432 silly gunzTarPerm extractEntry docs/output/configuring-npm/npmrc.html
433 silly gunzTarPerm extractEntry docs/output/commands/npx.html
434 silly gunzTarPerm extractEntry docs/output/using-npm/orgs.html
435 silly gunzTarPerm extractEntry docs/output/configuring-npm/package-json.html
436 silly gunzTarPerm extractEntry docs/output/configuring-npm/package-lock-json.html
437 silly gunzTarPerm extractEntry docs/output/using-npm/package-spec.html
438 silly gunzTarPerm extractEntry docs/output/using-npm/registry.html
439 silly gunzTarPerm extractEntry docs/output/using-npm/removal.html
440 silly gunzTarPerm extractEntry docs/output/using-npm/scope.html
441 silly gunzTarPerm extractEntry docs/output/using-npm/scripts.html
442 silly gunzTarPerm extractEntry docs/output/using-npm/workspaces.html
443 silly gunzTarPerm extractEntry node_modules/clone/clone.iml
444 silly gunzTarPerm extractEntry node_modules/promzard/test/exports.input
445 silly gunzTarPerm extractEntry node_modules/promzard/test/fn.input
446 silly gunzTarPerm extractEntry node_modules/promzard/test/simple.input
447 silly gunzTarPerm extractEntry node_modules/promzard/test/validate.input
448 silly gunzTarPerm extractEntry node_modules/readable-stream/lib/_stream_duplex.js
449 silly gunzTarPerm extractEntry node_modules/readable-stream/lib/_stream_passthrough.js
450 silly gunzTarPerm extractEntry node_modules/readable-stream/lib/_stream_readable.js
451 silly gunzTarPerm extractEntry node_modules/readable-stream/lib/_stream_transform.js
452 silly gunzTarPerm extractEntry node_modules/readable-stream/lib/_stream_writable.js
453 silly gunzTarPerm extractEntry node_modules/abbrev/abbrev.js
454 silly gunzTarPerm extractEntry node_modules/minipass-fetch/lib/abort-error.js
455 silly gunzTarPerm extractEntry lib/commands/access.js
456 silly gunzTarPerm extractEntry node_modules/@npmcli/arborist/bin/actual.js
457 silly gunzTarPerm extractEntry node_modules/pacote/lib/util/add-git-sha.js
458 silly gunzTarPerm extractEntry node_modules/@npmcli/arborist/lib/add-rm-pkg-deps.js
459 silly gunzTarPerm extractEntry lib/commands/adduser.js
460 silly gunzTarPerm extractEntry node_modules/@npmcli/metavuln-calculator/lib/advisory.js
461 silly gunzTarPerm extractEntry node_modules/agentkeepalive/lib/agent.js
462 silly gunzTarPerm extractEntry node_modules/http-proxy-agent/dist/agent.js
463 silly gunzTarPerm extractEntry node_modules/https-proxy-agent/dist/agent.js
464 silly gunzTarPerm extractEntry node_modules/make-fetch-happen/lib/agent.js
465 silly gunzTarPerm extractEntry node_modules/text-table/example/align.js
466 silly gunzTarPerm extractEntry node_modules/text-table/test/align.js
467 silly gunzTarPerm extractEntry node_modules/wide-align/align.js
468 silly gunzTarPerm extractEntry node_modules/@colors/colors/lib/maps/america.js
469 silly gunzTarPerm extractEntry node_modules/text-table/test/ansi-colors.js
470 silly gunzTarPerm extractEntry lib/utils/ansi-trim.js
471 silly gunzTarPerm extractEntry node_modules/diff/lib/patch/apply.js
472 silly gunzTarPerm extractEntry lib/arborist-cmd.js
473 silly gunzTarPerm extractEntry node_modules/diff/lib/diff/array.js
474 silly gunzTarPerm extractEntry node_modules/diff/lib/util/array.js
475 silly gunzTarPerm extractEntry node_modules/npm-normalize-package-bin/test/array.js
476 silly gunzTarPerm extractEntry node_modules/asap/asap.js
477 silly gunzTarPerm extractEntry node_modules/readable-stream/lib/internal/streams/async_iterator.js
478 silly gunzTarPerm extractEntry node_modules/postcss-selector-parser/dist/selectors/attribute.js
479 silly gunzTarPerm extractEntry lib/utils/audit-error.js
480 silly gunzTarPerm extractEntry node_modules/@npmcli/arborist/lib/audit-report.js
481 silly gunzTarPerm extractEntry lib/commands/audit.js
482 silly gunzTarPerm extractEntry node_modules/@npmcli/arborist/bin/audit.js
483 silly gunzTarPerm extractEntry node_modules/@npmcli/arborist/lib/arborist/audit.js
484 silly gunzTarPerm extractEntry node_modules/npm-registry-fetch/lib/auth.js
485 silly gunzTarPerm extractEntry lib/base-command.js
486 silly gunzTarPerm extractEntry node_modules/gauge/lib/base-theme.js
487 silly gunzTarPerm extractEntry node_modules/diff/lib/diff/base.js
488 silly gunzTarPerm extractEntry node_modules/isexe/test/basic.js
489 silly gunzTarPerm extractEntry node_modules/minipass-sized/test/basic.js
490 silly gunzTarPerm extractEntry node_modules/promzard/test/basic.js
491 silly gunzTarPerm extractEntry node_modules/qrcode-terminal/example/basic.js
492 silly gunzTarPerm extractEntry node_modules/archy/examples/beep.js
493 silly gunzTarPerm extractEntry node_modules/archy/test/beep.js
494 silly gunzTarPerm extractEntry node_modules/jsonparse/bench.js
495 silly gunzTarPerm extractEntry node_modules/jsonparse/test/big-token.js
496 silly gunzTarPerm extractEntry node_modules/bin-links/lib/bin-target.js
497 silly gunzTarPerm extractEntry lib/commands/bin.js
498 silly gunzTarPerm extractEntry node_modules/color-support/bin.js
499 silly gunzTarPerm extractEntry node_modules/pacote/lib/bin.js
500 silly gunzTarPerm extractEntry node_modules/rimraf/bin.js
501 silly gunzTarPerm extractEntry lib/commands/birthday.js
502 silly gunzTarPerm extractEntry node_modules/minipass-fetch/lib/blob.js
503 silly gunzTarPerm extractEntry node_modules/minipass-fetch/lib/body.js
504 silly gunzTarPerm extractEntry node_modules/iconv-lite/lib/bom-handling.js
505 silly gunzTarPerm extractEntry node_modules/jsonparse/test/boundary.js
506 silly gunzTarPerm extractEntry node_modules/treeverse/lib/breadth.js
507 silly gunzTarPerm extractEntry node_modules/asap/browser-asap.js
508 silly gunzTarPerm extractEntry node_modules/asap/browser-raw.js
509 silly gunzTarPerm extractEntry node_modules/agentkeepalive/browser.js
510 silly gunzTarPerm extractEntry node_modules/color-support/browser.js
511 silly gunzTarPerm extractEntry node_modules/debug/src/browser.js
512 silly gunzTarPerm extractEntry node_modules/supports-color/browser.js
513 silly gunzTarPerm extractEntry node_modules/util-deprecate/browser.js
514 silly gunzTarPerm extractEntry node_modules/readable-stream/lib/internal/streams/buffer_list.js
515 silly gunzTarPerm extractEntry node_modules/promzard/example/buffer.js
516 silly gunzTarPerm extractEntry node_modules/promzard/test/buffer.js
517 silly gunzTarPerm extractEntry lib/commands/bugs.js
518 silly gunzTarPerm extractEntry node_modules/@npmcli/arborist/lib/arborist/build-ideal-tree.js
519 silly gunzTarPerm extractEntry node_modules/node-gyp/lib/build.js
520 silly gunzTarPerm extractEntry node_modules/pacote/lib/util/cache-dir.js
521 silly gunzTarPerm extractEntry lib/commands/cache.js
522 silly gunzTarPerm extractEntry node_modules/@npmcli/arborist/lib/calc-dep-flags.js
523 silly gunzTarPerm extractEntry node_modules/qrcode-terminal/example/callback.js
524 silly gunzTarPerm extractEntry node_modules/depd/lib/compat/callsite-tostring.js
525 silly gunzTarPerm extractEntry node_modules/@npmcli/arborist/lib/can-place-dep.js
526 silly gunzTarPerm extractEntry node_modules/@npmcli/arborist/lib/case-insensitive-map.js
527 silly gunzTarPerm extractEntry node_modules/cli-table3/src/cell.js
528 silly gunzTarPerm extractEntry node_modules/text-table/example/center.js
529 silly gunzTarPerm extractEntry node_modules/text-table/test/center.js
530 silly gunzTarPerm extractEntry node_modules/node-gyp/test/fixtures/certs.js
531 silly gunzTarPerm extractEntry node_modules/diff/lib/diff/character.js
532 silly gunzTarPerm extractEntry node_modules/negotiator/lib/charset.js
533 silly gunzTarPerm extractEntry node_modules/bin-links/lib/check-bin.js
534 silly gunzTarPerm extractEntry node_modules/bin-links/lib/check-bins.js
535 silly gunzTarPerm extractEntry node_modules/npm-registry-fetch/lib/check-response.js
536 silly gunzTarPerm extractEntry node_modules/chownr/chownr.js
537 silly gunzTarPerm extractEntry lib/commands/ci.js
538 silly gunzTarPerm extractEntry node_modules/postcss-selector-parser/dist/selectors/className.js
539 silly gunzTarPerm extractEntry node_modules/npm-registry-fetch/lib/clean-url.js
540 silly gunzTarPerm extractEntry node_modules/node-gyp/lib/clean.js
541 silly gunzTarPerm extractEntry node_modules/semver/functions/clean.js
542 silly gunzTarPerm extractEntry lib/cli.js
543 silly gunzTarPerm extractEntry node_modules/@npmcli/git/lib/clone.js
544 silly gunzTarPerm extractEntry node_modules/clone/clone.js
545 silly gunzTarPerm extractEntry node_modules/graceful-fs/clone.js
546 silly gunzTarPerm extractEntry lib/utils/cmd-list.js
547 silly gunzTarPerm extractEntry node_modules/mkdirp/bin/cmd.js
548 silly gunzTarPerm extractEntry node_modules/semver/functions/cmp.js
549 silly gunzTarPerm extractEntry node_modules/semver/functions/coerce.js
550 silly gunzTarPerm extractEntry node_modules/cli-columns/color.js
551 silly gunzTarPerm extractEntry node_modules/@colors/colors/lib/colors.js
552 silly gunzTarPerm extractEntry node_modules/npm-audit-report/lib/colors.js
553 silly gunzTarPerm extractEntry node_modules/columnify/columnify.js
554 silly gunzTarPerm extractEntry node_modules/postcss-selector-parser/dist/selectors/combinator.js
555 silly gunzTarPerm extractEntry node_modules/wcwidth/combining.js
556 silly gunzTarPerm extractEntry node_modules/postcss-selector-parser/dist/selectors/comment.js
557 silly gunzTarPerm extractEntry node_modules/libnpmversion/lib/commit.js
558 silly gunzTarPerm extractEntry node_modules/debug/src/common.js
559 silly gunzTarPerm extractEntry node_modules/glob/common.js
560 silly gunzTarPerm extractEntry node_modules/node-gyp/node_modules/glob/common.js
561 silly gunzTarPerm extractEntry node_modules/node-gyp/test/common.js
562 silly gunzTarPerm extractEntry node_modules/retry/test/common.js
563 silly gunzTarPerm extractEntry node_modules/rimraf/node_modules/glob/common.js
564 silly gunzTarPerm extractEntry node_modules/semver/classes/comparator.js
565 silly gunzTarPerm extractEntry node_modules/semver/functions/compare-build.js
566 silly gunzTarPerm extractEntry node_modules/semver/functions/compare-loose.js
567 silly gunzTarPerm extractEntry node_modules/semver/functions/compare.js
568 silly gunzTarPerm extractEntry lib/commands/completion.js
569 silly gunzTarPerm extractEntry lib/commands/config.js
570 silly gunzTarPerm extractEntry node_modules/node-gyp/lib/configure.js
571 silly gunzTarPerm extractEntry node_modules/@npmcli/arborist/lib/consistent-resolve.js
572 silly gunzTarPerm extractEntry node_modules/agentkeepalive/lib/constants.js
573 silly gunzTarPerm extractEntry node_modules/minizlib/constants.js
574 silly gunzTarPerm extractEntry node_modules/semver/internal/constants.js
575 silly gunzTarPerm extractEntry node_modules/socks/build/common/constants.js
576 silly gunzTarPerm extractEntry node_modules/postcss-selector-parser/dist/selectors/constructors.js
577 silly gunzTarPerm extractEntry node_modules/postcss-selector-parser/dist/selectors/container.js
578 silly gunzTarPerm extractEntry node_modules/color-convert/conversions.js
579 silly gunzTarPerm extractEntry node_modules/@npmcli/fs/lib/copy-file.js
580 silly gunzTarPerm extractEntry node_modules/node-gyp/lib/create-config-gypi.js
581 silly gunzTarPerm extractEntry node_modules/diff/lib/patch/create.js
582 silly gunzTarPerm extractEntry node_modules/tar/lib/create.js
583 silly gunzTarPerm extractEntry node_modules/diff/lib/diff/css.js
584 silly gunzTarPerm extractEntry node_modules/cssesc/cssesc.js
585 silly gunzTarPerm extractEntry node_modules/tiny-relative-date/translations/da.js
586 silly gunzTarPerm extractEntry node_modules/safer-buffer/dangerous.js
587 silly gunzTarPerm extractEntry node_modules/iconv-lite/encodings/dbcs-codec.js
588 silly gunzTarPerm extractEntry node_modules/iconv-lite/encodings/dbcs-data.js
589 silly gunzTarPerm extractEntry node_modules/tiny-relative-date/translations/de.js
590 silly gunzTarPerm extractEntry node_modules/@npmcli/arborist/lib/debug.js
591 silly gunzTarPerm extractEntry node_modules/cli-table3/src/debug.js
592 silly gunzTarPerm extractEntry node_modules/semver/internal/debug.js
593 silly gunzTarPerm extractEntry node_modules/debuglog/debuglog.js
594 silly gunzTarPerm extractEntry lib/commands/dedupe.js
595 silly gunzTarPerm extractEntry node_modules/@npmcli/arborist/lib/arborist/deduper.js
596 silly gunzTarPerm extractEntry node_modules/@npmcli/arborist/lib/deepest-nesting-target.js
597 silly gunzTarPerm extractEntry node_modules/init-package-json/lib/default-input.js
598 silly gunzTarPerm extractEntry node_modules/npm-registry-fetch/lib/default-opts.js
599 silly gunzTarPerm extractEntry lib/utils/config/definition.js
600 silly gunzTarPerm extractEntry lib/utils/config/definitions.js
601 silly gunzTarPerm extractEntry node_modules/@npmcli/arborist/lib/dep-valid.js
602 silly gunzTarPerm extractEntry lib/commands/deprecate.js
603 silly gunzTarPerm extractEntry node_modules/treeverse/lib/depth-descent.js
604 silly gunzTarPerm extractEntry node_modules/treeverse/lib/depth.js
605 silly gunzTarPerm extractEntry node_modules/readable-stream/lib/internal/streams/destroy.js
606 silly gunzTarPerm extractEntry node_modules/npm-audit-report/lib/reporters/detail.js
607 silly gunzTarPerm extractEntry node_modules/dezalgo/dezalgo.js
608 silly gunzTarPerm extractEntry lib/utils/did-you-mean.js
609 silly gunzTarPerm extractEntry lib/commands/diff.js
610 silly gunzTarPerm extractEntry node_modules/@npmcli/arborist/lib/diff.js
611 silly gunzTarPerm extractEntry node_modules/diff/dist/diff.js
612 silly gunzTarPerm extractEntry node_modules/semver/functions/diff.js
613 silly gunzTarPerm extractEntry node_modules/diff/dist/diff.min.js
614 silly gunzTarPerm extractEntry node_modules/pacote/lib/dir.js
615 silly gunzTarPerm extractEntry lib/utils/display.js
616 silly gunzTarPerm extractEntry lib/commands/dist-tag.js
617 silly gunzTarPerm extractEntry node_modules/diff/lib/util/distance-iterator.js
618 silly gunzTarPerm extractEntry node_modules/diff/lib/convert/dmp.js
619 silly gunzTarPerm extractEntry node_modules/make-fetch-happen/lib/dns.js
620 silly gunzTarPerm extractEntry node_modules/retry/example/dns.js
621 silly gunzTarPerm extractEntry lib/commands/docs.js
622 silly gunzTarPerm extractEntry lib/commands/doctor.js
623 silly gunzTarPerm extractEntry node_modules/text-table/example/dotalign.js
624 silly gunzTarPerm extractEntry node_modules/text-table/test/dotalign.js
625 silly gunzTarPerm extractEntry node_modules/text-table/example/doubledot.js
626 silly gunzTarPerm extractEntry node_modules/text-table/test/doubledot.js
627 silly gunzTarPerm extractEntry node_modules/@npmcli/arborist/lib/edge.js
628 silly gunzTarPerm extractEntry lib/commands/edit.js
629 silly gunzTarPerm extractEntry node_modules/tiny-relative-date/translations/en-short.js
630 silly gunzTarPerm extractEntry node_modules/tiny-relative-date/translations/en.js
631 silly gunzTarPerm extractEntry node_modules/encoding/lib/encoding.js
632 silly gunzTarPerm extractEntry node_modules/negotiator/lib/encoding.js
633 silly gunzTarPerm extractEntry node_modules/readable-stream/lib/internal/streams/end-of-stream.js
634 silly gunzTarPerm extractEntry node_modules/libnpmversion/lib/enforce-clean.js
635 silly gunzTarPerm extractEntry node_modules/postcss-selector-parser/dist/util/ensureObject.js
636 silly gunzTarPerm extractEntry node_modules/cacache/lib/entry-index.js
637 silly gunzTarPerm extractEntry node_modules/make-fetch-happen/lib/cache/entry.js
638 silly gunzTarPerm extractEntry node_modules/@npmcli/config/lib/env-replace.js
639 silly gunzTarPerm extractEntry node_modules/semver/functions/eq.js
640 silly gunzTarPerm extractEntry lib/utils/error-message.js
641 silly gunzTarPerm extractEntry node_modules/gauge/lib/error.js
642 silly gunzTarPerm extractEntry node_modules/readable-stream/errors-browser.js
643 silly gunzTarPerm extractEntry node_modules/@npmcli/fs/lib/errors.js
644 silly gunzTarPerm extractEntry node_modules/@npmcli/git/lib/errors.js
645 silly gunzTarPerm extractEntry node_modules/make-fetch-happen/lib/cache/errors.js
646 silly gunzTarPerm extractEntry node_modules/npm-registry-fetch/lib/errors.js
647 silly gunzTarPerm extractEntry node_modules/readable-stream/errors.js
648 silly gunzTarPerm extractEntry node_modules/tiny-relative-date/translations/es.js
649 silly gunzTarPerm extractEntry node_modules/@npmcli/run-script/lib/escape.js
650 silly gunzTarPerm extractEntry node_modules/depd/lib/compat/event-listener-count.js
651 silly gunzTarPerm extractEntry lib/commands/exec.js
652 silly gunzTarPerm extractEntry node_modules/npm-audit-report/lib/exit-code.js
653 silly gunzTarPerm extractEntry lib/utils/exit-handler.js
654 silly gunzTarPerm extractEntry node_modules/readable-stream/experimentalWarning.js
655 silly gunzTarPerm extractEntry lib/utils/explain-dep.js
656 silly gunzTarPerm extractEntry lib/utils/explain-eresolve.js
657 silly gunzTarPerm extractEntry lib/commands/explain.js
658 silly gunzTarPerm extractEntry lib/commands/explore.js
659 silly gunzTarPerm extractEntry node_modules/promzard/test/exports.js
660 silly gunzTarPerm extractEntry node_modules/@colors/colors/lib/extendStringPrototype.js
661 silly gunzTarPerm extractEntry node_modules/normalize-package-data/lib/extract_description.js
662 silly gunzTarPerm extractEntry node_modules/tar/lib/extract.js
663 silly gunzTarPerm extractEntry node_modules/tiny-relative-date/lib/factory.js
664 silly gunzTarPerm extractEntry node_modules/tiny-relative-date/src/factory.js
665 silly gunzTarPerm extractEntry node_modules/minipass-fetch/lib/fetch-error.js
666 silly gunzTarPerm extractEntry node_modules/make-fetch-happen/lib/fetch.js
667 silly gunzTarPerm extractEntry node_modules/pacote/lib/fetcher.js
668 silly gunzTarPerm extractEntry node_modules/libnpmexec/lib/file-exists.js
669 silly gunzTarPerm extractEntry node_modules/pacote/lib/file.js
670 silly gunzTarPerm extractEntry lib/commands/find-dupes.js
671 silly gunzTarPerm extractEntry node_modules/mkdirp/lib/find-made.js
672 silly gunzTarPerm extractEntry node_modules/node-gyp/lib/find-node-directory.js
673 silly gunzTarPerm extractEntry node_modules/node-gyp/lib/find-python.js
674 silly gunzTarPerm extractEntry node_modules/node-gyp/lib/find-visualstudio.js
675 silly gunzTarPerm extractEntry node_modules/@npmcli/git/lib/find.js
676 silly gunzTarPerm extractEntry node_modules/bin-links/lib/fix-bin.js
677 silly gunzTarPerm extractEntry node_modules/cacache/lib/util/fix-owner.js
678 silly gunzTarPerm extractEntry node_modules/normalize-package-data/lib/fixer.js
679 silly gunzTarPerm extractEntry node_modules/promzard/test/fn.js
680 silly gunzTarPerm extractEntry lib/utils/format-bytes.js
681 silly gunzTarPerm extractEntry node_modules/libnpmdiff/lib/format-diff.js
682 silly gunzTarPerm extractEntry lib/utils/format-search-stream.js
683 silly gunzTarPerm extractEntry node_modules/readable-stream/lib/internal/streams/from-browser.js
684 silly gunzTarPerm extractEntry node_modules/@npmcli/arborist/lib/from-path.js
685 silly gunzTarPerm extractEntry node_modules/readable-stream/lib/internal/streams/from.js
686 silly gunzTarPerm extractEntry node_modules/@npmcli/fs/lib/fs.js
687 silly gunzTarPerm extractEntry lib/commands/fund.js
688 silly gunzTarPerm extractEntry node_modules/@npmcli/arborist/bin/funding.js
689 silly gunzTarPerm extractEntry node_modules/@npmcli/arborist/lib/gather-dep-set.js
690 silly gunzTarPerm extractEntry node_modules/@colors/colors/themes/generic-logging.js
691 silly gunzTarPerm extractEntry node_modules/libnpmexec/lib/get-bin-from-manifest.js
692 silly gunzTarPerm extractEntry node_modules/@npmcli/metavuln-calculator/lib/get-dep-spec.js
693 silly gunzTarPerm extractEntry lib/utils/get-identity.js
694 silly gunzTarPerm extractEntry node_modules/bin-links/lib/get-node-modules.js
695 silly gunzTarPerm extractEntry node_modules/@npmcli/fs/lib/common/get-options.js
696 silly gunzTarPerm extractEntry node_modules/bin-links/lib/get-paths.js
697 silly gunzTarPerm extractEntry node_modules/bin-links/lib/get-prefix.js
698 silly gunzTarPerm extractEntry node_modules/@npmcli/arborist/lib/get-workspace-nodes.js
699 silly gunzTarPerm extractEntry lib/workspaces/get-workspaces.js
700 silly gunzTarPerm extractEntry node_modules/tar/lib/get-write-flag.js
701 silly gunzTarPerm extractEntry lib/commands/get.js
702 silly gunzTarPerm extractEntry node_modules/cacache/lib/get.js
703 silly gunzTarPerm extractEntry node_modules/postcss-selector-parser/dist/util/getProp.js
704 silly gunzTarPerm extractEntry node_modules/hosted-git-info/lib/git-host-info.js
705 silly gunzTarPerm extractEntry node_modules/hosted-git-info/lib/git-host.js
706 silly gunzTarPerm extractEntry node_modules/pacote/lib/git.js
707 silly gunzTarPerm extractEntry node_modules/glob/glob.js
708 silly gunzTarPerm extractEntry node_modules/node-gyp/node_modules/glob/glob.js
709 silly gunzTarPerm extractEntry node_modules/rimraf/node_modules/glob/glob.js
710 silly gunzTarPerm extractEntry node_modules/graceful-fs/graceful-fs.js
711 silly gunzTarPerm extractEntry node_modules/semver/functions/gt.js
712 silly gunzTarPerm extractEntry node_modules/semver/functions/gte.js
713 silly gunzTarPerm extractEntry node_modules/semver/ranges/gtr.js
714 silly gunzTarPerm extractEntry node_modules/postcss-selector-parser/dist/selectors/guards.js
715 silly gunzTarPerm extractEntry node_modules/gauge/lib/has-color.js
716 silly gunzTarPerm extractEntry node_modules/@colors/colors/lib/system/has-flag.js
717 silly gunzTarPerm extractEntry node_modules/cacache/lib/util/hash-to-segments.js
718 silly gunzTarPerm extractEntry node_modules/@npmcli/metavuln-calculator/lib/hash.js
719 silly gunzTarPerm extractEntry node_modules/tar/lib/header.js
720 silly gunzTarPerm extractEntry node_modules/minipass-fetch/lib/headers.js
721 silly gunzTarPerm extractEntry lib/commands/help-search.js
722 silly gunzTarPerm extractEntry lib/commands/help.js
723 silly gunzTarPerm extractEntry node_modules/socks/build/common/helpers.js
724 silly gunzTarPerm extractEntry node_modules/tar/lib/high-level-opt.js
725 silly gunzTarPerm extractEntry lib/commands/hook.js
726 silly gunzTarPerm extractEntry node_modules/agentkeepalive/lib/https_agent.js
727 silly gunzTarPerm extractEntry node_modules/postcss-selector-parser/dist/selectors/id.js
728 silly gunzTarPerm extractEntry node_modules/@npmcli/arborist/bin/ideal.js
729 silly gunzTarPerm extractEntry node_modules/semver/internal/identifiers.js
730 silly gunzTarPerm extractEntry node_modules/function-bind/implementation.js
731 silly gunzTarPerm extractEntry node_modules/imurmurhash/imurmurhash.js
732 silly gunzTarPerm extractEntry node_modules/imurmurhash/imurmurhash.min.js
733 silly gunzTarPerm extractEntry node_modules/semver/functions/inc.js
734 silly gunzTarPerm extractEntry node_modules/diff/lib/index.es6.js
735 silly gunzTarPerm extractEntry index.js
736 silly gunzTarPerm extractEntry lib/utils/config/index.js
737 silly gunzTarPerm extractEntry node_modules/@colors/colors/lib/index.js
738 silly gunzTarPerm extractEntry node_modules/@gar/promisify/index.js
739 silly gunzTarPerm extractEntry node_modules/@isaacs/string-locale-compare/index.js
740 silly gunzTarPerm extractEntry node_modules/@npmcli/arborist/bin/index.js
741 silly gunzTarPerm extractEntry node_modules/@npmcli/arborist/lib/arborist/index.js
742 silly gunzTarPerm extractEntry node_modules/@npmcli/arborist/lib/index.js
743 silly gunzTarPerm extractEntry node_modules/@npmcli/ci-detect/lib/index.js
744 silly gunzTarPerm extractEntry node_modules/@npmcli/config/lib/index.js
745 silly gunzTarPerm extractEntry node_modules/@npmcli/disparity-colors/lib/index.js
746 silly gunzTarPerm extractEntry node_modules/@npmcli/fs/lib/cp/index.js
747 silly gunzTarPerm extractEntry node_modules/@npmcli/fs/lib/index.js
748 silly gunzTarPerm extractEntry node_modules/@npmcli/fs/lib/rm/index.js
749 silly gunzTarPerm extractEntry node_modules/@npmcli/git/lib/index.js
750 silly gunzTarPerm extractEntry node_modules/@npmcli/installed-package-contents/index.js
751 silly gunzTarPerm extractEntry node_modules/@npmcli/installed-package-contents/node_modules/npm-bundled/index.js
752 silly gunzTarPerm extractEntry node_modules/@npmcli/map-workspaces/lib/index.js
753 silly gunzTarPerm extractEntry node_modules/@npmcli/metavuln-calculator/lib/index.js
754 silly gunzTarPerm extractEntry node_modules/@npmcli/move-file/lib/index.js
755 silly gunzTarPerm extractEntry node_modules/@npmcli/name-from-folder/index.js
756 silly gunzTarPerm extractEntry node_modules/@npmcli/node-gyp/lib/index.js
757 silly gunzTarPerm extractEntry node_modules/@npmcli/package-json/lib/index.js
758 silly gunzTarPerm extractEntry node_modules/@npmcli/promise-spawn/lib/index.js
759 silly gunzTarPerm extractEntry node_modules/@npmcli/query/lib/index.js
760 silly gunzTarPerm extractEntry node_modules/@tootallnate/once/dist/index.js
761 silly gunzTarPerm extractEntry node_modules/agent-base/dist/src/index.js
762 silly gunzTarPerm extractEntry node_modules/agentkeepalive/index.js
763 silly gunzTarPerm extractEntry node_modules/aggregate-error/index.js
764 silly gunzTarPerm extractEntry node_modules/ansi-regex/index.js
765 silly gunzTarPerm extractEntry node_modules/ansi-styles/index.js
766 silly gunzTarPerm extractEntry node_modules/aproba/index.js
767 silly gunzTarPerm extractEntry node_modules/archy/index.js
768 silly gunzTarPerm extractEntry node_modules/are-we-there-yet/lib/index.js
769 silly gunzTarPerm extractEntry node_modules/balanced-match/index.js
770 silly gunzTarPerm extractEntry node_modules/bin-links/lib/index.js
771 silly gunzTarPerm extractEntry node_modules/bin-links/node_modules/npm-normalize-package-bin/lib/index.js
772 silly gunzTarPerm extractEntry node_modules/binary-extensions/index.js
773 silly gunzTarPerm extractEntry node_modules/brace-expansion/index.js
774 silly gunzTarPerm extractEntry node_modules/builtins/index.js
775 silly gunzTarPerm extractEntry node_modules/cacache/lib/index.js
776 silly gunzTarPerm extractEntry node_modules/chalk/source/index.js
777 silly gunzTarPerm extractEntry node_modules/cidr-regex/index.js
778 silly gunzTarPerm extractEntry node_modules/clean-stack/index.js
779 silly gunzTarPerm extractEntry node_modules/cli-columns/index.js
780 silly gunzTarPerm extractEntry node_modules/cli-table3/index.js
781 silly gunzTarPerm extractEntry node_modules/cmd-shim/lib/index.js
782 silly gunzTarPerm extractEntry node_modules/color-convert/index.js
783 silly gunzTarPerm extractEntry node_modules/color-name/index.js
784 silly gunzTarPerm extractEntry node_modules/color-support/index.js
785 silly gunzTarPerm extractEntry node_modules/columnify/index.js
786 silly gunzTarPerm extractEntry node_modules/common-ancestor-path/index.js
787 silly gunzTarPerm extractEntry node_modules/concat-map/index.js
788 silly gunzTarPerm extractEntry node_modules/console-control-strings/index.js
789 silly gunzTarPerm extractEntry node_modules/debug/node_modules/ms/index.js
790 silly gunzTarPerm extractEntry node_modules/debug/src/index.js
791 silly gunzTarPerm extractEntry node_modules/defaults/index.js
792 silly gunzTarPerm extractEntry node_modules/delegates/index.js
793 silly gunzTarPerm extractEntry node_modules/delegates/test/index.js
794 silly gunzTarPerm extractEntry node_modules/depd/index.js
795 silly gunzTarPerm extractEntry node_modules/depd/lib/browser/index.js
796 silly gunzTarPerm extractEntry node_modules/depd/lib/compat/index.js
797 silly gunzTarPerm extractEntry node_modules/diff/lib/index.js
798 silly gunzTarPerm extractEntry node_modules/emoji-regex/es2015/index.js
799 silly gunzTarPerm extractEntry node_modules/emoji-regex/index.js
800 silly gunzTarPerm extractEntry node_modules/env-paths/index.js
801 silly gunzTarPerm extractEntry node_modules/err-code/index.js
802 silly gunzTarPerm extractEntry node_modules/fastest-levenshtein/index.js
803 silly gunzTarPerm extractEntry node_modules/fs-minipass/index.js
804 silly gunzTarPerm extractEntry node_modules/fs.realpath/index.js
805 silly gunzTarPerm extractEntry node_modules/function-bind/index.js
806 silly gunzTarPerm extractEntry node_modules/function-bind/test/index.js
807 silly gunzTarPerm extractEntry node_modules/gauge/lib/index.js
808 silly gunzTarPerm extractEntry node_modules/has-flag/index.js
809 silly gunzTarPerm extractEntry node_modules/has-unicode/index.js
810 silly gunzTarPerm extractEntry node_modules/has/src/index.js
811 silly gunzTarPerm extractEntry node_modules/has/test/index.js
812 silly gunzTarPerm extractEntry node_modules/hosted-git-info/lib/index.js
813 silly gunzTarPerm extractEntry node_modules/http-cache-semantics/index.js
814 silly gunzTarPerm extractEntry node_modules/http-proxy-agent/dist/index.js
815 silly gunzTarPerm extractEntry node_modules/https-proxy-agent/dist/index.js
816 silly gunzTarPerm extractEntry node_modules/humanize-ms/index.js
817 silly gunzTarPerm extractEntry node_modules/iconv-lite/encodings/index.js
818 silly gunzTarPerm extractEntry node_modules/iconv-lite/lib/index.js
819 silly gunzTarPerm extractEntry node_modules/ignore-walk/lib/index.js
820 silly gunzTarPerm extractEntry node_modules/indent-string/index.js
821 silly gunzTarPerm extractEntry node_modules/infer-owner/index.js
822 silly gunzTarPerm extractEntry node_modules/ip-regex/index.js
823 silly gunzTarPerm extractEntry node_modules/is-cidr/index.js
824 silly gunzTarPerm extractEntry node_modules/is-core-module/index.js
825 silly gunzTarPerm extractEntry node_modules/is-core-module/test/index.js
826 silly gunzTarPerm extractEntry node_modules/is-fullwidth-code-point/index.js
827 silly gunzTarPerm extractEntry node_modules/is-lambda/index.js
828 silly gunzTarPerm extractEntry node_modules/isexe/index.js
829 silly gunzTarPerm extractEntry node_modules/json-parse-even-better-errors/index.js
830 silly gunzTarPerm extractEntry node_modules/json-stringify-nice/index.js
831 silly gunzTarPerm extractEntry node_modules/just-diff-apply/index.js
832 silly gunzTarPerm extractEntry node_modules/just-diff/index.js
833 silly gunzTarPerm extractEntry node_modules/libnpmaccess/lib/index.js
834 silly gunzTarPerm extractEntry node_modules/libnpmdiff/lib/index.js
835 silly gunzTarPerm extractEntry node_modules/libnpmexec/lib/index.js
836 silly gunzTarPerm extractEntry node_modules/libnpmfund/lib/index.js
837 silly gunzTarPerm extractEntry node_modules/libnpmhook/lib/index.js
838 silly gunzTarPerm extractEntry node_modules/libnpmorg/lib/index.js
839 silly gunzTarPerm extractEntry node_modules/libnpmpack/lib/index.js
840 silly gunzTarPerm extractEntry node_modules/libnpmpublish/lib/index.js
841 silly gunzTarPerm extractEntry node_modules/libnpmsearch/lib/index.js
842 silly gunzTarPerm extractEntry node_modules/libnpmteam/lib/index.js
843 silly gunzTarPerm extractEntry node_modules/libnpmversion/lib/index.js
844 silly gunzTarPerm extractEntry node_modules/lru-cache/index.js
845 silly gunzTarPerm extractEntry node_modules/make-fetch-happen/lib/cache/index.js
846 silly gunzTarPerm extractEntry node_modules/make-fetch-happen/lib/index.js
847 silly gunzTarPerm extractEntry node_modules/minipass-collect/index.js
848 silly gunzTarPerm extractEntry node_modules/minipass-fetch/lib/index.js
849 silly gunzTarPerm extractEntry node_modules/minipass-flush/index.js
850 silly gunzTarPerm extractEntry node_modules/minipass-json-stream/index.js
851 silly gunzTarPerm extractEntry node_modules/minipass-pipeline/index.js
852 silly gunzTarPerm extractEntry node_modules/minipass-sized/index.js
853 silly gunzTarPerm extractEntry node_modules/minipass/index.js
854 silly gunzTarPerm extractEntry node_modules/minizlib/index.js
855 silly gunzTarPerm extractEntry node_modules/mkdirp-infer-owner/index.js
856 silly gunzTarPerm extractEntry node_modules/mkdirp/index.js
857 silly gunzTarPerm extractEntry node_modules/ms/index.js
858 silly gunzTarPerm extractEntry node_modules/negotiator/index.js
859 silly gunzTarPerm extractEntry node_modules/node-gyp/node_modules/brace-expansion/index.js
860 silly gunzTarPerm extractEntry node_modules/npm-audit-report/lib/index.js
861 silly gunzTarPerm extractEntry node_modules/npm-bundled/lib/index.js
862 silly gunzTarPerm extractEntry node_modules/npm-bundled/node_modules/npm-normalize-package-bin/lib/index.js
863 silly gunzTarPerm extractEntry node_modules/npm-install-checks/lib/index.js
864 silly gunzTarPerm extractEntry node_modules/npm-normalize-package-bin/index.js
865 silly gunzTarPerm extractEntry node_modules/npm-packlist/bin/index.js
866 silly gunzTarPerm extractEntry node_modules/npm-packlist/lib/index.js
867 silly gunzTarPerm extractEntry node_modules/npm-packlist/node_modules/npm-normalize-package-bin/lib/index.js
868 silly gunzTarPerm extractEntry node_modules/npm-pick-manifest/lib/index.js
869 silly gunzTarPerm extractEntry node_modules/npm-pick-manifest/node_modules/npm-normalize-package-bin/lib/index.js
870 silly gunzTarPerm extractEntry node_modules/npm-profile/lib/index.js
871 silly gunzTarPerm extractEntry node_modules/npm-registry-fetch/lib/index.js
872 silly gunzTarPerm extractEntry node_modules/p-map/index.js
873 silly gunzTarPerm extractEntry node_modules/pacote/lib/index.js
874 silly gunzTarPerm extractEntry node_modules/parse-conflict-json/lib/index.js
875 silly gunzTarPerm extractEntry node_modules/path-is-absolute/index.js
876 silly gunzTarPerm extractEntry node_modules/postcss-selector-parser/dist/index.js
877 silly gunzTarPerm extractEntry node_modules/postcss-selector-parser/dist/selectors/index.js
878 silly gunzTarPerm extractEntry node_modules/postcss-selector-parser/dist/util/index.js
879 silly gunzTarPerm extractEntry node_modules/proc-log/lib/index.js
880 silly gunzTarPerm extractEntry node_modules/promise-all-reject-late/index.js
881 silly gunzTarPerm extractEntry node_modules/promise-all-reject-late/test/index.js
882 silly gunzTarPerm extractEntry node_modules/promise-call-limit/index.js
883 silly gunzTarPerm extractEntry node_modules/promise-retry/index.js
884 silly gunzTarPerm extractEntry node_modules/promzard/example/index.js
885 silly gunzTarPerm extractEntry node_modules/qrcode-terminal/vendor/QRCode/index.js
886 silly gunzTarPerm extractEntry node_modules/read-cmd-shim/lib/index.js
887 silly gunzTarPerm extractEntry node_modules/read-package-json-fast/index.js
888 silly gunzTarPerm extractEntry node_modules/read-package-json/node_modules/npm-normalize-package-bin/lib/index.js
889 silly gunzTarPerm extractEntry node_modules/retry/index.js
890 silly gunzTarPerm extractEntry node_modules/rimraf/node_modules/brace-expansion/index.js
891 silly gunzTarPerm extractEntry node_modules/safe-buffer/index.js
892 silly gunzTarPerm extractEntry node_modules/semver/classes/index.js
893 silly gunzTarPerm extractEntry node_modules/semver/index.js
894 silly gunzTarPerm extractEntry node_modules/semver/node_modules/lru-cache/index.js
895 silly gunzTarPerm extractEntry node_modules/set-blocking/index.js
896 silly gunzTarPerm extractEntry node_modules/signal-exit/index.js
897 silly gunzTarPerm extractEntry node_modules/socks-proxy-agent/dist/index.js
898 silly gunzTarPerm extractEntry node_modules/socks/build/index.js
899 silly gunzTarPerm extractEntry node_modules/spdx-correct/index.js
900 silly gunzTarPerm extractEntry node_modules/spdx-expression-parse/index.js
901 silly gunzTarPerm extractEntry node_modules/ssri/lib/index.js
902 silly gunzTarPerm extractEntry node_modules/string-width/index.js
903 silly gunzTarPerm extractEntry node_modules/strip-ansi/index.js
904 silly gunzTarPerm extractEntry node_modules/supports-color/index.js
905 silly gunzTarPerm extractEntry node_modules/tar/index.js
906 silly gunzTarPerm extractEntry node_modules/text-table/index.js
907 silly gunzTarPerm extractEntry node_modules/tiny-relative-date/lib/index.js
908 silly gunzTarPerm extractEntry node_modules/tiny-relative-date/src/index.js
909 silly gunzTarPerm extractEntry node_modules/treeverse/lib/index.js
910 silly gunzTarPerm extractEntry node_modules/unique-filename/lib/index.js
911 silly gunzTarPerm extractEntry node_modules/unique-slug/lib/index.js
912 silly gunzTarPerm extractEntry node_modules/validate-npm-package-license/index.js
913 silly gunzTarPerm extractEntry node_modules/validate-npm-package-name/lib/index.js
914 silly gunzTarPerm extractEntry node_modules/walk-up-path/index.js
915 silly gunzTarPerm extractEntry node_modules/wcwidth/index.js
916 silly gunzTarPerm extractEntry node_modules/wcwidth/test/index.js
917 silly gunzTarPerm extractEntry node_modules/write-file-atomic/lib/index.js
918 silly gunzTarPerm extractEntry node_modules/err-code/index.umd.js
919 silly gunzTarPerm extractEntry node_modules/inflight/inflight.js
920 silly gunzTarPerm extractEntry node_modules/promise-inflight/inflight.js
921 silly gunzTarPerm extractEntry node_modules/inherits/inherits_browser.js
922 silly gunzTarPerm extractEntry node_modules/inherits/inherits.js
923 silly gunzTarPerm extractEntry node_modules/ini/lib/ini.js
924 silly gunzTarPerm extractEntry node_modules/promzard/example/npm-init/init-input.js
925 silly gunzTarPerm extractEntry node_modules/init-package-json/lib/init-package-json.js
926 silly gunzTarPerm extractEntry lib/commands/init.js
927 silly gunzTarPerm extractEntry node_modules/promzard/example/npm-init/init.js
928 silly gunzTarPerm extractEntry lib/commands/install-ci-test.js
929 silly gunzTarPerm extractEntry lib/commands/install-test.js
930 silly gunzTarPerm extractEntry lib/commands/install.js
931 silly gunzTarPerm extractEntry node_modules/node-gyp/lib/install.js
932 silly gunzTarPerm extractEntry node_modules/npm-audit-report/lib/reporters/install.js
933 silly gunzTarPerm extractEntry lib/utils/completion/installed-deep.js
934 silly gunzTarPerm extractEntry lib/utils/completion/installed-shallow.js
935 silly gunzTarPerm extractEntry node_modules/iconv-lite/encodings/internal.js
936 silly gunzTarPerm extractEntry node_modules/semver/ranges/intersects.js
937 silly gunzTarPerm extractEntry node_modules/@npmcli/arborist/lib/inventory.js
938 silly gunzTarPerm extractEntry node_modules/ip/lib/ip.js
939 silly gunzTarPerm extractEntry node_modules/@npmcli/git/lib/is-clean.js
940 silly gunzTarPerm extractEntry node_modules/pacote/lib/util/is-package-bin.js
941 silly gunzTarPerm extractEntry node_modules/@npmcli/run-script/lib/is-server-package.js
942 silly gunzTarPerm extractEntry lib/utils/is-windows.js
943 silly gunzTarPerm extractEntry node_modules/@npmcli/run-script/lib/is-windows.js
944 silly gunzTarPerm extractEntry node_modules/bin-links/lib/is-windows.js
945 silly gunzTarPerm extractEntry node_modules/libnpmexec/lib/is-windows.js
946 silly gunzTarPerm extractEntry node_modules/@npmcli/git/lib/is.js
947 silly gunzTarPerm extractEntry node_modules/yallist/iterator.js
948 silly gunzTarPerm extractEntry node_modules/diff/lib/diff/json.js
949 silly gunzTarPerm extractEntry node_modules/npm-audit-report/lib/reporters/json.js
950 silly gunzTarPerm extractEntry node_modules/jsonparse/jsonparse.js
951 silly gunzTarPerm extractEntry node_modules/make-fetch-happen/lib/cache/key.js
952 silly gunzTarPerm extractEntry node_modules/negotiator/lib/language.js
953 silly gunzTarPerm extractEntry node_modules/tar/lib/large-numbers.js
954 silly gunzTarPerm extractEntry node_modules/cli-table3/src/layout-manager.js
955 silly gunzTarPerm extractEntry node_modules/graceful-fs/legacy-streams.js
956 silly gunzTarPerm extractEntry lib/auth/legacy.js
957 silly gunzTarPerm extractEntry node_modules/@npmcli/arborist/bin/license.js
958 silly gunzTarPerm extractEntry lib/lifecycle-cmd.js
959 silly gunzTarPerm extractEntry node_modules/diff/lib/diff/line.js
960 silly gunzTarPerm extractEntry node_modules/@npmcli/git/lib/lines-to-revs.js
961 silly gunzTarPerm extractEntry node_modules/bin-links/lib/link-bin.js
962 silly gunzTarPerm extractEntry node_modules/bin-links/lib/link-bins.js
963 silly gunzTarPerm extractEntry node_modules/bin-links/lib/link-gently.js
964 silly gunzTarPerm extractEntry node_modules/bin-links/lib/link-mans.js
965 silly gunzTarPerm extractEntry lib/commands/link.js
966 silly gunzTarPerm extractEntry node_modules/@npmcli/arborist/lib/link.js
967 silly gunzTarPerm extractEntry node_modules/node-gyp/lib/list.js
968 silly gunzTarPerm extractEntry node_modules/tar/lib/list.js
969 silly gunzTarPerm extractEntry lib/commands/ll.js
970 silly gunzTarPerm extractEntry node_modules/@npmcli/arborist/lib/arborist/load-actual.js
971 silly gunzTarPerm extractEntry node_modules/@npmcli/arborist/lib/arborist/load-virtual.js
972 silly gunzTarPerm extractEntry node_modules/@npmcli/arborist/lib/arborist/load-workspaces.js
973 silly gunzTarPerm extractEntry lib/utils/log-file.js
974 silly gunzTarPerm extractEntry lib/utils/log-shim.js
975 silly gunzTarPerm extractEntry node_modules/npmlog/lib/log.js
976 silly gunzTarPerm extractEntry node_modules/@npmcli/arborist/bin/lib/logging.js
977 silly gunzTarPerm extractEntry lib/commands/logout.js
978 silly gunzTarPerm extractEntry lib/commands/ls.js
979 silly gunzTarPerm extractEntry node_modules/semver/functions/lt.js
980 silly gunzTarPerm extractEntry node_modules/semver/functions/lte.js
981 silly gunzTarPerm extractEntry node_modules/semver/ranges/ltr.js
982 silly gunzTarPerm extractEntry node_modules/qrcode-terminal/lib/main.js
983 silly gunzTarPerm extractEntry node_modules/qrcode-terminal/test/main.js
984 silly gunzTarPerm extractEntry node_modules/semver/functions/major.js
985 silly gunzTarPerm extractEntry node_modules/normalize-package-data/lib/make_warning.js
986 silly gunzTarPerm extractEntry node_modules/@npmcli/git/lib/make-error.js
987 silly gunzTarPerm extractEntry node_modules/@npmcli/run-script/lib/make-spawn-args.js
988 silly gunzTarPerm extractEntry node_modules/bin-links/lib/man-target.js
989 silly gunzTarPerm extractEntry node_modules/concat-map/example/map.js
990 silly gunzTarPerm extractEntry node_modules/concat-map/test/map.js
991 silly gunzTarPerm extractEntry node_modules/semver/ranges/max-satisfying.js
992 silly gunzTarPerm extractEntry node_modules/negotiator/lib/mediaType.js
993 silly gunzTarPerm extractEntry node_modules/cacache/lib/memoization.js
994 silly gunzTarPerm extractEntry node_modules/diff/lib/patch/merge.js
995 silly gunzTarPerm extractEntry node_modules/semver/ranges/min-satisfying.js
996 silly gunzTarPerm extractEntry node_modules/semver/ranges/min-version.js
997 silly gunzTarPerm extractEntry node_modules/minimatch/minimatch.js
998 silly gunzTarPerm extractEntry node_modules/node-gyp/node_modules/minimatch/minimatch.js
999 silly gunzTarPerm extractEntry node_modules/rimraf/node_modules/minimatch/minimatch.js
1000 silly gunzTarPerm extractEntry node_modules/semver/functions/minor.js
1001 silly gunzTarPerm extractEntry node_modules/@npmcli/fs/lib/mkdir.js
1002 silly gunzTarPerm extractEntry node_modules/tar/lib/mkdir.js
1003 silly gunzTarPerm extractEntry node_modules/mkdirp/lib/mkdirp-manual.js
1004 silly gunzTarPerm extractEntry node_modules/mkdirp/lib/mkdirp-native.js
1005 silly gunzTarPerm extractEntry node_modules/@npmcli/fs/lib/mkdtemp.js
1006 silly gunzTarPerm extractEntry node_modules/tar/lib/mode-fix.js
1007 silly gunzTarPerm extractEntry node_modules/isexe/mode.js
1008 silly gunzTarPerm extractEntry node_modules/cacache/lib/util/move-file.js
1009 silly gunzTarPerm extractEntry node_modules/archy/examples/multi_line.js
1010 silly gunzTarPerm extractEntry node_modules/archy/test/multi_line.js
1011 silly gunzTarPerm extractEntry node_modules/mute-stream/mute.js
1012 silly gunzTarPerm extractEntry node_modules/postcss-selector-parser/dist/selectors/namespace.js
1013 silly gunzTarPerm extractEntry node_modules/semver/functions/neq.js
1014 silly gunzTarPerm extractEntry node_modules/@npmcli/config/lib/nerf-dart.js
1015 silly gunzTarPerm extractEntry node_modules/postcss-selector-parser/dist/selectors/nesting.js
1016 silly gunzTarPerm extractEntry node_modules/libnpmexec/lib/no-tty.js
1017 silly gunzTarPerm extractEntry node_modules/npm-normalize-package-bin/test/nobin.js
1018 silly gunzTarPerm extractEntry node_modules/node-gyp/bin/node-gyp.js
1019 silly gunzTarPerm extractEntry node_modules/node-gyp/lib/node-gyp.js
1020 silly gunzTarPerm extractEntry node_modules/@npmcli/arborist/lib/node.js
1021 silly gunzTarPerm extractEntry node_modules/@npmcli/fs/lib/common/node.js
1022 silly gunzTarPerm extractEntry node_modules/debug/src/node.js
1023 silly gunzTarPerm extractEntry node_modules/postcss-selector-parser/dist/selectors/node.js
1024 silly gunzTarPerm extractEntry node_modules/util-deprecate/node.js
1025 silly gunzTarPerm extractEntry node_modules/archy/test/non_unicode.js
1026 silly gunzTarPerm extractEntry node_modules/node-gyp/node_modules/nopt/bin/nopt.js
1027 silly gunzTarPerm extractEntry node_modules/node-gyp/node_modules/nopt/lib/nopt.js
1028 silly gunzTarPerm extractEntry node_modules/nopt/bin/nopt.js
1029 silly gunzTarPerm extractEntry node_modules/nopt/lib/nopt.js
1030 silly gunzTarPerm extractEntry node_modules/@colors/colors/examples/normal-usage.js
1031 silly gunzTarPerm extractEntry node_modules/tar/lib/normalize-unicode.js
1032 silly gunzTarPerm extractEntry node_modules/tar/lib/normalize-windows-path.js
1033 silly gunzTarPerm extractEntry node_modules/normalize-package-data/lib/normalize.js
1034 silly gunzTarPerm extractEntry node_modules/npm-package-arg/lib/npa.js
1035 silly gunzTarPerm extractEntry bin/npm-cli.js
1036 silly gunzTarPerm extractEntry lib/utils/npm-usage.js
1037 silly gunzTarPerm extractEntry node_modules/npm-user-validate/npm-user-validate.js
1038 silly gunzTarPerm extractEntry lib/npm.js
1039 silly gunzTarPerm extractEntry node_modules/pacote/lib/util/npm.js
1040 silly gunzTarPerm extractEntry bin/npx-cli.js
1041 silly gunzTarPerm extractEntry lib/auth/oauth.js
1042 silly gunzTarPerm extractEntry node_modules/npm-normalize-package-bin/test/object.js
1043 silly gunzTarPerm extractEntry node_modules/jsonparse/test/offset.js
1044 silly gunzTarPerm extractEntry node_modules/fs.realpath/old.js
1045 silly gunzTarPerm extractEntry node_modules/once/once.js
1046 silly gunzTarPerm extractEntry lib/utils/open-url-prompt.js
1047 silly gunzTarPerm extractEntry lib/utils/open-url.js
1048 silly gunzTarPerm extractEntry node_modules/opener/bin/opener-bin.js
1049 silly gunzTarPerm extractEntry node_modules/opener/lib/opener.js
1050 silly gunzTarPerm extractEntry node_modules/@npmcli/arborist/lib/optional-set.js
1051 silly gunzTarPerm extractEntry node_modules/@npmcli/arborist/bin/lib/options.js
1052 silly gunzTarPerm extractEntry node_modules/make-fetch-happen/lib/options.js
1053 silly gunzTarPerm extractEntry node_modules/mkdirp/lib/opts-arg.js
1054 silly gunzTarPerm extractEntry node_modules/@npmcli/git/lib/opts.js
1055 silly gunzTarPerm extractEntry lib/commands/org.js
1056 silly gunzTarPerm extractEntry lib/utils/otplease.js
1057 silly gunzTarPerm extractEntry lib/commands/outdated.js
1058 silly gunzTarPerm extractEntry node_modules/semver/ranges/outside.js
1059 silly gunzTarPerm extractEntry node_modules/@tootallnate/once/dist/overloaded-parameters.js
1060 silly gunzTarPerm extractEntry node_modules/@npmcli/arborist/lib/override-resolves.js
1061 silly gunzTarPerm extractEntry node_modules/@npmcli/arborist/lib/override-set.js
1062 silly gunzTarPerm extractEntry node_modules/@npmcli/fs/lib/common/owner-sync.js
1063 silly gunzTarPerm extractEntry lib/commands/owner.js
1064 silly gunzTarPerm extractEntry node_modules/@npmcli/fs/lib/common/owner.js
1065 silly gunzTarPerm extractEntry lib/commands/pack.js
1066 silly gunzTarPerm extractEntry node_modules/tar/lib/pack.js
1067 silly gunzTarPerm extractEntry node_modules/@npmcli/run-script/lib/package-envs.js
1068 silly gunzTarPerm extractEntry lib/package-url-cmd.js
1069 silly gunzTarPerm extractEntry node_modules/diff/lib/util/params.js
1070 silly gunzTarPerm extractEntry node_modules/@npmcli/config/lib/parse-field.js
1071 silly gunzTarPerm extractEntry node_modules/semver/internal/parse-options.js
1072 silly gunzTarPerm extractEntry node_modules/https-proxy-agent/dist/parse-proxy-response.js
1073 silly gunzTarPerm extractEntry node_modules/hosted-git-info/lib/parse-url.js
1074 silly gunzTarPerm extractEntry node_modules/diff/lib/patch/parse.js
1075 silly gunzTarPerm extractEntry node_modules/semver/functions/parse.js
1076 silly gunzTarPerm extractEntry node_modules/spdx-expression-parse/parse.js
1077 silly gunzTarPerm extractEntry node_modules/tar/lib/parse.js
1078 silly gunzTarPerm extractEntry node_modules/postcss-selector-parser/dist/parser.js
1079 silly gunzTarPerm extractEntry node_modules/semver/functions/patch.js
1080 silly gunzTarPerm extractEntry node_modules/mkdirp/lib/path-arg.js
1081 silly gunzTarPerm extractEntry node_modules/tar/lib/path-reservations.js
1082 silly gunzTarPerm extractEntry node_modules/cacache/lib/content/path.js
1083 silly gunzTarPerm extractEntry node_modules/minimatch/lib/path.js
1084 silly gunzTarPerm extractEntry node_modules/tar/lib/pax.js
1085 silly gunzTarPerm extractEntry node_modules/@npmcli/arborist/lib/peer-entry-sets.js
1086 silly gunzTarPerm extractEntry lib/commands/ping.js
1087 silly gunzTarPerm extractEntry lib/utils/ping.js
1088 silly gunzTarPerm extractEntry node_modules/make-fetch-happen/lib/pipeline.js
1089 silly gunzTarPerm extractEntry node_modules/readable-stream/lib/internal/streams/pipeline.js
1090 silly gunzTarPerm extractEntry lib/commands/pkg.js
1091 silly gunzTarPerm extractEntry node_modules/@npmcli/arborist/lib/place-dep.js
1092 silly gunzTarPerm extractEntry node_modules/gauge/lib/plumbing.js
1093 silly gunzTarPerm extractEntry node_modules/make-fetch-happen/lib/cache/policy.js
1094 silly gunzTarPerm extractEntry node_modules/@npmcli/fs/lib/cp/polyfill.js
1095 silly gunzTarPerm extractEntry node_modules/@npmcli/fs/lib/rm/polyfill.js
1096 silly gunzTarPerm extractEntry node_modules/graceful-fs/polyfills.js
1097 silly gunzTarPerm extractEntry lib/commands/prefix.js
1098 silly gunzTarPerm extractEntry node_modules/semver/preload.js
1099 silly gunzTarPerm extractEntry node_modules/semver/functions/prerelease.js
1100 silly gunzTarPerm extractEntry node_modules/jsonparse/test/primitives.js
1101 silly gunzTarPerm extractEntry node_modules/@npmcli/arborist/bin/lib/print-tree.js
1102 silly gunzTarPerm extractEntry node_modules/@npmcli/arborist/lib/printable.js
1103 silly gunzTarPerm extractEntry node_modules/node-gyp/test/process-exec-sync.js
1104 silly gunzTarPerm extractEntry node_modules/node-gyp/lib/process-release.js
1105 silly gunzTarPerm extractEntry node_modules/gauge/lib/process.js
1106 silly gunzTarPerm extractEntry node_modules/postcss-selector-parser/dist/processor.js
1107 silly gunzTarPerm extractEntry lib/commands/profile.js
1108 silly gunzTarPerm extractEntry node_modules/gauge/lib/progress-bar.js
1109 silly gunzTarPerm extractEntry node_modules/agent-base/dist/src/promisify.js
1110 silly gunzTarPerm extractEntry node_modules/promzard/promzard.js
1111 silly gunzTarPerm extractEntry lib/commands/prune.js
1112 silly gunzTarPerm extractEntry node_modules/@npmcli/arborist/bin/prune.js
1113 silly gunzTarPerm extractEntry node_modules/@npmcli/arborist/lib/arborist/pruner.js
1114 silly gunzTarPerm extractEntry node_modules/postcss-selector-parser/dist/selectors/pseudo.js
1115 silly gunzTarPerm extractEntry lib/commands/publish.js
1116 silly gunzTarPerm extractEntry node_modules/libnpmpublish/lib/publish.js
1117 silly gunzTarPerm extractEntry lib/utils/pulse-till-done.js
1118 silly gunzTarPerm extractEntry node_modules/cacache/lib/put.js
1119 silly gunzTarPerm extractEntry node_modules/qrcode-terminal/vendor/QRCode/QR8bitByte.js
1120 silly gunzTarPerm extractEntry node_modules/qrcode-terminal/vendor/QRCode/QRBitBuffer.js
1121 silly gunzTarPerm extractEntry node_modules/qrcode-terminal/bin/qrcode-terminal.js
1122 silly gunzTarPerm extractEntry node_modules/qrcode-terminal/vendor/QRCode/QRErrorCorrectLevel.js
1123 silly gunzTarPerm extractEntry node_modules/qrcode-terminal/vendor/QRCode/QRMaskPattern.js
1124 silly gunzTarPerm extractEntry node_modules/qrcode-terminal/vendor/QRCode/QRMath.js
1125 silly gunzTarPerm extractEntry node_modules/qrcode-terminal/vendor/QRCode/QRMode.js
1126 silly gunzTarPerm extractEntry node_modules/qrcode-terminal/vendor/QRCode/QRPolynomial.js
1127 silly gunzTarPerm extractEntry node_modules/qrcode-terminal/vendor/QRCode/QRRSBlock.js
1128 silly gunzTarPerm extractEntry node_modules/qrcode-terminal/vendor/QRCode/QRUtil.js
1129 silly gunzTarPerm extractEntry node_modules/@npmcli/arborist/lib/query-selector-all.js
1130 silly gunzTarPerm extractEntry lib/commands/query.js
1131 silly gunzTarPerm extractEntry lib/utils/queryable.js
1132 silly gunzTarPerm extractEntry node_modules/npm-audit-report/lib/reporters/quiet.js
1133 silly gunzTarPerm extractEntry node_modules/@colors/colors/lib/maps/rainbow.js
1134 silly gunzTarPerm extractEntry node_modules/@colors/colors/lib/maps/random.js
1135 silly gunzTarPerm extractEntry node_modules/semver/classes/range.js
1136 silly gunzTarPerm extractEntry node_modules/asap/raw.js
1137 silly gunzTarPerm extractEntry node_modules/semver/functions/rcompare.js
1138 silly gunzTarPerm extractEntry node_modules/semver/internal/re.js
1139 silly gunzTarPerm extractEntry node_modules/tar/lib/read-entry.js
1140 silly gunzTarPerm extractEntry node_modules/libnpmversion/lib/read-json.js
1141 silly gunzTarPerm extractEntry node_modules/read-package-json/lib/read-json.js
1142 silly gunzTarPerm extractEntry lib/utils/read-user-info.js
1143 silly gunzTarPerm extractEntry node_modules/cacache/lib/content/read.js
1144 silly gunzTarPerm extractEntry node_modules/read/lib/read.js
1145 silly gunzTarPerm extractEntry node_modules/readable-stream/readable-browser.js
1146 silly gunzTarPerm extractEntry node_modules/readable-stream/readable.js
1147 silly gunzTarPerm extractEntry node_modules/readdir-scoped-modules/readdir.js
1148 silly gunzTarPerm extractEntry node_modules/@npmcli/arborist/lib/realpath.js
1149 silly gunzTarPerm extractEntry lib/commands/rebuild.js
1150 silly gunzTarPerm extractEntry node_modules/@npmcli/arborist/lib/arborist/rebuild.js
1151 silly gunzTarPerm extractEntry node_modules/node-gyp/lib/rebuild.js
1152 silly gunzTarPerm extractEntry node_modules/socks/build/common/receivebuffer.js
1153 silly gunzTarPerm extractEntry node_modules/pacote/lib/registry.js
1154 silly gunzTarPerm extractEntry lib/utils/reify-finish.js
1155 silly gunzTarPerm extractEntry lib/utils/reify-output.js
1156 silly gunzTarPerm extractEntry node_modules/@npmcli/arborist/bin/reify.js
1157 silly gunzTarPerm extractEntry node_modules/@npmcli/arborist/lib/arborist/reify.js
1158 silly gunzTarPerm extractEntry node_modules/@npmcli/arborist/lib/relpath.js
1159 silly gunzTarPerm extractEntry node_modules/make-fetch-happen/lib/remote.js
1160 silly gunzTarPerm extractEntry node_modules/pacote/lib/remote.js
1161 silly gunzTarPerm extractEntry node_modules/node-gyp/lib/remove.js
1162 silly gunzTarPerm extractEntry node_modules/gauge/lib/render-template.js
1163 silly gunzTarPerm extractEntry lib/utils/replace-info.js
1164 silly gunzTarPerm extractEntry node_modules/tar/lib/replace.js
1165 silly gunzTarPerm extractEntry lib/commands/repo.js
1166 silly gunzTarPerm extractEntry node_modules/minipass-fetch/lib/request.js
1167 silly gunzTarPerm extractEntry node_modules/@npmcli/arborist/lib/reset-dep-flags.js
1168 silly gunzTarPerm extractEntry node_modules/minipass-fetch/lib/response.js
1169 silly gunzTarPerm extractEntry lib/commands/restart.js
1170 silly gunzTarPerm extractEntry node_modules/@npmcli/arborist/lib/retire-path.js
1171 silly gunzTarPerm extractEntry node_modules/libnpmversion/lib/retrieve-tag.js
1172 silly gunzTarPerm extractEntry node_modules/retry/lib/retry_operation.js
1173 silly gunzTarPerm extractEntry node_modules/retry/lib/retry.js
1174 silly gunzTarPerm extractEntry node_modules/@npmcli/git/lib/revs.js
1175 silly gunzTarPerm extractEntry node_modules/rimraf/rimraf.js
1176 silly gunzTarPerm extractEntry node_modules/cacache/lib/content/rm.js
1177 silly gunzTarPerm extractEntry node_modules/cacache/lib/rm.js
1178 silly gunzTarPerm extractEntry node_modules/just-diff-apply/rollup.config.js
1179 silly gunzTarPerm extractEntry node_modules/just-diff/rollup.config.js
1180 silly gunzTarPerm extractEntry lib/commands/root.js
1181 silly gunzTarPerm extractEntry node_modules/postcss-selector-parser/dist/selectors/root.js
1182 silly gunzTarPerm extractEntry node_modules/color-convert/route.js
1183 silly gunzTarPerm extractEntry node_modules/semver/functions/rsort.js
1184 silly gunzTarPerm extractEntry node_modules/@npmcli/run-script/lib/run-script-pkg.js
1185 silly gunzTarPerm extractEntry lib/commands/run-script.js
1186 silly gunzTarPerm extractEntry node_modules/@npmcli/run-script/lib/run-script.js
1187 silly gunzTarPerm extractEntry node_modules/libnpmexec/lib/run-script.js
1188 silly gunzTarPerm extractEntry node_modules/diff/runtime.js
1189 silly gunzTarPerm extractEntry node_modules/normalize-package-data/lib/safe_format.js
1190 silly gunzTarPerm extractEntry node_modules/@colors/colors/examples/safe-string.js
1191 silly gunzTarPerm extractEntry node_modules/@colors/colors/safe.js
1192 silly gunzTarPerm extractEntry node_modules/safer-buffer/safer.js
1193 silly gunzTarPerm extractEntry lib/auth/saml.js
1194 silly gunzTarPerm extractEntry node_modules/semver/functions/satisfies.js
1195 silly gunzTarPerm extractEntry node_modules/iconv-lite/encodings/sbcs-codec.js
1196 silly gunzTarPerm extractEntry node_modules/iconv-lite/encodings/sbcs-data-generated.js
1197 silly gunzTarPerm extractEntry node_modules/iconv-lite/encodings/sbcs-data.js
1198 silly gunzTarPerm extractEntry node_modules/spdx-expression-parse/scan.js
1199 silly gunzTarPerm extractEntry lib/commands/search.js
1200 silly gunzTarPerm extractEntry node_modules/postcss-selector-parser/dist/selectors/selector.js
1201 silly gunzTarPerm extractEntry node_modules/semver/bin/semver.js
1202 silly gunzTarPerm extractEntry node_modules/semver/classes/semver.js
1203 silly gunzTarPerm extractEntry node_modules/diff/lib/diff/sentence.js
1204 silly gunzTarPerm extractEntry node_modules/@npmcli/config/lib/set-envs.js
1205 silly gunzTarPerm extractEntry node_modules/gauge/lib/set-immediate.js
1206 silly gunzTarPerm extractEntry node_modules/gauge/lib/set-interval.js
1207 silly gunzTarPerm extractEntry node_modules/@npmcli/run-script/lib/set-path.js
1208 silly gunzTarPerm extractEntry lib/commands/set-script.js
1209 silly gunzTarPerm extractEntry lib/commands/set.js
1210 silly gunzTarPerm extractEntry node_modules/bin-links/lib/shim-bin.js
1211 silly gunzTarPerm extractEntry node_modules/libnpmdiff/lib/should-print-patch.js
1212 silly gunzTarPerm extractEntry lib/commands/shrinkwrap.js
1213 silly gunzTarPerm extractEntry node_modules/@npmcli/arborist/bin/shrinkwrap.js
1214 silly gunzTarPerm extractEntry node_modules/@npmcli/arborist/lib/shrinkwrap.js
1215 silly gunzTarPerm extractEntry node_modules/@npmcli/arborist/lib/signal-handling.js
1216 silly gunzTarPerm extractEntry node_modules/@npmcli/run-script/lib/signal-manager.js
1217 silly gunzTarPerm extractEntry node_modules/@npmcli/arborist/lib/signals.js
1218 silly gunzTarPerm extractEntry node_modules/signal-exit/signals.js
1219 silly gunzTarPerm extractEntry node_modules/node-gyp/test/simple-proxy.js
1220 silly gunzTarPerm extractEntry node_modules/promzard/test/simple.js
1221 silly gunzTarPerm extractEntry node_modules/semver/ranges/simplify.js
1222 silly gunzTarPerm extractEntry node_modules/qrcode-terminal/example/small-qrcode.js
1223 silly gunzTarPerm extractEntry node_modules/smart-buffer/build/smartbuffer.js
1224 silly gunzTarPerm extractEntry node_modules/socks/build/client/socksclient.js
1225 silly gunzTarPerm extractEntry node_modules/semver/functions/sort.js
1226 silly gunzTarPerm extractEntry node_modules/postcss-selector-parser/dist/sortAscending.js
1227 silly gunzTarPerm extractEntry node_modules/@npmcli/git/lib/spawn.js
1228 silly gunzTarPerm extractEntry node_modules/@npmcli/arborist/lib/spec-from-lock.js
1229 silly gunzTarPerm extractEntry node_modules/gauge/lib/spin.js
1230 silly gunzTarPerm extractEntry lib/auth/sso.js
1231 silly gunzTarPerm extractEntry lib/commands/star.js
1232 silly gunzTarPerm extractEntry lib/commands/stars.js
1233 silly gunzTarPerm extractEntry lib/commands/start.js
1234 silly gunzTarPerm extractEntry node_modules/readable-stream/lib/internal/streams/state.js
1235 silly gunzTarPerm extractEntry lib/commands/stop.js
1236 silly gunzTarPerm extractEntry node_modules/retry/example/stop.js
1237 silly gunzTarPerm extractEntry node_modules/readable-stream/lib/internal/streams/stream-browser.js
1238 silly gunzTarPerm extractEntry node_modules/readable-stream/lib/internal/streams/stream.js
1239 silly gunzTarPerm extractEntry node_modules/iconv-lite/lib/streams.js
1240 silly gunzTarPerm extractEntry node_modules/string_decoder/lib/string_decoder.js
1241 silly gunzTarPerm extractEntry node_modules/npm-normalize-package-bin/test/string.js
1242 silly gunzTarPerm extractEntry node_modules/postcss-selector-parser/dist/selectors/string.js
1243 silly gunzTarPerm extractEntry node_modules/tar/lib/strip-absolute-path.js
1244 silly gunzTarPerm extractEntry node_modules/tar/lib/strip-trailing-slashes.js
1245 silly gunzTarPerm extractEntry node_modules/postcss-selector-parser/dist/util/stripComments.js
1246 silly gunzTarPerm extractEntry node_modules/@colors/colors/lib/styles.js
1247 silly gunzTarPerm extractEntry node_modules/semver/ranges/subset.js
1248 silly gunzTarPerm extractEntry node_modules/promzard/example/substack-input.js
1249 silly gunzTarPerm extractEntry node_modules/@colors/colors/lib/system/supports-colors.js
1250 silly gunzTarPerm extractEntry node_modules/jsonparse/test/surrogate.js
1251 silly gunzTarPerm extractEntry node_modules/glob/sync.js
1252 silly gunzTarPerm extractEntry node_modules/node-gyp/node_modules/glob/sync.js
1253 silly gunzTarPerm extractEntry node_modules/rimraf/node_modules/glob/sync.js
1254 silly gunzTarPerm extractEntry node_modules/cli-table3/src/table.js
1255 silly gunzTarPerm extractEntry node_modules/text-table/example/table.js
1256 silly gunzTarPerm extractEntry node_modules/text-table/test/table.js
1257 silly gunzTarPerm extractEntry node_modules/libnpmversion/lib/tag.js
1258 silly gunzTarPerm extractEntry node_modules/postcss-selector-parser/dist/selectors/tag.js
1259 silly gunzTarPerm extractEntry node_modules/pacote/lib/util/tar-create-options.js
1260 silly gunzTarPerm extractEntry lib/utils/tar.js
1261 silly gunzTarPerm extractEntry node_modules/libnpmdiff/lib/tarball.js
1262 silly gunzTarPerm extractEntry lib/commands/team.js
1263 silly gunzTarPerm extractEntry node_modules/gauge/lib/template-item.js
1264 silly gunzTarPerm extractEntry node_modules/chalk/source/templates.js
1265 silly gunzTarPerm extractEntry node_modules/node-gyp/test/test-addon.js
1266 silly gunzTarPerm extractEntry node_modules/node-gyp/test/test-configure-python.js
1267 silly gunzTarPerm extractEntry node_modules/node-gyp/test/test-create-config-gypi.js
1268 silly gunzTarPerm extractEntry node_modules/node-gyp/test/test-download.js
1269 silly gunzTarPerm extractEntry node_modules/node-gyp/test/test-find-accessible-sync.js
1270 silly gunzTarPerm extractEntry node_modules/node-gyp/test/test-find-node-directory.js
1271 silly gunzTarPerm extractEntry node_modules/node-gyp/test/test-find-python.js
1272 silly gunzTarPerm extractEntry node_modules/node-gyp/test/test-find-visualstudio.js
1273 silly gunzTarPerm extractEntry node_modules/retry/test/integration/test-forever.js
1274 silly gunzTarPerm extractEntry node_modules/node-gyp/test/test-install.js
1275 silly gunzTarPerm extractEntry node_modules/node-gyp/test/test-options.js
1276 silly gunzTarPerm extractEntry node_modules/node-gyp/test/test-process-release.js
1277 silly gunzTarPerm extractEntry node_modules/retry/test/integration/test-retry-operation.js
1278 silly gunzTarPerm extractEntry node_modules/retry/test/integration/test-retry-wrap.js
1279 silly gunzTarPerm extractEntry node_modules/retry/test/integration/test-timeouts.js
1280 silly gunzTarPerm extractEntry lib/commands/test.js
1281 silly gunzTarPerm extractEntry node_modules/cli-columns/test.js
1282 silly gunzTarPerm extractEntry node_modules/defaults/test.js
1283 silly gunzTarPerm extractEntry node_modules/encoding/test/test.js
1284 silly gunzTarPerm extractEntry node_modules/err-code/test/test.js
1285 silly gunzTarPerm extractEntry node_modules/fastest-levenshtein/test.js
1286 silly gunzTarPerm extractEntry node_modules/is-lambda/test.js
1287 silly gunzTarPerm extractEntry node_modules/promise-retry/test/test.js
1288 silly gunzTarPerm extractEntry node_modules/safer-buffer/tests.js
1289 silly gunzTarPerm extractEntry node_modules/emoji-regex/es2015/text.js
1290 silly gunzTarPerm extractEntry node_modules/emoji-regex/text.js
1291 silly gunzTarPerm extractEntry node_modules/gauge/lib/theme-set.js
1292 silly gunzTarPerm extractEntry node_modules/gauge/lib/themes.js
1293 silly gunzTarPerm extractEntry lib/utils/timers.js
1294 silly gunzTarPerm extractEntry node_modules/@npmcli/arborist/bin/lib/timers.js
1295 silly gunzTarPerm extractEntry node_modules/cacache/lib/util/tmp.js
1296 silly gunzTarPerm extractEntry node_modules/cmd-shim/lib/to-batch-syntax.js
1297 silly gunzTarPerm extractEntry node_modules/semver/ranges/to-comparators.js
1298 silly gunzTarPerm extractEntry lib/commands/token.js
1299 silly gunzTarPerm extractEntry node_modules/postcss-selector-parser/dist/tokenize.js
1300 silly gunzTarPerm extractEntry node_modules/postcss-selector-parser/dist/tokenTypes.js
1301 silly gunzTarPerm extractEntry node_modules/are-we-there-yet/lib/tracker-base.js
1302 silly gunzTarPerm extractEntry node_modules/are-we-there-yet/lib/tracker-group.js
1303 silly gunzTarPerm extractEntry node_modules/are-we-there-yet/lib/tracker-stream.js
1304 silly gunzTarPerm extractEntry node_modules/@npmcli/arborist/lib/tracker.js
1305 silly gunzTarPerm extractEntry node_modules/are-we-there-yet/lib/tracker.js
1306 silly gunzTarPerm extractEntry node_modules/pacote/lib/util/trailing-slashes.js
1307 silly gunzTarPerm extractEntry node_modules/@colors/colors/lib/custom/trap.js
1308 silly gunzTarPerm extractEntry node_modules/@npmcli/arborist/lib/tree-check.js
1309 silly gunzTarPerm extractEntry node_modules/jsonparse/examples/twitterfeed.js
1310 silly gunzTarPerm extractEntry node_modules/@npmcli/config/lib/type-defs.js
1311 silly gunzTarPerm extractEntry node_modules/@npmcli/config/lib/type-description.js
1312 silly gunzTarPerm extractEntry node_modules/@tootallnate/once/dist/types.js
1313 silly gunzTarPerm extractEntry node_modules/postcss-selector-parser/dist/selectors/types.js
1314 silly gunzTarPerm extractEntry node_modules/tar/lib/types.js
1315 silly gunzTarPerm extractEntry node_modules/@npmcli/config/lib/umask.js
1316 silly gunzTarPerm extractEntry node_modules/postcss-selector-parser/dist/util/unesc.js
1317 silly gunzTarPerm extractEntry lib/commands/uninstall.js
1318 silly gunzTarPerm extractEntry node_modules/postcss-selector-parser/dist/selectors/universal.js
1319 silly gunzTarPerm extractEntry node_modules/tar/lib/unpack.js
1320 silly gunzTarPerm extractEntry lib/commands/unpublish.js
1321 silly gunzTarPerm extractEntry node_modules/libnpmpublish/lib/unpublish.js
1322 silly gunzTarPerm extractEntry lib/commands/unstar.js
1323 silly gunzTarPerm extractEntry node_modules/libnpmdiff/lib/untar.js
1324 silly gunzTarPerm extractEntry node_modules/jsonparse/test/unvalid.js
1325 silly gunzTarPerm extractEntry node_modules/@npmcli/package-json/lib/update-dependencies.js
1326 silly gunzTarPerm extractEntry lib/utils/update-notifier.js
1327 silly gunzTarPerm extractEntry node_modules/@npmcli/package-json/lib/update-scripts.js
1328 silly gunzTarPerm extractEntry lib/workspaces/update-workspaces.js
1329 silly gunzTarPerm extractEntry node_modules/@npmcli/package-json/lib/update-workspaces.js
1330 silly gunzTarPerm extractEntry lib/commands/update.js
1331 silly gunzTarPerm extractEntry node_modules/tar/lib/update.js
1332 silly gunzTarPerm extractEntry node_modules/mkdirp/lib/use-native.js
1333 silly gunzTarPerm extractEntry node_modules/iconv-lite/encodings/utf16.js
1334 silly gunzTarPerm extractEntry node_modules/iconv-lite/encodings/utf32.js
1335 silly gunzTarPerm extractEntry node_modules/iconv-lite/encodings/utf7.js
1336 silly gunzTarPerm extractEntry node_modules/jsonparse/test/utf8.js
1337 silly gunzTarPerm extractEntry node_modules/chalk/source/util.js
1338 silly gunzTarPerm extractEntry node_modules/node-gyp/lib/util.js
1339 silly gunzTarPerm extractEntry node_modules/socks/build/common/util.js
1340 silly gunzTarPerm extractEntry node_modules/@npmcli/git/lib/utils.js
1341 silly gunzTarPerm extractEntry node_modules/cli-table3/src/utils.js
1342 silly gunzTarPerm extractEntry node_modules/columnify/utils.js
1343 silly gunzTarPerm extractEntry node_modules/smart-buffer/build/utils.js
1344 silly gunzTarPerm extractEntry node_modules/semver/functions/valid.js
1345 silly gunzTarPerm extractEntry node_modules/semver/ranges/valid.js
1346 silly gunzTarPerm extractEntry lib/utils/validate-lockfile.js
1347 silly gunzTarPerm extractEntry node_modules/@npmcli/run-script/lib/validate-options.js
1348 silly gunzTarPerm extractEntry node_modules/promzard/test/validate.js
1349 silly gunzTarPerm extractEntry node_modules/cacache/lib/verify.js
1350 silly gunzTarPerm extractEntry node_modules/@npmcli/arborist/lib/version-from-tgz.js
1351 silly gunzTarPerm extractEntry lib/commands/version.js
1352 silly gunzTarPerm extractEntry node_modules/libnpmversion/lib/version.js
1353 silly gunzTarPerm extractEntry lib/commands/view.js
1354 silly gunzTarPerm extractEntry node_modules/@npmcli/arborist/bin/virtual.js
1355 silly gunzTarPerm extractEntry node_modules/@npmcli/arborist/lib/vuln.js
1356 silly gunzTarPerm extractEntry node_modules/tar/lib/warn-mixin.js
1357 silly gunzTarPerm extractEntry lib/utils/web-auth.js
1358 silly gunzTarPerm extractEntry node_modules/@npmcli/git/lib/which.js
1359 silly gunzTarPerm extractEntry node_modules/which/which.js
1360 silly gunzTarPerm extractEntry lib/commands/whoami.js
1361 silly gunzTarPerm extractEntry node_modules/gauge/lib/wide-truncate.js
1362 silly gunzTarPerm extractEntry node_modules/columnify/width.js
1363 silly gunzTarPerm extractEntry node_modules/tar/lib/winchars.js
1364 silly gunzTarPerm extractEntry node_modules/isexe/windows.js
1365 silly gunzTarPerm extractEntry node_modules/@npmcli/fs/lib/with-owner-sync.js
1366 silly gunzTarPerm extractEntry node_modules/@npmcli/fs/lib/with-owner.js
1367 silly gunzTarPerm extractEntry node_modules/@npmcli/fs/lib/with-temp-dir.js
1368 silly gunzTarPerm extractEntry node_modules/diff/lib/diff/word.js
1369 silly gunzTarPerm extractEntry node_modules/wrappy/wrappy.js
1370 silly gunzTarPerm extractEntry node_modules/tar/lib/write-entry.js
1371 silly gunzTarPerm extractEntry node_modules/@npmcli/fs/lib/write-file.js
1372 silly gunzTarPerm extractEntry node_modules/libnpmversion/lib/write-json.js
1373 silly gunzTarPerm extractEntry node_modules/cacache/lib/content/write.js
1374 silly gunzTarPerm extractEntry node_modules/diff/lib/convert/xml.js
1375 silly gunzTarPerm extractEntry node_modules/yallist/yallist.js
1376 silly gunzTarPerm extractEntry node_modules/@npmcli/arborist/lib/yarn-lock.js
1377 silly gunzTarPerm extractEntry node_modules/@colors/colors/lib/custom/zalgo.js
1378 silly gunzTarPerm extractEntry node_modules/@colors/colors/lib/maps/zebra.js
1379 silly gunzTarPerm extractEntry node_modules/jsonparse/samplejson/basic.json
1380 silly gunzTarPerm extractEntry node_modules/jsonparse/samplejson/basic2.json
1381 silly gunzTarPerm extractEntry node_modules/iconv-lite/encodings/tables/big5-added.json
1382 silly gunzTarPerm extractEntry node_modules/binary-extensions/binary-extensions.json
1383 silly gunzTarPerm extractEntry node_modules/err-code/bower.json
1384 silly gunzTarPerm extractEntry node_modules/is-core-module/core.json
1385 silly gunzTarPerm extractEntry node_modules/iconv-lite/encodings/tables/cp936.json
1386 silly gunzTarPerm extractEntry node_modules/iconv-lite/encodings/tables/cp949.json
1387 silly gunzTarPerm extractEntry node_modules/iconv-lite/encodings/tables/cp950.json
1388 silly gunzTarPerm extractEntry node_modules/spdx-license-ids/deprecated.json
1389 silly gunzTarPerm extractEntry node_modules/iconv-lite/encodings/tables/eucjp.json
1390 silly gunzTarPerm extractEntry node_modules/iconv-lite/encodings/tables/gb18030-ranges.json
1391 silly gunzTarPerm extractEntry node_modules/iconv-lite/encodings/tables/gbk-added.json
1392 silly gunzTarPerm extractEntry node_modules/spdx-exceptions/index.json
1393 silly gunzTarPerm extractEntry node_modules/spdx-license-ids/index.json
1394 silly gunzTarPerm extractEntry node_modules/@colors/colors/package.json
1395 silly gunzTarPerm extractEntry node_modules/@gar/promisify/package.json
1396 silly gunzTarPerm extractEntry node_modules/@isaacs/string-locale-compare/package.json
1397 silly gunzTarPerm extractEntry node_modules/@npmcli/arborist/package.json
1398 silly gunzTarPerm extractEntry node_modules/@npmcli/ci-detect/package.json
1399 silly gunzTarPerm extractEntry node_modules/@npmcli/config/package.json
1400 silly gunzTarPerm extractEntry node_modules/@npmcli/disparity-colors/package.json
1401 silly gunzTarPerm extractEntry node_modules/@npmcli/fs/package.json
1402 silly gunzTarPerm extractEntry node_modules/@npmcli/git/package.json
1403 silly gunzTarPerm extractEntry node_modules/@npmcli/installed-package-contents/node_modules/npm-bundled/package.json
1404 silly gunzTarPerm extractEntry node_modules/@npmcli/installed-package-contents/package.json
1405 silly gunzTarPerm extractEntry node_modules/@npmcli/map-workspaces/package.json
1406 silly gunzTarPerm extractEntry node_modules/@npmcli/metavuln-calculator/package.json
1407 silly gunzTarPerm extractEntry node_modules/@npmcli/move-file/package.json
1408 silly gunzTarPerm extractEntry node_modules/@npmcli/name-from-folder/package.json
1409 silly gunzTarPerm extractEntry node_modules/@npmcli/node-gyp/package.json
1410 silly gunzTarPerm extractEntry node_modules/@npmcli/package-json/package.json
1411 silly gunzTarPerm extractEntry node_modules/@npmcli/promise-spawn/package.json
1412 silly gunzTarPerm extractEntry node_modules/@npmcli/query/package.json
1413 silly gunzTarPerm extractEntry node_modules/@npmcli/run-script/package.json
1414 silly gunzTarPerm extractEntry node_modules/@tootallnate/once/package.json
1415 silly gunzTarPerm extractEntry node_modules/abbrev/package.json
1416 silly gunzTarPerm extractEntry node_modules/agent-base/package.json
1417 silly gunzTarPerm extractEntry node_modules/agentkeepalive/package.json
1418 silly gunzTarPerm extractEntry node_modules/aggregate-error/package.json
1419 silly gunzTarPerm extractEntry node_modules/ansi-regex/package.json
1420 silly gunzTarPerm extractEntry node_modules/ansi-styles/package.json
1421 silly gunzTarPerm extractEntry node_modules/aproba/package.json
1422 silly gunzTarPerm extractEntry node_modules/archy/package.json
1423 silly gunzTarPerm extractEntry node_modules/are-we-there-yet/package.json
1424 silly gunzTarPerm extractEntry node_modules/asap/package.json
1425 silly gunzTarPerm extractEntry node_modules/balanced-match/package.json
1426 silly gunzTarPerm extractEntry node_modules/bin-links/node_modules/npm-normalize-package-bin/package.json
1427 silly gunzTarPerm extractEntry node_modules/bin-links/package.json
1428 silly gunzTarPerm extractEntry node_modules/binary-extensions/package.json
1429 silly gunzTarPerm extractEntry node_modules/brace-expansion/package.json
1430 silly gunzTarPerm extractEntry node_modules/builtins/package.json
1431 silly gunzTarPerm extractEntry node_modules/cacache/package.json
1432 silly gunzTarPerm extractEntry node_modules/chalk/package.json
1433 silly gunzTarPerm extractEntry node_modules/chownr/package.json
1434 silly gunzTarPerm extractEntry node_modules/cidr-regex/package.json
1435 silly gunzTarPerm extractEntry node_modules/clean-stack/package.json
1436 silly gunzTarPerm extractEntry node_modules/cli-columns/package.json
1437 silly gunzTarPerm extractEntry node_modules/cli-table3/package.json
1438 silly gunzTarPerm extractEntry node_modules/clone/package.json
1439 silly gunzTarPerm extractEntry node_modules/cmd-shim/package.json
1440 silly gunzTarPerm extractEntry node_modules/color-convert/package.json
1441 silly gunzTarPerm extractEntry node_modules/color-name/package.json
1442 silly gunzTarPerm extractEntry node_modules/color-support/package.json
1443 silly gunzTarPerm extractEntry node_modules/columnify/package.json
1444 silly gunzTarPerm extractEntry node_modules/common-ancestor-path/package.json
1445 silly gunzTarPerm extractEntry node_modules/concat-map/package.json
1446 silly gunzTarPerm extractEntry node_modules/console-control-strings/package.json
1447 silly gunzTarPerm extractEntry node_modules/cssesc/package.json
1448 silly gunzTarPerm extractEntry node_modules/debug/node_modules/ms/package.json
1449 silly gunzTarPerm extractEntry node_modules/debug/package.json
1450 silly gunzTarPerm extractEntry node_modules/debuglog/package.json
1451 silly gunzTarPerm extractEntry node_modules/defaults/package.json
1452 silly gunzTarPerm extractEntry node_modules/delegates/package.json
1453 silly gunzTarPerm extractEntry node_modules/depd/package.json
1454 silly gunzTarPerm extractEntry node_modules/dezalgo/package.json
1455 silly gunzTarPerm extractEntry node_modules/diff/package.json
1456 silly gunzTarPerm extractEntry node_modules/emoji-regex/package.json
1457 silly gunzTarPerm extractEntry node_modules/encoding/package.json
1458 silly gunzTarPerm extractEntry node_modules/env-paths/package.json
1459 silly gunzTarPerm extractEntry node_modules/err-code/package.json
1460 silly gunzTarPerm extractEntry node_modules/fastest-levenshtein/package.json
1461 silly gunzTarPerm extractEntry node_modules/fs-minipass/package.json
1462 silly gunzTarPerm extractEntry node_modules/fs.realpath/package.json
1463 silly gunzTarPerm extractEntry node_modules/function-bind/package.json
1464 silly gunzTarPerm extractEntry node_modules/gauge/package.json
1465 silly gunzTarPerm extractEntry node_modules/glob/package.json
1466 silly gunzTarPerm extractEntry node_modules/graceful-fs/package.json
1467 silly gunzTarPerm extractEntry node_modules/has-flag/package.json
1468 silly gunzTarPerm extractEntry node_modules/has-unicode/package.json
1469 silly gunzTarPerm extractEntry node_modules/has/package.json
1470 silly gunzTarPerm extractEntry node_modules/hosted-git-info/package.json
1471 silly gunzTarPerm extractEntry node_modules/http-cache-semantics/package.json
1472 silly gunzTarPerm extractEntry node_modules/http-proxy-agent/package.json
1473 silly gunzTarPerm extractEntry node_modules/https-proxy-agent/package.json
1474 silly gunzTarPerm extractEntry node_modules/humanize-ms/package.json
1475 silly gunzTarPerm extractEntry node_modules/iconv-lite/package.json
1476 silly gunzTarPerm extractEntry node_modules/ignore-walk/package.json
1477 silly gunzTarPerm extractEntry node_modules/imurmurhash/package.json
1478 silly gunzTarPerm extractEntry node_modules/indent-string/package.json
1479 silly gunzTarPerm extractEntry node_modules/infer-owner/package.json
1480 silly gunzTarPerm extractEntry node_modules/inflight/package.json
1481 silly gunzTarPerm extractEntry node_modules/inherits/package.json
1482 silly gunzTarPerm extractEntry node_modules/ini/package.json
1483 silly gunzTarPerm extractEntry node_modules/init-package-json/package.json
1484 silly gunzTarPerm extractEntry node_modules/ip-regex/package.json
1485 silly gunzTarPerm extractEntry node_modules/ip/package.json
1486 silly gunzTarPerm extractEntry node_modules/is-cidr/package.json
1487 silly gunzTarPerm extractEntry node_modules/is-core-module/package.json
1488 silly gunzTarPerm extractEntry node_modules/is-fullwidth-code-point/package.json
1489 silly gunzTarPerm extractEntry node_modules/is-lambda/package.json
1490 silly gunzTarPerm extractEntry node_modules/isexe/package.json
1491 silly gunzTarPerm extractEntry node_modules/json-parse-even-better-errors/package.json
1492 silly gunzTarPerm extractEntry node_modules/json-stringify-nice/package.json
1493 silly gunzTarPerm extractEntry node_modules/jsonparse/package.json
1494 silly gunzTarPerm extractEntry node_modules/just-diff-apply/package.json
1495 silly gunzTarPerm extractEntry node_modules/just-diff/package.json
1496 silly gunzTarPerm extractEntry node_modules/libnpmaccess/package.json
1497 silly gunzTarPerm extractEntry node_modules/libnpmdiff/package.json
1498 silly gunzTarPerm extractEntry node_modules/libnpmexec/package.json
1499 silly gunzTarPerm extractEntry node_modules/libnpmfund/package.json
1500 silly gunzTarPerm extractEntry node_modules/libnpmhook/package.json
1501 silly gunzTarPerm extractEntry node_modules/libnpmorg/package.json
1502 silly gunzTarPerm extractEntry node_modules/libnpmpack/package.json
1503 silly gunzTarPerm extractEntry node_modules/libnpmpublish/package.json
1504 silly gunzTarPerm extractEntry node_modules/libnpmsearch/package.json
1505 silly gunzTarPerm extractEntry node_modules/libnpmteam/package.json
1506 silly gunzTarPerm extractEntry node_modules/libnpmversion/package.json
1507 silly gunzTarPerm extractEntry node_modules/lru-cache/package.json
1508 silly gunzTarPerm extractEntry node_modules/make-fetch-happen/package.json
1509 silly gunzTarPerm extractEntry node_modules/minimatch/package.json
1510 silly gunzTarPerm extractEntry node_modules/minipass-collect/package.json
1511 silly gunzTarPerm extractEntry node_modules/minipass-fetch/package.json
1512 silly gunzTarPerm extractEntry node_modules/minipass-flush/package.json
1513 silly gunzTarPerm extractEntry node_modules/minipass-json-stream/package.json
1514 silly gunzTarPerm extractEntry node_modules/minipass-pipeline/package.json
1515 silly gunzTarPerm extractEntry node_modules/minipass-sized/package.json
1516 silly gunzTarPerm extractEntry node_modules/minipass/package.json
1517 silly gunzTarPerm extractEntry node_modules/minizlib/package.json
1518 silly gunzTarPerm extractEntry node_modules/mkdirp-infer-owner/package.json
1519 silly gunzTarPerm extractEntry node_modules/mkdirp/package.json
1520 silly gunzTarPerm extractEntry node_modules/ms/package.json
1521 silly gunzTarPerm extractEntry node_modules/mute-stream/package.json
1522 silly gunzTarPerm extractEntry node_modules/negotiator/package.json
1523 silly gunzTarPerm extractEntry node_modules/node-gyp/node_modules/brace-expansion/package.json
1524 silly gunzTarPerm extractEntry node_modules/node-gyp/node_modules/glob/package.json
1525 silly gunzTarPerm extractEntry node_modules/node-gyp/node_modules/minimatch/package.json
1526 silly gunzTarPerm extractEntry node_modules/node-gyp/node_modules/nopt/package.json
1527 silly gunzTarPerm extractEntry node_modules/node-gyp/package.json
1528 silly gunzTarPerm extractEntry node_modules/nopt/package.json
1529 silly gunzTarPerm extractEntry node_modules/normalize-package-data/package.json
1530 silly gunzTarPerm extractEntry node_modules/npm-audit-report/package.json
1531 silly gunzTarPerm extractEntry node_modules/npm-bundled/node_modules/npm-normalize-package-bin/package.json
1532 silly gunzTarPerm extractEntry node_modules/npm-bundled/package.json
1533 silly gunzTarPerm extractEntry node_modules/npm-install-checks/package.json
1534 silly gunzTarPerm extractEntry node_modules/npm-normalize-package-bin/package.json
1535 silly gunzTarPerm extractEntry node_modules/npm-package-arg/package.json
1536 silly gunzTarPerm extractEntry node_modules/npm-packlist/node_modules/npm-normalize-package-bin/package.json
1537 silly gunzTarPerm extractEntry node_modules/npm-packlist/package.json
1538 silly gunzTarPerm extractEntry node_modules/npm-pick-manifest/node_modules/npm-normalize-package-bin/package.json
1539 silly gunzTarPerm extractEntry node_modules/npm-pick-manifest/package.json
1540 silly gunzTarPerm extractEntry node_modules/npm-profile/package.json
1541 silly gunzTarPerm extractEntry node_modules/npm-registry-fetch/package.json
1542 silly gunzTarPerm extractEntry node_modules/npm-user-validate/package.json
1543 silly gunzTarPerm extractEntry node_modules/npmlog/package.json
1544 silly gunzTarPerm extractEntry node_modules/once/package.json
1545 silly gunzTarPerm extractEntry node_modules/opener/package.json
1546 silly gunzTarPerm extractEntry node_modules/p-map/package.json
1547 silly gunzTarPerm extractEntry node_modules/pacote/package.json
1548 silly gunzTarPerm extractEntry node_modules/parse-conflict-json/package.json
1549 silly gunzTarPerm extractEntry node_modules/path-is-absolute/package.json
1550 silly gunzTarPerm extractEntry node_modules/postcss-selector-parser/package.json
1551 silly gunzTarPerm extractEntry node_modules/proc-log/package.json
1552 silly gunzTarPerm extractEntry node_modules/promise-all-reject-late/package.json
1553 silly gunzTarPerm extractEntry node_modules/promise-call-limit/package.json
1554 silly gunzTarPerm extractEntry node_modules/promise-inflight/package.json
1555 silly gunzTarPerm extractEntry node_modules/promise-retry/package.json
1556 silly gunzTarPerm extractEntry node_modules/promzard/example/npm-init/package.json
1557 silly gunzTarPerm extractEntry node_modules/promzard/package.json
1558 silly gunzTarPerm extractEntry node_modules/qrcode-terminal/package.json
1559 silly gunzTarPerm extractEntry node_modules/read-cmd-shim/package.json
1560 silly gunzTarPerm extractEntry node_modules/read-package-json-fast/package.json
1561 silly gunzTarPerm extractEntry node_modules/read-package-json/node_modules/npm-normalize-package-bin/package.json
1562 silly gunzTarPerm extractEntry node_modules/read-package-json/package.json
1563 silly gunzTarPerm extractEntry node_modules/read/package.json
1564 silly gunzTarPerm extractEntry node_modules/readable-stream/package.json
1565 silly gunzTarPerm extractEntry node_modules/readdir-scoped-modules/package.json
1566 silly gunzTarPerm extractEntry node_modules/retry/package.json
1567 silly gunzTarPerm extractEntry node_modules/rimraf/node_modules/brace-expansion/package.json
1568 silly gunzTarPerm extractEntry node_modules/rimraf/node_modules/glob/package.json
1569 silly gunzTarPerm extractEntry node_modules/rimraf/node_modules/minimatch/package.json
1570 silly gunzTarPerm extractEntry node_modules/rimraf/package.json
1571 silly gunzTarPerm extractEntry node_modules/safe-buffer/package.json
1572 silly gunzTarPerm extractEntry node_modules/safer-buffer/package.json
1573 silly gunzTarPerm extractEntry node_modules/semver/node_modules/lru-cache/package.json
1574 silly gunzTarPerm extractEntry node_modules/semver/package.json
1575 silly gunzTarPerm extractEntry node_modules/set-blocking/package.json
1576 silly gunzTarPerm extractEntry node_modules/signal-exit/package.json
1577 silly gunzTarPerm extractEntry node_modules/smart-buffer/package.json
1578 silly gunzTarPerm extractEntry node_modules/socks-proxy-agent/package.json
1579 silly gunzTarPerm extractEntry node_modules/socks/package.json
1580 silly gunzTarPerm extractEntry node_modules/spdx-correct/package.json
1581 silly gunzTarPerm extractEntry node_modules/spdx-exceptions/package.json
1582 silly gunzTarPerm extractEntry node_modules/spdx-expression-parse/package.json
1583 silly gunzTarPerm extractEntry node_modules/spdx-license-ids/package.json
1584 silly gunzTarPerm extractEntry node_modules/ssri/package.json
1585 silly gunzTarPerm extractEntry node_modules/string_decoder/package.json
1586 silly gunzTarPerm extractEntry node_modules/string-width/package.json
1587 silly gunzTarPerm extractEntry node_modules/strip-ansi/package.json
1588 silly gunzTarPerm extractEntry node_modules/supports-color/package.json
1589 silly gunzTarPerm extractEntry node_modules/tar/package.json
1590 silly gunzTarPerm extractEntry node_modules/text-table/package.json
1591 silly gunzTarPerm extractEntry node_modules/tiny-relative-date/package.json
1592 silly gunzTarPerm extractEntry node_modules/treeverse/package.json
1593 silly gunzTarPerm extractEntry node_modules/unique-filename/package.json
1594 silly gunzTarPerm extractEntry node_modules/unique-slug/package.json
1595 silly gunzTarPerm extractEntry node_modules/util-deprecate/package.json
1596 silly gunzTarPerm extractEntry node_modules/validate-npm-package-license/package.json
1597 silly gunzTarPerm extractEntry node_modules/validate-npm-package-name/package.json
1598 silly gunzTarPerm extractEntry node_modules/walk-up-path/package.json
1599 silly gunzTarPerm extractEntry node_modules/wcwidth/package.json
1600 silly gunzTarPerm extractEntry node_modules/which/package.json
1601 silly gunzTarPerm extractEntry node_modules/wide-align/package.json
1602 silly gunzTarPerm extractEntry node_modules/wrappy/package.json
1603 silly gunzTarPerm extractEntry node_modules/write-file-atomic/package.json
1604 silly gunzTarPerm extractEntry node_modules/yallist/package.json
1605 silly gunzTarPerm extractEntry package.json
1606 silly gunzTarPerm extractEntry node_modules/iconv-lite/encodings/tables/shiftjis.json
1607 silly gunzTarPerm extractEntry node_modules/normalize-package-data/lib/typos.json
1608 silly gunzTarPerm extractEntry node_modules/normalize-package-data/lib/warning_messages.json
1609 silly gunzTarPerm extractEntry node_modules/http-proxy-agent/dist/agent.js.map
1610 silly gunzTarPerm extractEntry node_modules/https-proxy-agent/dist/agent.js.map
1611 silly gunzTarPerm extractEntry node_modules/socks/build/common/constants.js.map
1612 silly gunzTarPerm extractEntry node_modules/socks/build/common/helpers.js.map
1613 silly gunzTarPerm extractEntry node_modules/@tootallnate/once/dist/index.js.map
1614 silly gunzTarPerm extractEntry node_modules/agent-base/dist/src/index.js.map
1615 silly gunzTarPerm extractEntry node_modules/http-proxy-agent/dist/index.js.map
1616 silly gunzTarPerm extractEntry node_modules/https-proxy-agent/dist/index.js.map
1617 silly gunzTarPerm extractEntry node_modules/socks-proxy-agent/dist/index.js.map
1618 silly gunzTarPerm extractEntry node_modules/socks/build/index.js.map
1619 silly gunzTarPerm extractEntry node_modules/@tootallnate/once/dist/overloaded-parameters.js.map
1620 silly gunzTarPerm extractEntry node_modules/https-proxy-agent/dist/parse-proxy-response.js.map
1621 silly gunzTarPerm extractEntry node_modules/agent-base/dist/src/promisify.js.map
1622 silly gunzTarPerm extractEntry node_modules/socks/build/common/receivebuffer.js.map
1623 silly gunzTarPerm extractEntry node_modules/smart-buffer/build/smartbuffer.js.map
1624 silly gunzTarPerm extractEntry node_modules/socks/build/client/socksclient.js.map
1625 silly gunzTarPerm extractEntry node_modules/@tootallnate/once/dist/types.js.map
1626 silly gunzTarPerm extractEntry node_modules/socks/build/common/util.js.map
1627 silly gunzTarPerm extractEntry node_modules/smart-buffer/build/utils.js.map
1628 silly gunzTarPerm extractEntry node_modules/mkdirp/readme.markdown
1629 silly gunzTarPerm extractEntry node_modules/postcss-selector-parser/API.md
1630 silly gunzTarPerm extractEntry node_modules/socks/docs/examples/javascript/associateExample.md
1631 silly gunzTarPerm extractEntry node_modules/socks/docs/examples/typescript/associateExample.md
1632 silly gunzTarPerm extractEntry node_modules/socks/docs/examples/javascript/bindExample.md
1633 silly gunzTarPerm extractEntry node_modules/socks/docs/examples/typescript/bindExample.md
1634 silly gunzTarPerm extractEntry node_modules/node-gyp/docs/binding.gyp-files-in-the-wild.md
1635 silly gunzTarPerm extractEntry node_modules/mkdirp/CHANGELOG.md
1636 silly gunzTarPerm extractEntry node_modules/node-gyp/CHANGELOG.md
1637 silly gunzTarPerm extractEntry node_modules/node-gyp/gyp/CHANGELOG.md
1638 silly gunzTarPerm extractEntry node_modules/node-gyp/node_modules/nopt/CHANGELOG.md
1639 silly gunzTarPerm extractEntry node_modules/rimraf/CHANGELOG.md
1640 silly gunzTarPerm extractEntry node_modules/which/CHANGELOG.md
1641 silly gunzTarPerm extractEntry node_modules/asap/CHANGES.md
1642 silly gunzTarPerm extractEntry node_modules/node-gyp/gyp/CODE_OF_CONDUCT.md
1643 silly gunzTarPerm extractEntry docs/content/using-npm/config.md
1644 silly gunzTarPerm extractEntry node_modules/socks/docs/examples/javascript/connectExample.md
1645 silly gunzTarPerm extractEntry node_modules/socks/docs/examples/typescript/connectExample.md
1646 silly gunzTarPerm extractEntry node_modules/diff/CONTRIBUTING.md
1647 silly gunzTarPerm extractEntry node_modules/node-gyp/CONTRIBUTING.md
1648 silly gunzTarPerm extractEntry node_modules/node-gyp/gyp/CONTRIBUTING.md
1649 silly gunzTarPerm extractEntry node_modules/readable-stream/CONTRIBUTING.md
1650 silly gunzTarPerm extractEntry docs/content/using-npm/dependency-selectors.md
1651 silly gunzTarPerm extractEntry docs/content/using-npm/developers.md
1652 silly gunzTarPerm extractEntry node_modules/node-gyp/docs/Error-pre-versions-of-node-cannot-be-installed.md
1653 silly gunzTarPerm extractEntry docs/content/configuring-npm/folders.md
1654 silly gunzTarPerm extractEntry node_modules/node-gyp/docs/Force-npm-to-use-global-node-gyp.md
1655 silly gunzTarPerm extractEntry node_modules/readable-stream/GOVERNANCE.md
1656 silly gunzTarPerm extractEntry node_modules/agentkeepalive/History.md
1657 silly gunzTarPerm extractEntry node_modules/delegates/History.md
1658 silly gunzTarPerm extractEntry node_modules/depd/History.md
1659 silly gunzTarPerm extractEntry node_modules/humanize-ms/History.md
1660 silly gunzTarPerm extractEntry node_modules/negotiator/HISTORY.md
1661 silly gunzTarPerm extractEntry node_modules/util-deprecate/History.md
1662 silly gunzTarPerm extractEntry node_modules/node-gyp/docs/Home.md
1663 silly gunzTarPerm extractEntry node_modules/socks/docs/examples/index.md
1664 silly gunzTarPerm extractEntry node_modules/socks/docs/index.md
1665 silly gunzTarPerm extractEntry node_modules/wcwidth/docs/index.md
1666 silly gunzTarPerm extractEntry docs/content/configuring-npm/install.md
1667 silly gunzTarPerm extractEntry node_modules/node-gyp/.github/ISSUE_TEMPLATE.md
1668 silly gunzTarPerm extractEntry node_modules/@gar/promisify/LICENSE.md
1669 silly gunzTarPerm extractEntry node_modules/@npmcli/arborist/LICENSE.md
1670 silly gunzTarPerm extractEntry node_modules/@npmcli/fs/LICENSE.md
1671 silly gunzTarPerm extractEntry node_modules/@npmcli/map-workspaces/LICENSE.md
1672 silly gunzTarPerm extractEntry node_modules/@npmcli/move-file/LICENSE.md
1673 silly gunzTarPerm extractEntry node_modules/are-we-there-yet/LICENSE.md
1674 silly gunzTarPerm extractEntry node_modules/asap/LICENSE.md
1675 silly gunzTarPerm extractEntry node_modules/balanced-match/LICENSE.md
1676 silly gunzTarPerm extractEntry node_modules/cacache/LICENSE.md
1677 silly gunzTarPerm extractEntry node_modules/debug/node_modules/ms/license.md
1678 silly gunzTarPerm extractEntry node_modules/fastest-levenshtein/LICENSE.md
1679 silly gunzTarPerm extractEntry node_modules/gauge/LICENSE.md
1680 silly gunzTarPerm extractEntry node_modules/init-package-json/LICENSE.md
1681 silly gunzTarPerm extractEntry node_modules/json-parse-even-better-errors/LICENSE.md
1682 silly gunzTarPerm extractEntry node_modules/libnpmhook/LICENSE.md
1683 silly gunzTarPerm extractEntry node_modules/ms/license.md
1684 silly gunzTarPerm extractEntry node_modules/npm-pick-manifest/LICENSE.md
1685 silly gunzTarPerm extractEntry node_modules/npm-profile/LICENSE.md
1686 silly gunzTarPerm extractEntry node_modules/npm-registry-fetch/LICENSE.md
1687 silly gunzTarPerm extractEntry node_modules/npmlog/LICENSE.md
1688 silly gunzTarPerm extractEntry node_modules/parse-conflict-json/LICENSE.md
1689 silly gunzTarPerm extractEntry node_modules/ssri/LICENSE.md
1690 silly gunzTarPerm extractEntry node_modules/tiny-relative-date/LICENSE.md
1691 silly gunzTarPerm extractEntry node_modules/write-file-atomic/LICENSE.md
1692 silly gunzTarPerm extractEntry node_modules/node-gyp/docs/Linking-to-OpenSSL.md
1693 silly gunzTarPerm extractEntry docs/content/using-npm/logging.md
1694 silly gunzTarPerm extractEntry node_modules/node-gyp/macOS_Catalina.md
1695 silly gunzTarPerm extractEntry node_modules/socks/docs/migratingFromV1.md
1696 silly gunzTarPerm extractEntry docs/content/commands/npm-access.md
1697 silly gunzTarPerm extractEntry docs/content/commands/npm-adduser.md
1698 silly gunzTarPerm extractEntry docs/content/commands/npm-audit.md
1699 silly gunzTarPerm extractEntry docs/content/commands/npm-bin.md
1700 silly gunzTarPerm extractEntry docs/content/commands/npm-bugs.md
1701 silly gunzTarPerm extractEntry docs/content/commands/npm-cache.md
1702 silly gunzTarPerm extractEntry docs/content/commands/npm-ci.md
1703 silly gunzTarPerm extractEntry docs/content/commands/npm-completion.md
1704 silly gunzTarPerm extractEntry docs/content/commands/npm-config.md
1705 silly gunzTarPerm extractEntry docs/content/commands/npm-dedupe.md
1706 silly gunzTarPerm extractEntry docs/content/commands/npm-deprecate.md
1707 silly gunzTarPerm extractEntry docs/content/commands/npm-diff.md
1708 silly gunzTarPerm extractEntry docs/content/commands/npm-dist-tag.md
1709 silly gunzTarPerm extractEntry docs/content/commands/npm-docs.md
1710 silly gunzTarPerm extractEntry docs/content/commands/npm-doctor.md
1711 silly gunzTarPerm extractEntry docs/content/commands/npm-edit.md
1712 silly gunzTarPerm extractEntry docs/content/commands/npm-exec.md
1713 silly gunzTarPerm extractEntry docs/content/commands/npm-explain.md
1714 silly gunzTarPerm extractEntry docs/content/commands/npm-explore.md
1715 silly gunzTarPerm extractEntry docs/content/commands/npm-find-dupes.md
1716 silly gunzTarPerm extractEntry docs/content/commands/npm-fund.md
1717 silly gunzTarPerm extractEntry docs/content/commands/npm-help-search.md
1718 silly gunzTarPerm extractEntry docs/content/commands/npm-help.md
1719 silly gunzTarPerm extractEntry docs/content/commands/npm-hook.md
1720 silly gunzTarPerm extractEntry docs/content/commands/npm-init.md
1721 silly gunzTarPerm extractEntry docs/content/commands/npm-install-ci-test.md
1722 silly gunzTarPerm extractEntry docs/content/commands/npm-install-test.md
1723 silly gunzTarPerm extractEntry docs/content/commands/npm-install.md
1724 silly gunzTarPerm extractEntry docs/content/commands/npm-link.md
1725 silly gunzTarPerm extractEntry docs/content/commands/npm-logout.md
1726 silly gunzTarPerm extractEntry docs/content/commands/npm-ls.md
1727 silly gunzTarPerm extractEntry docs/content/commands/npm-org.md
1728 silly gunzTarPerm extractEntry docs/content/commands/npm-outdated.md
1729 silly gunzTarPerm extractEntry docs/content/commands/npm-owner.md
1730 silly gunzTarPerm extractEntry docs/content/commands/npm-pack.md
1731 silly gunzTarPerm extractEntry docs/content/commands/npm-ping.md
1732 silly gunzTarPerm extractEntry docs/content/commands/npm-pkg.md
1733 silly gunzTarPerm extractEntry docs/content/commands/npm-prefix.md
1734 silly gunzTarPerm extractEntry docs/content/commands/npm-profile.md
1735 silly gunzTarPerm extractEntry docs/content/commands/npm-prune.md
1736 silly gunzTarPerm extractEntry docs/content/commands/npm-publish.md
1737 silly gunzTarPerm extractEntry docs/content/commands/npm-query.md
1738 silly gunzTarPerm extractEntry docs/content/commands/npm-rebuild.md
1739 silly gunzTarPerm extractEntry docs/content/commands/npm-repo.md
1740 silly gunzTarPerm extractEntry docs/content/commands/npm-restart.md
1741 silly gunzTarPerm extractEntry docs/content/commands/npm-root.md
1742 silly gunzTarPerm extractEntry docs/content/commands/npm-run-script.md
1743 silly gunzTarPerm extractEntry docs/content/commands/npm-search.md
1744 silly gunzTarPerm extractEntry docs/content/commands/npm-set-script.md
1745 silly gunzTarPerm extractEntry docs/content/configuring-npm/npm-shrinkwrap-json.md
1746 silly gunzTarPerm extractEntry docs/content/commands/npm-shrinkwrap.md
1747 silly gunzTarPerm extractEntry docs/content/commands/npm-star.md
1748 silly gunzTarPerm extractEntry docs/content/commands/npm-stars.md
1749 silly gunzTarPerm extractEntry docs/content/commands/npm-start.md
1750 silly gunzTarPerm extractEntry docs/content/commands/npm-stop.md
1751 silly gunzTarPerm extractEntry docs/content/commands/npm-team.md
1752 silly gunzTarPerm extractEntry docs/content/commands/npm-test.md
1753 silly gunzTarPerm extractEntry docs/content/commands/npm-token.md
1754 silly gunzTarPerm extractEntry docs/content/commands/npm-uninstall.md
1755 silly gunzTarPerm extractEntry docs/content/commands/npm-unpublish.md
1756 silly gunzTarPerm extractEntry docs/content/commands/npm-unstar.md
1757 silly gunzTarPerm extractEntry docs/content/commands/npm-update.md
1758 silly gunzTarPerm extractEntry docs/content/commands/npm-version.md
1759 silly gunzTarPerm extractEntry docs/content/commands/npm-view.md
1760 silly gunzTarPerm extractEntry docs/content/commands/npm-whoami.md
1761 silly gunzTarPerm extractEntry docs/content/commands/npm.md
1762 silly gunzTarPerm extractEntry docs/content/configuring-npm/npmrc.md
1763 silly gunzTarPerm extractEntry docs/content/commands/npx.md
1764 silly gunzTarPerm extractEntry docs/content/using-npm/orgs.md
1765 silly gunzTarPerm extractEntry docs/content/configuring-npm/package-json.md
1766 silly gunzTarPerm extractEntry docs/content/configuring-npm/package-lock-json.md
1767 silly gunzTarPerm extractEntry docs/content/using-npm/package-spec.md
1768 silly gunzTarPerm extractEntry node_modules/safer-buffer/Porting-Buffer.md
1769 silly gunzTarPerm extractEntry node_modules/node-gyp/.github/PULL_REQUEST_TEMPLATE.md
1770 silly gunzTarPerm extractEntry node_modules/@npmcli/arborist/README.md
1771 silly gunzTarPerm extractEntry node_modules/@npmcli/installed-package-contents/README.md
1772 silly gunzTarPerm extractEntry node_modules/color-support/README.md
1773 silly gunzTarPerm extractEntry node_modules/cssesc/README.md
1774 silly gunzTarPerm extractEntry node_modules/libnpmaccess/README.md
1775 silly gunzTarPerm extractEntry node_modules/libnpmdiff/README.md
1776 silly gunzTarPerm extractEntry node_modules/libnpmexec/README.md
1777 silly gunzTarPerm extractEntry node_modules/libnpmfund/README.md
1778 silly gunzTarPerm extractEntry node_modules/libnpmhook/README.md
1779 silly gunzTarPerm extractEntry node_modules/libnpmorg/README.md
1780 silly gunzTarPerm extractEntry node_modules/libnpmpack/README.md
1781 silly gunzTarPerm extractEntry node_modules/libnpmpublish/README.md
1782 silly gunzTarPerm extractEntry node_modules/libnpmsearch/README.md
1783 silly gunzTarPerm extractEntry node_modules/libnpmteam/README.md
1784 silly gunzTarPerm extractEntry node_modules/libnpmversion/README.md
1785 silly gunzTarPerm extractEntry node_modules/node-gyp/docs/README.md
1786 silly gunzTarPerm extractEntry node_modules/node-gyp/gyp/README.md
1787 silly gunzTarPerm extractEntry node_modules/node-gyp/node_modules/nopt/README.md
1788 silly gunzTarPerm extractEntry node_modules/node-gyp/README.md
1789 silly gunzTarPerm extractEntry node_modules/nopt/README.md
1790 silly gunzTarPerm extractEntry node_modules/npm-packlist/README.md
1791 silly gunzTarPerm extractEntry node_modules/opener/README.md
1792 silly gunzTarPerm extractEntry node_modules/pacote/README.md
1793 silly gunzTarPerm extractEntry node_modules/qrcode-terminal/README.md
1794 silly gunzTarPerm extractEntry node_modules/rimraf/README.md
1795 silly gunzTarPerm extractEntry node_modules/semver/README.md
1796 silly gunzTarPerm extractEntry node_modules/which/README.md
1797 silly gunzTarPerm extractEntry README.md
1798 silly gunzTarPerm extractEntry docs/content/using-npm/registry.md
1799 silly gunzTarPerm extractEntry node_modules/diff/release-notes.md
1800 silly gunzTarPerm extractEntry docs/content/using-npm/removal.md
1801 silly gunzTarPerm extractEntry node_modules/smart-buffer/docs/ROADMAP.md
1802 silly gunzTarPerm extractEntry docs/content/using-npm/scope.md
1803 silly gunzTarPerm extractEntry docs/content/using-npm/scripts.md
1804 silly gunzTarPerm extractEntry node_modules/node-gyp/SECURITY.md
1805 silly gunzTarPerm extractEntry node_modules/node-gyp/docs/Updating-npm-bundled-node-gyp.md
1806 silly gunzTarPerm extractEntry docs/content/using-npm/workspaces.md
1807 silly gunzTarPerm extractEntry node_modules/diff/lib/index.mjs
1808 silly gunzTarPerm extractEntry node_modules/just-diff-apply/index.mjs
1809 silly gunzTarPerm extractEntry node_modules/just-diff/index.mjs
1810 silly gunzTarPerm extractEntry node_modules/node-gyp/gyp/tools/Xcode/Specifications/gyp.pbfilespec
1811 silly gunzTarPerm extractEntry node_modules/qrcode-terminal/example/basic.png
1812 silly gunzTarPerm extractEntry node_modules/node-gyp/gyp/pylib/gyp/__init__.py
1813 silly gunzTarPerm extractEntry node_modules/node-gyp/gyp/pylib/gyp/generator/__init__.py
1814 silly gunzTarPerm extractEntry node_modules/node-gyp/gyp/pylib/gyp/generator/analyzer.py
1815 silly gunzTarPerm extractEntry node_modules/node-gyp/gyp/pylib/gyp/generator/android.py
1816 silly gunzTarPerm extractEntry node_modules/node-gyp/gyp/pylib/gyp/generator/cmake.py
1817 silly gunzTarPerm extractEntry node_modules/node-gyp/gyp/pylib/gyp/common_test.py
1818 silly gunzTarPerm extractEntry node_modules/node-gyp/gyp/pylib/gyp/common.py
1819 silly gunzTarPerm extractEntry node_modules/node-gyp/gyp/pylib/gyp/generator/compile_commands_json.py
1820 silly gunzTarPerm extractEntry node_modules/node-gyp/gyp/pylib/gyp/generator/dump_dependency_json.py
1821 silly gunzTarPerm extractEntry node_modules/node-gyp/gyp/pylib/gyp/easy_xml_test.py
1822 silly gunzTarPerm extractEntry node_modules/node-gyp/gyp/pylib/gyp/easy_xml.py
1823 silly gunzTarPerm extractEntry node_modules/node-gyp/gyp/pylib/gyp/generator/eclipse.py
1824 silly gunzTarPerm extractEntry node_modules/node-gyp/gyp/pylib/gyp/flock_tool.py
1825 silly gunzTarPerm extractEntry node_modules/node-gyp/gyp/tools/graphviz.py
1826 silly gunzTarPerm extractEntry node_modules/node-gyp/gyp/gyp_main.py
1827 silly gunzTarPerm extractEntry node_modules/node-gyp/gyp/pylib/gyp/generator/gypd.py
1828 silly gunzTarPerm extractEntry node_modules/node-gyp/gyp/pylib/gyp/generator/gypsh.py
1829 silly gunzTarPerm extractEntry node_modules/node-gyp/gyp/pylib/gyp/input_test.py
1830 silly gunzTarPerm extractEntry node_modules/node-gyp/gyp/pylib/gyp/input.py
1831 silly gunzTarPerm extractEntry node_modules/node-gyp/gyp/pylib/gyp/mac_tool.py
1832 silly gunzTarPerm extractEntry node_modules/node-gyp/gyp/pylib/gyp/generator/make.py
1833 silly gunzTarPerm extractEntry node_modules/node-gyp/gyp/pylib/gyp/msvs_emulation.py
1834 silly gunzTarPerm extractEntry node_modules/node-gyp/gyp/pylib/gyp/generator/msvs_test.py
1835 silly gunzTarPerm extractEntry node_modules/node-gyp/gyp/pylib/gyp/generator/msvs.py
1836 silly gunzTarPerm extractEntry node_modules/node-gyp/gyp/pylib/gyp/MSVSNew.py
1837 silly gunzTarPerm extractEntry node_modules/node-gyp/gyp/pylib/gyp/MSVSProject.py
1838 silly gunzTarPerm extractEntry node_modules/node-gyp/gyp/pylib/gyp/MSVSSettings_test.py
1839 silly gunzTarPerm extractEntry node_modules/node-gyp/gyp/pylib/gyp/MSVSSettings.py
1840 silly gunzTarPerm extractEntry node_modules/node-gyp/gyp/pylib/gyp/MSVSToolFile.py
1841 silly gunzTarPerm extractEntry node_modules/node-gyp/gyp/pylib/gyp/MSVSUserFile.py
1842 silly gunzTarPerm extractEntry node_modules/node-gyp/gyp/pylib/gyp/MSVSUtil.py
1843 silly gunzTarPerm extractEntry node_modules/node-gyp/gyp/pylib/gyp/MSVSVersion.py
1844 silly gunzTarPerm extractEntry node_modules/node-gyp/gyp/pylib/gyp/ninja_syntax.py
1845 silly gunzTarPerm extractEntry node_modules/node-gyp/gyp/pylib/gyp/generator/ninja_test.py
1846 silly gunzTarPerm extractEntry node_modules/node-gyp/gyp/pylib/gyp/generator/ninja.py
1847 silly gunzTarPerm extractEntry node_modules/node-gyp/gyp/tools/pretty_gyp.py
1848 silly gunzTarPerm extractEntry node_modules/node-gyp/gyp/tools/pretty_sln.py
1849 silly gunzTarPerm extractEntry node_modules/node-gyp/gyp/tools/pretty_vcproj.py
1850 silly gunzTarPerm extractEntry node_modules/node-gyp/gyp/setup.py
1851 silly gunzTarPerm extractEntry node_modules/node-gyp/gyp/pylib/gyp/simple_copy.py
1852 silly gunzTarPerm extractEntry node_modules/node-gyp/gyp/test_gyp.py
1853 silly gunzTarPerm extractEntry node_modules/node-gyp/test/fixtures/test-charmap.py
1854 silly gunzTarPerm extractEntry node_modules/node-gyp/update-gyp.py
1855 silly gunzTarPerm extractEntry node_modules/node-gyp/gyp/pylib/gyp/win_tool.py
1856 silly gunzTarPerm extractEntry node_modules/node-gyp/gyp/pylib/gyp/xcode_emulation.py
1857 silly gunzTarPerm extractEntry node_modules/node-gyp/gyp/pylib/gyp/xcode_ninja.py
1858 silly gunzTarPerm extractEntry node_modules/node-gyp/gyp/pylib/gyp/generator/xcode_test.py
1859 silly gunzTarPerm extractEntry node_modules/node-gyp/gyp/pylib/gyp/generator/xcode.py
1860 silly gunzTarPerm extractEntry node_modules/node-gyp/gyp/pylib/gyp/xcodeproj_file.py
1861 silly gunzTarPerm extractEntry node_modules/node-gyp/gyp/pylib/gyp/xml_fix.py
1862 silly gunzTarPerm extractEntry node_modules/node-gyp/gyp/pylib/gyp/__pycache__/__init__.cpython-39.pyc
1863 silly gunzTarPerm extractEntry node_modules/node-gyp/gyp/pylib/gyp/generator/__pycache__/__init__.cpython-39.pyc
1864 silly gunzTarPerm extractEntry node_modules/node-gyp/gyp/pylib/gyp/__pycache__/common.cpython-39.pyc
1865 silly gunzTarPerm extractEntry node_modules/node-gyp/gyp/pylib/gyp/__pycache__/input.cpython-39.pyc
1866 silly gunzTarPerm extractEntry node_modules/node-gyp/gyp/pylib/gyp/generator/__pycache__/make.cpython-39.pyc
1867 silly gunzTarPerm extractEntry node_modules/node-gyp/gyp/pylib/gyp/__pycache__/msvs_emulation.cpython-39.pyc
1868 silly gunzTarPerm extractEntry node_modules/node-gyp/gyp/pylib/gyp/__pycache__/MSVSUtil.cpython-39.pyc
1869 silly gunzTarPerm extractEntry node_modules/node-gyp/gyp/pylib/gyp/__pycache__/MSVSVersion.cpython-39.pyc
1870 silly gunzTarPerm extractEntry node_modules/node-gyp/gyp/pylib/gyp/__pycache__/ninja_syntax.cpython-39.pyc
1871 silly gunzTarPerm extractEntry node_modules/node-gyp/gyp/pylib/gyp/generator/__pycache__/ninja.cpython-39.pyc
1872 silly gunzTarPerm extractEntry node_modules/node-gyp/gyp/pylib/gyp/__pycache__/simple_copy.cpython-39.pyc
1873 silly gunzTarPerm extractEntry node_modules/node-gyp/gyp/pylib/gyp/__pycache__/xcode_emulation.cpython-39.pyc
1874 silly gunzTarPerm extractEntry node_modules/node-gyp/gyp/pylib/gyp/__pycache__/xcode_ninja.cpython-39.pyc
1875 silly gunzTarPerm extractEntry node_modules/node-gyp/gyp/pylib/gyp/generator/__pycache__/xcode.cpython-39.pyc
1876 silly gunzTarPerm extractEntry node_modules/node-gyp/gyp/pylib/gyp/__pycache__/xcodeproj_file.cpython-39.pyc
1877 silly gunzTarPerm extractEntry lib/utils/completion.sh
1878 silly gunzTarPerm extractEntry node_modules/node-gyp/macOS_Catalina_acid_test.sh
1879 silly gunzTarPerm extractEntry node_modules/node-gyp/gyp/tools/emacs/run-unit-tests.sh
1880 silly gunzTarPerm extractEntry node_modules/http-proxy-agent/dist/agent.d.ts
1881 silly gunzTarPerm extractEntry node_modules/https-proxy-agent/dist/agent.d.ts
1882 silly gunzTarPerm extractEntry node_modules/binary-extensions/binary-extensions.json.d.ts
1883 silly gunzTarPerm extractEntry node_modules/socks/typings/common/constants.d.ts
1884 silly gunzTarPerm extractEntry node_modules/socks/typings/common/helpers.d.ts
1885 silly gunzTarPerm extractEntry node_modules/@colors/colors/index.d.ts
1886 silly gunzTarPerm extractEntry node_modules/@tootallnate/once/dist/index.d.ts
1887 silly gunzTarPerm extractEntry node_modules/agent-base/dist/src/index.d.ts
1888 silly gunzTarPerm extractEntry node_modules/agentkeepalive/index.d.ts
1889 silly gunzTarPerm extractEntry node_modules/aggregate-error/index.d.ts
1890 silly gunzTarPerm extractEntry node_modules/ansi-regex/index.d.ts
1891 silly gunzTarPerm extractEntry node_modules/ansi-styles/index.d.ts
1892 silly gunzTarPerm extractEntry node_modules/binary-extensions/index.d.ts
1893 silly gunzTarPerm extractEntry node_modules/chalk/index.d.ts
1894 silly gunzTarPerm extractEntry node_modules/cidr-regex/index.d.ts
1895 silly gunzTarPerm extractEntry node_modules/clean-stack/index.d.ts
1896 silly gunzTarPerm extractEntry node_modules/cli-table3/index.d.ts
1897 silly gunzTarPerm extractEntry node_modules/emoji-regex/index.d.ts
1898 silly gunzTarPerm extractEntry node_modules/env-paths/index.d.ts
1899 silly gunzTarPerm extractEntry node_modules/fastest-levenshtein/index.d.ts
1900 silly gunzTarPerm extractEntry node_modules/has-flag/index.d.ts
1901 silly gunzTarPerm extractEntry node_modules/http-proxy-agent/dist/index.d.ts
1902 silly gunzTarPerm extractEntry node_modules/https-proxy-agent/dist/index.d.ts
1903 silly gunzTarPerm extractEntry node_modules/iconv-lite/lib/index.d.ts
1904 silly gunzTarPerm extractEntry node_modules/indent-string/index.d.ts
1905 silly gunzTarPerm extractEntry node_modules/ip-regex/index.d.ts
1906 silly gunzTarPerm extractEntry node_modules/is-cidr/index.d.ts
1907 silly gunzTarPerm extractEntry node_modules/is-fullwidth-code-point/index.d.ts
1908 silly gunzTarPerm extractEntry node_modules/just-diff-apply/index.d.ts
1909 silly gunzTarPerm extractEntry node_modules/just-diff/index.d.ts
1910 silly gunzTarPerm extractEntry node_modules/lru-cache/index.d.ts
1911 silly gunzTarPerm extractEntry node_modules/minipass/index.d.ts
1912 silly gunzTarPerm extractEntry node_modules/p-map/index.d.ts
1913 silly gunzTarPerm extractEntry node_modules/safe-buffer/index.d.ts
1914 silly gunzTarPerm extractEntry node_modules/socks-proxy-agent/dist/index.d.ts
1915 silly gunzTarPerm extractEntry node_modules/socks/typings/index.d.ts
1916 silly gunzTarPerm extractEntry node_modules/string-width/index.d.ts
1917 silly gunzTarPerm extractEntry node_modules/strip-ansi/index.d.ts
1918 silly gunzTarPerm extractEntry node_modules/just-diff-apply/index.tests.ts
1919 silly gunzTarPerm extractEntry node_modules/just-diff/index.tests.ts
1920 silly gunzTarPerm extractEntry node_modules/agent-base/src/index.ts
1921 silly gunzTarPerm extractEntry node_modules/@tootallnate/once/dist/overloaded-parameters.d.ts
1922 silly gunzTarPerm extractEntry node_modules/https-proxy-agent/dist/parse-proxy-response.d.ts
1923 silly gunzTarPerm extractEntry node_modules/postcss-selector-parser/postcss-selector-parser.d.ts
1924 silly gunzTarPerm extractEntry node_modules/agent-base/dist/src/promisify.d.ts
1925 silly gunzTarPerm extractEntry node_modules/agent-base/src/promisify.ts
1926 silly gunzTarPerm extractEntry node_modules/socks/typings/common/receivebuffer.d.ts
1927 silly gunzTarPerm extractEntry node_modules/@colors/colors/safe.d.ts
1928 silly gunzTarPerm extractEntry node_modules/smart-buffer/typings/smartbuffer.d.ts
1929 silly gunzTarPerm extractEntry node_modules/socks/typings/client/socksclient.d.ts
1930 silly gunzTarPerm extractEntry node_modules/@tootallnate/once/dist/types.d.ts
1931 silly gunzTarPerm extractEntry node_modules/socks/typings/common/util.d.ts
1932 silly gunzTarPerm extractEntry node_modules/smart-buffer/typings/utils.d.ts
1933 silly gunzTarPerm extractEntry node_modules/cssesc/LICENSE-MIT.txt
1934 silly gunzTarPerm extractEntry node_modules/emoji-regex/LICENSE-MIT.txt
1935 silly gunzTarPerm extractEntry node_modules/opener/LICENSE.txt
1936 silly gunzTarPerm extractEntry node_modules/set-blocking/LICENSE.txt
1937 silly gunzTarPerm extractEntry node_modules/signal-exit/LICENSE.txt
1938 silly gunzTarPerm extractEntry node_modules/node-gyp/gyp/requirements_dev.txt
1939 silly gunzTarPerm extractEntry node_modules/node-gyp/test/fixtures/VS_2017_BuildTools_minimal.txt
1940 silly gunzTarPerm extractEntry node_modules/node-gyp/test/fixtures/VS_2017_Community_workload.txt
1941 silly gunzTarPerm extractEntry node_modules/node-gyp/test/fixtures/VS_2017_Express.txt
1942 silly gunzTarPerm extractEntry node_modules/node-gyp/test/fixtures/VS_2017_Unusable.txt
1943 silly gunzTarPerm extractEntry node_modules/node-gyp/test/fixtures/VS_2019_BuildTools_minimal.txt
1944 silly gunzTarPerm extractEntry node_modules/node-gyp/test/fixtures/VS_2019_Community_workload.txt
1945 silly gunzTarPerm extractEntry node_modules/node-gyp/test/fixtures/VS_2019_Preview.txt
1946 silly gunzTarPerm extractEntry node_modules/node-gyp/gyp/tools/Xcode/Specifications/gyp.xclangspec
1947 silly gunzTarPerm extractEntry node_modules/qrcode-terminal/.travis.yml
1948 silly gunzTarPerm extractEntry node_modules/node-gyp/gyp/.github/workflows/node-gyp.yml
1949 silly gunzTarPerm extractEntry node_modules/node-gyp/gyp/.github/workflows/nodejs-windows.yml
1950 silly gunzTarPerm extractEntry node_modules/node-gyp/gyp/.github/workflows/Python_tests.yml
1951 silly gunzTarPerm extractEntry node_modules/node-gyp/.github/workflows/release-please.yml
1952 silly gunzTarPerm extractEntry node_modules/node-gyp/gyp/.github/workflows/release-please.yml
1953 silly gunzTarPerm extractEntry node_modules/node-gyp/.github/workflows/tests.yml
1954 silly gunzTarPerm extractEntry node_modules/node-gyp/.github/workflows/visual-studio.yml
1955 silly addBundled read tarball
1956 silly cleanup remove extracted module
1957 silly loadAllDepsIntoIdealTree Finishing
1958 silly idealTree:prePrune lib
1958 silly idealTree:prePrune └─┬ npm@8.19.4
1958 silly idealTree:prePrune   ├── @colors/colors@1.5.0
1958 silly idealTree:prePrune   ├── @gar/promisify@1.1.3
1958 silly idealTree:prePrune   ├── @isaacs/string-locale-compare@1.1.0
1958 silly idealTree:prePrune   ├── @npmcli/arborist@5.6.3
1958 silly idealTree:prePrune   ├── @npmcli/ci-detect@2.0.0
1958 silly idealTree:prePrune   ├── @npmcli/config@4.2.2
1958 silly idealTree:prePrune   ├── @npmcli/disparity-colors@2.0.0
1958 silly idealTree:prePrune   ├── @npmcli/fs@2.1.2
1958 silly idealTree:prePrune   ├── @npmcli/git@3.0.2
1958 silly idealTree:prePrune   ├─┬ @npmcli/installed-package-contents@1.0.7
1958 silly idealTree:prePrune   │ └── npm-bundled@1.1.2
1958 silly idealTree:prePrune   ├── @npmcli/map-workspaces@2.0.4
1958 silly idealTree:prePrune   ├── @npmcli/metavuln-calculator@3.1.1
1958 silly idealTree:prePrune   ├── @npmcli/move-file@2.0.1
1958 silly idealTree:prePrune   ├── @npmcli/name-from-folder@1.0.1
1958 silly idealTree:prePrune   ├── @npmcli/node-gyp@2.0.0
1958 silly idealTree:prePrune   ├── @npmcli/package-json@2.0.0
1958 silly idealTree:prePrune   ├── @npmcli/promise-spawn@3.0.0
1958 silly idealTree:prePrune   ├── @npmcli/query@1.2.0
1958 silly idealTree:prePrune   ├── @npmcli/run-script@4.2.1
1958 silly idealTree:prePrune   ├── @tootallnate/once@2.0.0
1958 silly idealTree:prePrune   ├── abbrev@1.1.1
1958 silly idealTree:prePrune   ├── agent-base@6.0.2
1958 silly idealTree:prePrune   ├── agentkeepalive@4.2.1
1958 silly idealTree:prePrune   ├── aggregate-error@3.1.0
1958 silly idealTree:prePrune   ├── ansi-regex@5.0.1
1958 silly idealTree:prePrune   ├── ansi-styles@4.3.0
1958 silly idealTree:prePrune   ├── aproba@2.0.0
1958 silly idealTree:prePrune   ├── archy@1.0.0
1958 silly idealTree:prePrune   ├── are-we-there-yet@3.0.1
1958 silly idealTree:prePrune   ├── asap@2.0.6
1958 silly idealTree:prePrune   ├── balanced-match@1.0.2
1958 silly idealTree:prePrune   ├─┬ bin-links@3.0.3
1958 silly idealTree:prePrune   │ └── npm-normalize-package-bin@2.0.0
1958 silly idealTree:prePrune   ├── binary-extensions@2.2.0
1958 silly idealTree:prePrune   ├── brace-expansion@2.0.1
1958 silly idealTree:prePrune   ├── builtins@5.0.1
1958 silly idealTree:prePrune   ├── cacache@16.1.3
1958 silly idealTree:prePrune   ├── chalk@4.1.2
1958 silly idealTree:prePrune   ├── chownr@2.0.0
1958 silly idealTree:prePrune   ├── cidr-regex@3.1.1
1958 silly idealTree:prePrune   ├── clean-stack@2.2.0
1958 silly idealTree:prePrune   ├── cli-columns@4.0.0
1958 silly idealTree:prePrune   ├── cli-table3@0.6.2
1958 silly idealTree:prePrune   ├── clone@1.0.4
1958 silly idealTree:prePrune   ├── cmd-shim@5.0.0
1958 silly idealTree:prePrune   ├── color-convert@2.0.1
1958 silly idealTree:prePrune   ├── color-name@1.1.4
1958 silly idealTree:prePrune   ├── color-support@1.1.3
1958 silly idealTree:prePrune   ├── columnify@1.6.0
1958 silly idealTree:prePrune   ├── common-ancestor-path@1.0.1
1958 silly idealTree:prePrune   ├── concat-map@0.0.1
1958 silly idealTree:prePrune   ├── console-control-strings@1.1.0
1958 silly idealTree:prePrune   ├── cssesc@3.0.0
1958 silly idealTree:prePrune   ├─┬ debug@4.3.4
1958 silly idealTree:prePrune   │ └── ms@2.1.2
1958 silly idealTree:prePrune   ├── debuglog@1.0.1
1958 silly idealTree:prePrune   ├── defaults@1.0.3
1958 silly idealTree:prePrune   ├── delegates@1.0.0
1958 silly idealTree:prePrune   ├── depd@1.1.2
1958 silly idealTree:prePrune   ├── dezalgo@1.0.4
1958 silly idealTree:prePrune   ├── diff@5.1.0
1958 silly idealTree:prePrune   ├── emoji-regex@8.0.0
1958 silly idealTree:prePrune   ├── encoding@0.1.13
1958 silly idealTree:prePrune   ├── env-paths@2.2.1
1958 silly idealTree:prePrune   ├── err-code@2.0.3
1958 silly idealTree:prePrune   ├── fastest-levenshtein@1.0.12
1958 silly idealTree:prePrune   ├── fs-minipass@2.1.0
1958 silly idealTree:prePrune   ├── fs.realpath@1.0.0
1958 silly idealTree:prePrune   ├── function-bind@1.1.1
1958 silly idealTree:prePrune   ├── gauge@4.0.4
1958 silly idealTree:prePrune   ├── glob@8.0.3
1958 silly idealTree:prePrune   ├── graceful-fs@4.2.10
1958 silly idealTree:prePrune   ├── has-flag@4.0.0
1958 silly idealTree:prePrune   ├── has-unicode@2.0.1
1958 silly idealTree:prePrune   ├── has@1.0.3
1958 silly idealTree:prePrune   ├── hosted-git-info@5.2.1
1958 silly idealTree:prePrune   ├── http-cache-semantics@4.1.1
1958 silly idealTree:prePrune   ├── http-proxy-agent@5.0.0
1958 silly idealTree:prePrune   ├── https-proxy-agent@5.0.1
1958 silly idealTree:prePrune   ├── humanize-ms@1.2.1
1958 silly idealTree:prePrune   ├── iconv-lite@0.6.3
1958 silly idealTree:prePrune   ├── ignore-walk@5.0.1
1958 silly idealTree:prePrune   ├── imurmurhash@0.1.4
1958 silly idealTree:prePrune   ├── indent-string@4.0.0
1958 silly idealTree:prePrune   ├── infer-owner@1.0.4
1958 silly idealTree:prePrune   ├── inflight@1.0.6
1958 silly idealTree:prePrune   ├── inherits@2.0.4
1958 silly idealTree:prePrune   ├── ini@3.0.1
1958 silly idealTree:prePrune   ├── init-package-json@3.0.2
1958 silly idealTree:prePrune   ├── ip-regex@4.3.0
1958 silly idealTree:prePrune   ├── ip@2.0.0
1958 silly idealTree:prePrune   ├── is-cidr@4.0.2
1958 silly idealTree:prePrune   ├── is-core-module@2.10.0
1958 silly idealTree:prePrune   ├── is-fullwidth-code-point@3.0.0
1958 silly idealTree:prePrune   ├── is-lambda@1.0.1
1958 silly idealTree:prePrune   ├── isexe@2.0.0
1958 silly idealTree:prePrune   ├── json-parse-even-better-errors@2.3.1
1958 silly idealTree:prePrune   ├── json-stringify-nice@1.1.4
1958 silly idealTree:prePrune   ├── jsonparse@1.3.1
1958 silly idealTree:prePrune   ├── just-diff-apply@5.4.1
1958 silly idealTree:prePrune   ├── just-diff@5.1.1
1958 silly idealTree:prePrune   ├── libnpmaccess@6.0.4
1958 silly idealTree:prePrune   ├── libnpmdiff@4.0.5
1958 silly idealTree:prePrune   ├── libnpmexec@4.0.14
1958 silly idealTree:prePrune   ├── libnpmfund@3.0.5
1958 silly idealTree:prePrune   ├── libnpmhook@8.0.4
1958 silly idealTree:prePrune   ├── libnpmorg@4.0.4
1958 silly idealTree:prePrune   ├── libnpmpack@4.1.3
1958 silly idealTree:prePrune   ├── libnpmpublish@6.0.5
1958 silly idealTree:prePrune   ├── libnpmsearch@5.0.4
1958 silly idealTree:prePrune   ├── libnpmteam@4.0.4
1958 silly idealTree:prePrune   ├── libnpmversion@3.0.7
1958 silly idealTree:prePrune   ├── lru-cache@7.13.2
1958 silly idealTree:prePrune   ├── make-fetch-happen@10.2.1
1958 silly idealTree:prePrune   ├── minimatch@5.1.0
1958 silly idealTree:prePrune   ├── minipass-collect@1.0.2
1958 silly idealTree:prePrune   ├── minipass-fetch@2.1.1
1958 silly idealTree:prePrune   ├── minipass-flush@1.0.5
1958 silly idealTree:prePrune   ├── minipass-json-stream@1.0.1
1958 silly idealTree:prePrune   ├── minipass-pipeline@1.2.4
1958 silly idealTree:prePrune   ├── minipass-sized@1.0.3
1958 silly idealTree:prePrune   ├── minipass@3.3.4
1958 silly idealTree:prePrune   ├── minizlib@2.1.2
1958 silly idealTree:prePrune   ├── mkdirp-infer-owner@2.0.0
1958 silly idealTree:prePrune   ├── mkdirp@1.0.4
1958 silly idealTree:prePrune   ├── ms@2.1.3
1958 silly idealTree:prePrune   ├── mute-stream@0.0.8
1958 silly idealTree:prePrune   ├── negotiator@0.6.3
1958 silly idealTree:prePrune   ├─┬ node-gyp@9.1.0
1958 silly idealTree:prePrune   │ ├── brace-expansion@1.1.11
1958 silly idealTree:prePrune   │ ├── glob@7.2.3
1958 silly idealTree:prePrune   │ ├── minimatch@3.1.2
1958 silly idealTree:prePrune   │ └── nopt@5.0.0
1958 silly idealTree:prePrune   ├── nopt@6.0.0
1958 silly idealTree:prePrune   ├── normalize-package-data@4.0.1
1958 silly idealTree:prePrune   ├── npm-audit-report@3.0.0
1958 silly idealTree:prePrune   ├─┬ npm-bundled@2.0.1
1958 silly idealTree:prePrune   │ └── npm-normalize-package-bin@2.0.0
1958 silly idealTree:prePrune   ├── npm-install-checks@5.0.0
1958 silly idealTree:prePrune   ├── npm-normalize-package-bin@1.0.1
1958 silly idealTree:prePrune   ├── npm-package-arg@9.1.0
1958 silly idealTree:prePrune   ├─┬ npm-packlist@5.1.3
1958 silly idealTree:prePrune   │ └── npm-normalize-package-bin@2.0.0
1958 silly idealTree:prePrune   ├─┬ npm-pick-manifest@7.0.2
1958 silly idealTree:prePrune   │ └── npm-normalize-package-bin@2.0.0
1958 silly idealTree:prePrune   ├── npm-profile@6.2.1
1958 silly idealTree:prePrune   ├── npm-registry-fetch@13.3.1
1958 silly idealTree:prePrune   ├── npm-user-validate@1.0.1
1958 silly idealTree:prePrune   ├── npmlog@6.0.2
1958 silly idealTree:prePrune   ├── once@1.4.0
1958 silly idealTree:prePrune   ├── opener@1.5.2
1958 silly idealTree:prePrune   ├── p-map@4.0.0
1958 silly idealTree:prePrune   ├── pacote@13.6.2
1958 silly idealTree:prePrune   ├── parse-conflict-json@2.0.2
1958 silly idealTree:prePrune   ├── path-is-absolute@1.0.1
1958 silly idealTree:prePrune   ├── postcss-selector-parser@6.0.10
1958 silly idealTree:prePrune   ├── proc-log@2.0.1
1958 silly idealTree:prePrune   ├── promise-all-reject-late@1.0.1
1958 silly idealTree:prePrune   ├── promise-call-limit@1.0.1
1958 silly idealTree:prePrune   ├── promise-inflight@1.0.1
1958 silly idealTree:prePrune   ├── promise-retry@2.0.1
1958 silly idealTree:prePrune   ├── promzard@0.3.0
1958 silly idealTree:prePrune   ├── qrcode-terminal@0.12.0
1958 silly idealTree:prePrune   ├── read-cmd-shim@3.0.0
1958 silly idealTree:prePrune   ├── read-package-json-fast@2.0.3
1958 silly idealTree:prePrune   ├─┬ read-package-json@5.0.2
1958 silly idealTree:prePrune   │ └── npm-normalize-package-bin@2.0.0
1958 silly idealTree:prePrune   ├── read@1.0.7
1958 silly idealTree:prePrune   ├── readable-stream@3.6.0
1958 silly idealTree:prePrune   ├── readdir-scoped-modules@1.1.0
1958 silly idealTree:prePrune   ├── retry@0.12.0
1958 silly idealTree:prePrune   ├─┬ rimraf@3.0.2
1958 silly idealTree:prePrune   │ ├── brace-expansion@1.1.11
1958 silly idealTree:prePrune   │ ├── glob@7.2.3
1958 silly idealTree:prePrune   │ └── minimatch@3.1.2
1958 silly idealTree:prePrune   ├── safe-buffer@5.2.1
1958 silly idealTree:prePrune   ├── safer-buffer@2.1.2
1958 silly idealTree:prePrune   ├─┬ semver@7.3.7
1958 silly idealTree:prePrune   │ └── lru-cache@6.0.0
1958 silly idealTree:prePrune   ├── set-blocking@2.0.0
1958 silly idealTree:prePrune   ├── signal-exit@3.0.7
1958 silly idealTree:prePrune   ├── smart-buffer@4.2.0
1958 silly idealTree:prePrune   ├── socks-proxy-agent@7.0.0
1958 silly idealTree:prePrune   ├── socks@2.7.0
1958 silly idealTree:prePrune   ├── spdx-correct@3.1.1
1958 silly idealTree:prePrune   ├── spdx-exceptions@2.3.0
1958 silly idealTree:prePrune   ├── spdx-expression-parse@3.0.1
1958 silly idealTree:prePrune   ├── spdx-license-ids@3.0.11
1958 silly idealTree:prePrune   ├── ssri@9.0.1
1958 silly idealTree:prePrune   ├── string_decoder@1.3.0
1958 silly idealTree:prePrune   ├── string-width@4.2.3
1958 silly idealTree:prePrune   ├── strip-ansi@6.0.1
1958 silly idealTree:prePrune   ├── supports-color@7.2.0
1958 silly idealTree:prePrune   ├── tar@6.1.11
1958 silly idealTree:prePrune   ├── text-table@0.2.0
1958 silly idealTree:prePrune   ├── tiny-relative-date@1.3.0
1958 silly idealTree:prePrune   ├── treeverse@2.0.0
1958 silly idealTree:prePrune   ├── unique-filename@2.0.1
1958 silly idealTree:prePrune   ├── unique-slug@3.0.0
1958 silly idealTree:prePrune   ├── util-deprecate@1.0.2
1958 silly idealTree:prePrune   ├── validate-npm-package-license@3.0.4
1958 silly idealTree:prePrune   ├── validate-npm-package-name@4.0.0
1958 silly idealTree:prePrune   ├── walk-up-path@1.0.0
1958 silly idealTree:prePrune   ├── wcwidth@1.0.1
1958 silly idealTree:prePrune   ├── which@2.0.2
1958 silly idealTree:prePrune   ├── wide-align@1.1.5
1958 silly idealTree:prePrune   ├── wrappy@1.0.2
1958 silly idealTree:prePrune   ├── write-file-atomic@4.0.2
1958 silly idealTree:prePrune   └── yallist@4.0.0
1959 silly loadIdealTree Finishing
1960 silly currentTree lib
1961 silly idealTree lib
1961 silly idealTree └─┬ npm@8.19.4
1961 silly idealTree   ├── @colors/colors@1.5.0
1961 silly idealTree   ├── @gar/promisify@1.1.3
1961 silly idealTree   ├── @isaacs/string-locale-compare@1.1.0
1961 silly idealTree   ├── @npmcli/arborist@5.6.3
1961 silly idealTree   ├── @npmcli/ci-detect@2.0.0
1961 silly idealTree   ├── @npmcli/config@4.2.2
1961 silly idealTree   ├── @npmcli/disparity-colors@2.0.0
1961 silly idealTree   ├── @npmcli/fs@2.1.2
1961 silly idealTree   ├── @npmcli/git@3.0.2
1961 silly idealTree   ├─┬ @npmcli/installed-package-contents@1.0.7
1961 silly idealTree   │ └── npm-bundled@1.1.2
1961 silly idealTree   ├── @npmcli/map-workspaces@2.0.4
1961 silly idealTree   ├── @npmcli/metavuln-calculator@3.1.1
1961 silly idealTree   ├── @npmcli/move-file@2.0.1
1961 silly idealTree   ├── @npmcli/name-from-folder@1.0.1
1961 silly idealTree   ├── @npmcli/node-gyp@2.0.0
1961 silly idealTree   ├── @npmcli/package-json@2.0.0
1961 silly idealTree   ├── @npmcli/promise-spawn@3.0.0
1961 silly idealTree   ├── @npmcli/query@1.2.0
1961 silly idealTree   ├── @npmcli/run-script@4.2.1
1961 silly idealTree   ├── @tootallnate/once@2.0.0
1961 silly idealTree   ├── abbrev@1.1.1
1961 silly idealTree   ├── agent-base@6.0.2
1961 silly idealTree   ├── agentkeepalive@4.2.1
1961 silly idealTree   ├── aggregate-error@3.1.0
1961 silly idealTree   ├── ansi-regex@5.0.1
1961 silly idealTree   ├── ansi-styles@4.3.0
1961 silly idealTree   ├── aproba@2.0.0
1961 silly idealTree   ├── archy@1.0.0
1961 silly idealTree   ├── are-we-there-yet@3.0.1
1961 silly idealTree   ├── asap@2.0.6
1961 silly idealTree   ├── balanced-match@1.0.2
1961 silly idealTree   ├─┬ bin-links@3.0.3
1961 silly idealTree   │ └── npm-normalize-package-bin@2.0.0
1961 silly idealTree   ├── binary-extensions@2.2.0
1961 silly idealTree   ├── brace-expansion@2.0.1
1961 silly idealTree   ├── builtins@5.0.1
1961 silly idealTree   ├── cacache@16.1.3
1961 silly idealTree   ├── chalk@4.1.2
1961 silly idealTree   ├── chownr@2.0.0
1961 silly idealTree   ├── cidr-regex@3.1.1
1961 silly idealTree   ├── clean-stack@2.2.0
1961 silly idealTree   ├── cli-columns@4.0.0
1961 silly idealTree   ├── cli-table3@0.6.2
1961 silly idealTree   ├── clone@1.0.4
1961 silly idealTree   ├── cmd-shim@5.0.0
1961 silly idealTree   ├── color-convert@2.0.1
1961 silly idealTree   ├── color-name@1.1.4
1961 silly idealTree   ├── color-support@1.1.3
1961 silly idealTree   ├── columnify@1.6.0
1961 silly idealTree   ├── common-ancestor-path@1.0.1
1961 silly idealTree   ├── concat-map@0.0.1
1961 silly idealTree   ├── console-control-strings@1.1.0
1961 silly idealTree   ├── cssesc@3.0.0
1961 silly idealTree   ├─┬ debug@4.3.4
1961 silly idealTree   │ └── ms@2.1.2
1961 silly idealTree   ├── debuglog@1.0.1
1961 silly idealTree   ├── defaults@1.0.3
1961 silly idealTree   ├── delegates@1.0.0
1961 silly idealTree   ├── depd@1.1.2
1961 silly idealTree   ├── dezalgo@1.0.4
1961 silly idealTree   ├── diff@5.1.0
1961 silly idealTree   ├── emoji-regex@8.0.0
1961 silly idealTree   ├── encoding@0.1.13
1961 silly idealTree   ├── env-paths@2.2.1
1961 silly idealTree   ├── err-code@2.0.3
1961 silly idealTree   ├── fastest-levenshtein@1.0.12
1961 silly idealTree   ├── fs-minipass@2.1.0
1961 silly idealTree   ├── fs.realpath@1.0.0
1961 silly idealTree   ├── function-bind@1.1.1
1961 silly idealTree   ├── gauge@4.0.4
1961 silly idealTree   ├── glob@8.0.3
1961 silly idealTree   ├── graceful-fs@4.2.10
1961 silly idealTree   ├── has-flag@4.0.0
1961 silly idealTree   ├── has-unicode@2.0.1
1961 silly idealTree   ├── has@1.0.3
1961 silly idealTree   ├── hosted-git-info@5.2.1
1961 silly idealTree   ├── http-cache-semantics@4.1.1
1961 silly idealTree   ├── http-proxy-agent@5.0.0
1961 silly idealTree   ├── https-proxy-agent@5.0.1
1961 silly idealTree   ├── humanize-ms@1.2.1
1961 silly idealTree   ├── iconv-lite@0.6.3
1961 silly idealTree   ├── ignore-walk@5.0.1
1961 silly idealTree   ├── imurmurhash@0.1.4
1961 silly idealTree   ├── indent-string@4.0.0
1961 silly idealTree   ├── infer-owner@1.0.4
1961 silly idealTree   ├── inflight@1.0.6
1961 silly idealTree   ├── inherits@2.0.4
1961 silly idealTree   ├── ini@3.0.1
1961 silly idealTree   ├── init-package-json@3.0.2
1961 silly idealTree   ├── ip-regex@4.3.0
1961 silly idealTree   ├── ip@2.0.0
1961 silly idealTree   ├── is-cidr@4.0.2
1961 silly idealTree   ├── is-core-module@2.10.0
1961 silly idealTree   ├── is-fullwidth-code-point@3.0.0
1961 silly idealTree   ├── is-lambda@1.0.1
1961 silly idealTree   ├── isexe@2.0.0
1961 silly idealTree   ├── json-parse-even-better-errors@2.3.1
1961 silly idealTree   ├── json-stringify-nice@1.1.4
1961 silly idealTree   ├── jsonparse@1.3.1
1961 silly idealTree   ├── just-diff-apply@5.4.1
1961 silly idealTree   ├── just-diff@5.1.1
1961 silly idealTree   ├── libnpmaccess@6.0.4
1961 silly idealTree   ├── libnpmdiff@4.0.5
1961 silly idealTree   ├── libnpmexec@4.0.14
1961 silly idealTree   ├── libnpmfund@3.0.5
1961 silly idealTree   ├── libnpmhook@8.0.4
1961 silly idealTree   ├── libnpmorg@4.0.4
1961 silly idealTree   ├── libnpmpack@4.1.3
1961 silly idealTree   ├── libnpmpublish@6.0.5
1961 silly idealTree   ├── libnpmsearch@5.0.4
1961 silly idealTree   ├── libnpmteam@4.0.4
1961 silly idealTree   ├── libnpmversion@3.0.7
1961 silly idealTree   ├── lru-cache@7.13.2
1961 silly idealTree   ├── make-fetch-happen@10.2.1
1961 silly idealTree   ├── minimatch@5.1.0
1961 silly idealTree   ├── minipass-collect@1.0.2
1961 silly idealTree   ├── minipass-fetch@2.1.1
1961 silly idealTree   ├── minipass-flush@1.0.5
1961 silly idealTree   ├── minipass-json-stream@1.0.1
1961 silly idealTree   ├── minipass-pipeline@1.2.4
1961 silly idealTree   ├── minipass-sized@1.0.3
1961 silly idealTree   ├── minipass@3.3.4
1961 silly idealTree   ├── minizlib@2.1.2
1961 silly idealTree   ├── mkdirp-infer-owner@2.0.0
1961 silly idealTree   ├── mkdirp@1.0.4
1961 silly idealTree   ├── ms@2.1.3
1961 silly idealTree   ├── mute-stream@0.0.8
1961 silly idealTree   ├── negotiator@0.6.3
1961 silly idealTree   ├─┬ node-gyp@9.1.0
1961 silly idealTree   │ ├── brace-expansion@1.1.11
1961 silly idealTree   │ ├── glob@7.2.3
1961 silly idealTree   │ ├── minimatch@3.1.2
1961 silly idealTree   │ └── nopt@5.0.0
1961 silly idealTree   ├── nopt@6.0.0
1961 silly idealTree   ├── normalize-package-data@4.0.1
1961 silly idealTree   ├── npm-audit-report@3.0.0
1961 silly idealTree   ├─┬ npm-bundled@2.0.1
1961 silly idealTree   │ └── npm-normalize-package-bin@2.0.0
1961 silly idealTree   ├── npm-install-checks@5.0.0
1961 silly idealTree   ├── npm-normalize-package-bin@1.0.1
1961 silly idealTree   ├── npm-package-arg@9.1.0
1961 silly idealTree   ├─┬ npm-packlist@5.1.3
1961 silly idealTree   │ └── npm-normalize-package-bin@2.0.0
1961 silly idealTree   ├─┬ npm-pick-manifest@7.0.2
1961 silly idealTree   │ └── npm-normalize-package-bin@2.0.0
1961 silly idealTree   ├── npm-profile@6.2.1
1961 silly idealTree   ├── npm-registry-fetch@13.3.1
1961 silly idealTree   ├── npm-user-validate@1.0.1
1961 silly idealTree   ├── npmlog@6.0.2
1961 silly idealTree   ├── once@1.4.0
1961 silly idealTree   ├── opener@1.5.2
1961 silly idealTree   ├── p-map@4.0.0
1961 silly idealTree   ├── pacote@13.6.2
1961 silly idealTree   ├── parse-conflict-json@2.0.2
1961 silly idealTree   ├── path-is-absolute@1.0.1
1961 silly idealTree   ├── postcss-selector-parser@6.0.10
1961 silly idealTree   ├── proc-log@2.0.1
1961 silly idealTree   ├── promise-all-reject-late@1.0.1
1961 silly idealTree   ├── promise-call-limit@1.0.1
1961 silly idealTree   ├── promise-inflight@1.0.1
1961 silly idealTree   ├── promise-retry@2.0.1
1961 silly idealTree   ├── promzard@0.3.0
1961 silly idealTree   ├── qrcode-terminal@0.12.0
1961 silly idealTree   ├── read-cmd-shim@3.0.0
1961 silly idealTree   ├── read-package-json-fast@2.0.3
1961 silly idealTree   ├─┬ read-package-json@5.0.2
1961 silly idealTree   │ └── npm-normalize-package-bin@2.0.0
1961 silly idealTree   ├── read@1.0.7
1961 silly idealTree   ├── readable-stream@3.6.0
1961 silly idealTree   ├── readdir-scoped-modules@1.1.0
1961 silly idealTree   ├── retry@0.12.0
1961 silly idealTree   ├─┬ rimraf@3.0.2
1961 silly idealTree   │ ├── brace-expansion@1.1.11
1961 silly idealTree   │ ├── glob@7.2.3
1961 silly idealTree   │ └── minimatch@3.1.2
1961 silly idealTree   ├── safe-buffer@5.2.1
1961 silly idealTree   ├── safer-buffer@2.1.2
1961 silly idealTree   ├─┬ semver@7.3.7
1961 silly idealTree   │ └── lru-cache@6.0.0
1961 silly idealTree   ├── set-blocking@2.0.0
1961 silly idealTree   ├── signal-exit@3.0.7
1961 silly idealTree   ├── smart-buffer@4.2.0
1961 silly idealTree   ├── socks-proxy-agent@7.0.0
1961 silly idealTree   ├── socks@2.7.0
1961 silly idealTree   ├── spdx-correct@3.1.1
1961 silly idealTree   ├── spdx-exceptions@2.3.0
1961 silly idealTree   ├── spdx-expression-parse@3.0.1
1961 silly idealTree   ├── spdx-license-ids@3.0.11
1961 silly idealTree   ├── ssri@9.0.1
1961 silly idealTree   ├── string_decoder@1.3.0
1961 silly idealTree   ├── string-width@4.2.3
1961 silly idealTree   ├── strip-ansi@6.0.1
1961 silly idealTree   ├── supports-color@7.2.0
1961 silly idealTree   ├── tar@6.1.11
1961 silly idealTree   ├── text-table@0.2.0
1961 silly idealTree   ├── tiny-relative-date@1.3.0
1961 silly idealTree   ├── treeverse@2.0.0
1961 silly idealTree   ├── unique-filename@2.0.1
1961 silly idealTree   ├── unique-slug@3.0.0
1961 silly idealTree   ├── util-deprecate@1.0.2
1961 silly idealTree   ├── validate-npm-package-license@3.0.4
1961 silly idealTree   ├── validate-npm-package-name@4.0.0
1961 silly idealTree   ├── walk-up-path@1.0.0
1961 silly idealTree   ├── wcwidth@1.0.1
1961 silly idealTree   ├── which@2.0.2
1961 silly idealTree   ├── wide-align@1.1.5
1961 silly idealTree   ├── wrappy@1.0.2
1961 silly idealTree   ├── write-file-atomic@4.0.2
1961 silly idealTree   └── yallist@4.0.0
1962 silly generateActionsToTake Starting
1963 silly install generateActionsToTake
1964 silly generateActionsToTake Finishing
1965 silly diffTrees action count 211
1966 silly diffTrees add @colors/colors@1.5.0
1967 silly diffTrees add @gar/promisify@1.1.3
1968 silly diffTrees add @isaacs/string-locale-compare@1.1.0
1969 silly diffTrees add @npmcli/ci-detect@2.0.0
1970 silly diffTrees add @npmcli/name-from-folder@1.0.1
1971 silly diffTrees add @npmcli/node-gyp@2.0.0
1972 silly diffTrees add @tootallnate/once@2.0.0
1973 silly diffTrees add abbrev@1.1.1
1974 silly diffTrees add ansi-regex@5.0.1
1975 silly diffTrees add aproba@2.0.0
1976 silly diffTrees add archy@1.0.0
1977 silly diffTrees add asap@2.0.6
1978 silly diffTrees add balanced-match@1.0.2
1979 silly diffTrees add npm-normalize-package-bin@2.0.0
1980 silly diffTrees add binary-extensions@2.2.0
1981 silly diffTrees add brace-expansion@2.0.1
1982 silly diffTrees add chownr@2.0.0
1983 silly diffTrees add clean-stack@2.2.0
1984 silly diffTrees add clone@1.0.4
1985 silly diffTrees add color-name@1.1.4
1986 silly diffTrees add color-convert@2.0.1
1987 silly diffTrees add ansi-styles@4.3.0
1988 silly diffTrees add @npmcli/disparity-colors@2.0.0
1989 silly diffTrees add color-support@1.1.3
1990 silly diffTrees add common-ancestor-path@1.0.1
1991 silly diffTrees add concat-map@0.0.1
1992 silly diffTrees add console-control-strings@1.1.0
1993 silly diffTrees add cssesc@3.0.0
1994 silly diffTrees add ms@2.1.2
1995 silly diffTrees add debug@4.3.4
1996 silly diffTrees add agent-base@6.0.2
1997 silly diffTrees add debuglog@1.0.1
1998 silly diffTrees add defaults@1.0.3
1999 silly diffTrees add delegates@1.0.0
2000 silly diffTrees add depd@1.1.2
2001 silly diffTrees add diff@5.1.0
2002 silly diffTrees add emoji-regex@8.0.0
2003 silly diffTrees add env-paths@2.2.1
2004 silly diffTrees add err-code@2.0.3
2005 silly diffTrees add fastest-levenshtein@1.0.12
2006 silly diffTrees add fs.realpath@1.0.0
2007 silly diffTrees add function-bind@1.1.1
2008 silly diffTrees add graceful-fs@4.2.10
2009 silly diffTrees add has@1.0.3
2010 silly diffTrees add has-flag@4.0.0
2011 silly diffTrees add has-unicode@2.0.1
2012 silly diffTrees add http-cache-semantics@4.1.1
2013 silly diffTrees add http-proxy-agent@5.0.0
2014 silly diffTrees add https-proxy-agent@5.0.1
2015 silly diffTrees add imurmurhash@0.1.4
2016 silly diffTrees add indent-string@4.0.0
2017 silly diffTrees add aggregate-error@3.1.0
2018 silly diffTrees add infer-owner@1.0.4
2019 silly diffTrees add @npmcli/promise-spawn@3.0.0
2020 silly diffTrees add inherits@2.0.4
2021 silly diffTrees add ini@3.0.1
2022 silly diffTrees add ip@2.0.0
2023 silly diffTrees add ip-regex@4.3.0
2024 silly diffTrees add cidr-regex@3.1.1
2025 silly diffTrees add is-cidr@4.0.2
2026 silly diffTrees add is-core-module@2.10.0
2027 silly diffTrees add is-fullwidth-code-point@3.0.0
2028 silly diffTrees add is-lambda@1.0.1
2029 silly diffTrees add isexe@2.0.0
2030 silly diffTrees add json-parse-even-better-errors@2.3.1
2031 silly diffTrees add @npmcli/package-json@2.0.0
2032 silly diffTrees add json-stringify-nice@1.1.4
2033 silly diffTrees add jsonparse@1.3.1
2034 silly diffTrees add just-diff@5.1.1
2035 silly diffTrees add just-diff-apply@5.4.1
2036 silly diffTrees add lru-cache@7.13.2
2037 silly diffTrees add hosted-git-info@5.2.1
2038 silly diffTrees add minimatch@5.1.0
2039 silly diffTrees add ignore-walk@5.0.1
2040 silly diffTrees add mkdirp@1.0.4
2041 silly diffTrees add mkdirp-infer-owner@2.0.0
2042 silly diffTrees add cmd-shim@5.0.0
2043 silly diffTrees add ms@2.1.3
2044 silly diffTrees add humanize-ms@1.2.1
2045 silly diffTrees add agentkeepalive@4.2.1
2046 silly diffTrees add mute-stream@0.0.8
2047 silly diffTrees add negotiator@0.6.3
2048 silly diffTrees add brace-expansion@1.1.11
2049 silly diffTrees add minimatch@3.1.2
2050 silly diffTrees add nopt@5.0.0
2051 silly diffTrees add nopt@6.0.0
2052 silly diffTrees add npm-normalize-package-bin@2.0.0
2053 silly diffTrees add npm-bundled@2.0.1
2054 silly diffTrees add npm-normalize-package-bin@1.0.1
2055 silly diffTrees add npm-bundled@1.1.2
2056 silly diffTrees add @npmcli/installed-package-contents@1.0.7
2057 silly diffTrees add npm-normalize-package-bin@2.0.0
2058 silly diffTrees add npm-normalize-package-bin@2.0.0
2059 silly diffTrees add npm-user-validate@1.0.1
2060 silly diffTrees add opener@1.5.2
2061 silly diffTrees add p-map@4.0.0
2062 silly diffTrees add parse-conflict-json@2.0.2
2063 silly diffTrees add path-is-absolute@1.0.1
2064 silly diffTrees add proc-log@2.0.1
2065 silly diffTrees add promise-all-reject-late@1.0.1
2066 silly diffTrees add promise-call-limit@1.0.1
2067 silly diffTrees add promise-inflight@1.0.1
2068 silly diffTrees add qrcode-terminal@0.12.0
2069 silly diffTrees add read@1.0.7
2070 silly diffTrees add promzard@0.3.0
2071 silly diffTrees add read-cmd-shim@3.0.0
2072 silly diffTrees add read-package-json-fast@2.0.3
2073 silly diffTrees add npm-normalize-package-bin@2.0.0
2074 silly diffTrees add retry@0.12.0
2075 silly diffTrees add promise-retry@2.0.1
2076 silly diffTrees add brace-expansion@1.1.11
2077 silly diffTrees add minimatch@3.1.2
2078 silly diffTrees add safe-buffer@5.2.1
2079 silly diffTrees add safer-buffer@2.1.2
2080 silly diffTrees add iconv-lite@0.6.3
2081 silly diffTrees add encoding@0.1.13
2082 silly diffTrees add set-blocking@2.0.0
2083 silly diffTrees add signal-exit@3.0.7
2084 silly diffTrees add smart-buffer@4.2.0
2085 silly diffTrees add socks@2.7.0
2086 silly diffTrees add socks-proxy-agent@7.0.0
2087 silly diffTrees add spdx-exceptions@2.3.0
2088 silly diffTrees add spdx-license-ids@3.0.11
2089 silly diffTrees add spdx-expression-parse@3.0.1
2090 silly diffTrees add spdx-correct@3.1.1
2091 silly diffTrees add string_decoder@1.3.0
2092 silly diffTrees add strip-ansi@6.0.1
2093 silly diffTrees add string-width@4.2.3
2094 silly diffTrees add cli-table3@0.6.2
2095 silly diffTrees add cli-columns@4.0.0
2096 silly diffTrees add supports-color@7.2.0
2097 silly diffTrees add chalk@4.1.2
2098 silly diffTrees add npm-audit-report@3.0.0
2099 silly diffTrees add text-table@0.2.0
2100 silly diffTrees add tiny-relative-date@1.3.0
2101 silly diffTrees add treeverse@2.0.0
2102 silly diffTrees add unique-slug@3.0.0
2103 silly diffTrees add unique-filename@2.0.1
2104 silly diffTrees add util-deprecate@1.0.2
2105 silly diffTrees add readable-stream@3.6.0
2106 silly diffTrees add are-we-there-yet@3.0.1
2107 silly diffTrees add postcss-selector-parser@6.0.10
2108 silly diffTrees add validate-npm-package-license@3.0.4
2109 silly diffTrees add walk-up-path@1.0.0
2110 silly diffTrees add wcwidth@1.0.1
2111 silly diffTrees add columnify@1.6.0
2112 silly diffTrees add which@2.0.2
2113 silly diffTrees add wide-align@1.1.5
2114 silly diffTrees add gauge@4.0.4
2115 silly diffTrees add npmlog@6.0.2
2116 silly diffTrees add wrappy@1.0.2
2117 silly diffTrees add once@1.4.0
2118 silly diffTrees add inflight@1.0.6
2119 silly diffTrees add glob@7.2.3
2120 silly diffTrees add rimraf@3.0.2
2121 silly diffTrees add @npmcli/move-file@2.0.1
2122 silly diffTrees add glob@7.2.3
2123 silly diffTrees add glob@8.0.3
2124 silly diffTrees add npm-packlist@5.1.3
2125 silly diffTrees add @npmcli/map-workspaces@2.0.4
2126 silly diffTrees add dezalgo@1.0.4
2127 silly diffTrees add readdir-scoped-modules@1.1.0
2128 silly diffTrees add write-file-atomic@4.0.2
2129 silly diffTrees add bin-links@3.0.3
2130 silly diffTrees add yallist@4.0.0
2131 silly diffTrees add lru-cache@6.0.0
2132 silly diffTrees add semver@7.3.7
2133 silly diffTrees add npm-install-checks@5.0.0
2134 silly diffTrees add normalize-package-data@4.0.1
2135 silly diffTrees add read-package-json@5.0.2
2136 silly diffTrees add builtins@5.0.1
2137 silly diffTrees add validate-npm-package-name@4.0.0
2138 silly diffTrees add npm-package-arg@9.1.0
2139 silly diffTrees add npm-pick-manifest@7.0.2
2140 silly diffTrees add init-package-json@3.0.2
2141 silly diffTrees add @npmcli/query@1.2.0
2142 silly diffTrees add @npmcli/git@3.0.2
2143 silly diffTrees add @npmcli/fs@2.1.2
2144 silly diffTrees add @npmcli/config@4.2.2
2145 silly diffTrees add minipass@3.3.4
2146 silly diffTrees add ssri@9.0.1
2147 silly diffTrees add minizlib@2.1.2
2148 silly diffTrees add minipass-sized@1.0.3
2149 silly diffTrees add minipass-pipeline@1.2.4
2150 silly diffTrees add minipass-json-stream@1.0.1
2151 silly diffTrees add minipass-flush@1.0.5
2152 silly diffTrees add minipass-fetch@2.1.1
2153 silly diffTrees add minipass-collect@1.0.2
2154 silly diffTrees add fs-minipass@2.1.0
2155 silly diffTrees add tar@6.1.11
2156 silly diffTrees add cacache@16.1.3
2157 silly diffTrees add make-fetch-happen@10.2.1
2158 silly diffTrees add npm-registry-fetch@13.3.1
2159 silly diffTrees add npm-profile@6.2.1
2160 silly diffTrees add libnpmteam@4.0.4
2161 silly diffTrees add libnpmsearch@5.0.4
2162 silly diffTrees add libnpmpublish@6.0.5
2163 silly diffTrees add libnpmorg@4.0.4
2164 silly diffTrees add libnpmhook@8.0.4
2165 silly diffTrees add libnpmaccess@6.0.4
2166 silly diffTrees add node-gyp@9.1.0
2167 silly diffTrees add @npmcli/run-script@4.2.1
2168 silly diffTrees add pacote@13.6.2
2169 silly diffTrees add libnpmdiff@4.0.5
2170 silly diffTrees add libnpmversion@3.0.7
2171 silly diffTrees add libnpmpack@4.1.3
2172 silly diffTrees add @npmcli/metavuln-calculator@3.1.1
2173 silly diffTrees add @npmcli/arborist@5.6.3
2174 silly diffTrees add libnpmfund@3.0.5
2175 silly diffTrees add libnpmexec@4.0.14
2176 silly diffTrees add npm@8.19.4
2177 silly decomposeActions action count 1058
2178 silly decomposeActions preinstall @colors/colors@1.5.0
2179 silly decomposeActions build @colors/colors@1.5.0
2180 silly decomposeActions install @colors/colors@1.5.0
2181 silly decomposeActions postinstall @colors/colors@1.5.0
2182 silly decomposeActions finalize @colors/colors@1.5.0
2183 silly decomposeActions preinstall @gar/promisify@1.1.3
2184 silly decomposeActions build @gar/promisify@1.1.3
2185 silly decomposeActions install @gar/promisify@1.1.3
2186 silly decomposeActions postinstall @gar/promisify@1.1.3
2187 silly decomposeActions finalize @gar/promisify@1.1.3
2188 silly decomposeActions preinstall @isaacs/string-locale-compare@1.1.0
2189 silly decomposeActions build @isaacs/string-locale-compare@1.1.0
2190 silly decomposeActions install @isaacs/string-locale-compare@1.1.0
2191 silly decomposeActions postinstall @isaacs/string-locale-compare@1.1.0
2192 silly decomposeActions finalize @isaacs/string-locale-compare@1.1.0
2193 silly decomposeActions preinstall @npmcli/ci-detect@2.0.0
2194 silly decomposeActions build @npmcli/ci-detect@2.0.0
2195 silly decomposeActions install @npmcli/ci-detect@2.0.0
2196 silly decomposeActions postinstall @npmcli/ci-detect@2.0.0
2197 silly decomposeActions finalize @npmcli/ci-detect@2.0.0
2198 silly decomposeActions preinstall @npmcli/name-from-folder@1.0.1
2199 silly decomposeActions build @npmcli/name-from-folder@1.0.1
2200 silly decomposeActions install @npmcli/name-from-folder@1.0.1
2201 silly decomposeActions postinstall @npmcli/name-from-folder@1.0.1
2202 silly decomposeActions finalize @npmcli/name-from-folder@1.0.1
2203 silly decomposeActions preinstall @npmcli/node-gyp@2.0.0
2204 silly decomposeActions build @npmcli/node-gyp@2.0.0
2205 silly decomposeActions install @npmcli/node-gyp@2.0.0
2206 silly decomposeActions postinstall @npmcli/node-gyp@2.0.0
2207 silly decomposeActions finalize @npmcli/node-gyp@2.0.0
2208 silly decomposeActions preinstall @tootallnate/once@2.0.0
2209 silly decomposeActions build @tootallnate/once@2.0.0
2210 silly decomposeActions install @tootallnate/once@2.0.0
2211 silly decomposeActions postinstall @tootallnate/once@2.0.0
2212 silly decomposeActions finalize @tootallnate/once@2.0.0
2213 silly decomposeActions preinstall abbrev@1.1.1
2214 silly decomposeActions build abbrev@1.1.1
2215 silly decomposeActions install abbrev@1.1.1
2216 silly decomposeActions postinstall abbrev@1.1.1
2217 silly decomposeActions finalize abbrev@1.1.1
2218 silly decomposeActions preinstall ansi-regex@5.0.1
2219 silly decomposeActions build ansi-regex@5.0.1
2220 silly decomposeActions install ansi-regex@5.0.1
2221 silly decomposeActions postinstall ansi-regex@5.0.1
2222 silly decomposeActions finalize ansi-regex@5.0.1
2223 silly decomposeActions preinstall aproba@2.0.0
2224 silly decomposeActions build aproba@2.0.0
2225 silly decomposeActions install aproba@2.0.0
2226 silly decomposeActions postinstall aproba@2.0.0
2227 silly decomposeActions finalize aproba@2.0.0
2228 silly decomposeActions preinstall archy@1.0.0
2229 silly decomposeActions build archy@1.0.0
2230 silly decomposeActions install archy@1.0.0
2231 silly decomposeActions postinstall archy@1.0.0
2232 silly decomposeActions finalize archy@1.0.0
2233 silly decomposeActions preinstall asap@2.0.6
2234 silly decomposeActions build asap@2.0.6
2235 silly decomposeActions install asap@2.0.6
2236 silly decomposeActions postinstall asap@2.0.6
2237 silly decomposeActions finalize asap@2.0.6
2238 silly decomposeActions preinstall balanced-match@1.0.2
2239 silly decomposeActions build balanced-match@1.0.2
2240 silly decomposeActions install balanced-match@1.0.2
2241 silly decomposeActions postinstall balanced-match@1.0.2
2242 silly decomposeActions finalize balanced-match@1.0.2
2243 silly decomposeActions preinstall npm-normalize-package-bin@2.0.0
2244 silly decomposeActions build npm-normalize-package-bin@2.0.0
2245 silly decomposeActions install npm-normalize-package-bin@2.0.0
2246 silly decomposeActions postinstall npm-normalize-package-bin@2.0.0
2247 silly decomposeActions finalize npm-normalize-package-bin@2.0.0
2248 silly decomposeActions preinstall binary-extensions@2.2.0
2249 silly decomposeActions build binary-extensions@2.2.0
2250 silly decomposeActions install binary-extensions@2.2.0
2251 silly decomposeActions postinstall binary-extensions@2.2.0
2252 silly decomposeActions finalize binary-extensions@2.2.0
2253 silly decomposeActions preinstall brace-expansion@2.0.1
2254 silly decomposeActions build brace-expansion@2.0.1
2255 silly decomposeActions install brace-expansion@2.0.1
2256 silly decomposeActions postinstall brace-expansion@2.0.1
2257 silly decomposeActions finalize brace-expansion@2.0.1
2258 silly decomposeActions preinstall chownr@2.0.0
2259 silly decomposeActions build chownr@2.0.0
2260 silly decomposeActions install chownr@2.0.0
2261 silly decomposeActions postinstall chownr@2.0.0
2262 silly decomposeActions finalize chownr@2.0.0
2263 silly decomposeActions preinstall clean-stack@2.2.0
2264 silly decomposeActions build clean-stack@2.2.0
2265 silly decomposeActions install clean-stack@2.2.0
2266 silly decomposeActions postinstall clean-stack@2.2.0
2267 silly decomposeActions finalize clean-stack@2.2.0
2268 silly decomposeActions preinstall clone@1.0.4
2269 silly decomposeActions build clone@1.0.4
2270 silly decomposeActions install clone@1.0.4
2271 silly decomposeActions postinstall clone@1.0.4
2272 silly decomposeActions finalize clone@1.0.4
2273 silly decomposeActions preinstall color-name@1.1.4
2274 silly decomposeActions build color-name@1.1.4
2275 silly decomposeActions install color-name@1.1.4
2276 silly decomposeActions postinstall color-name@1.1.4
2277 silly decomposeActions finalize color-name@1.1.4
2278 silly decomposeActions preinstall color-convert@2.0.1
2279 silly decomposeActions build color-convert@2.0.1
2280 silly decomposeActions install color-convert@2.0.1
2281 silly decomposeActions postinstall color-convert@2.0.1
2282 silly decomposeActions finalize color-convert@2.0.1
2283 silly decomposeActions preinstall ansi-styles@4.3.0
2284 silly decomposeActions build ansi-styles@4.3.0
2285 silly decomposeActions install ansi-styles@4.3.0
2286 silly decomposeActions postinstall ansi-styles@4.3.0
2287 silly decomposeActions finalize ansi-styles@4.3.0
2288 silly decomposeActions preinstall @npmcli/disparity-colors@2.0.0
2289 silly decomposeActions build @npmcli/disparity-colors@2.0.0
2290 silly decomposeActions install @npmcli/disparity-colors@2.0.0
2291 silly decomposeActions postinstall @npmcli/disparity-colors@2.0.0
2292 silly decomposeActions finalize @npmcli/disparity-colors@2.0.0
2293 silly decomposeActions preinstall color-support@1.1.3
2294 silly decomposeActions build color-support@1.1.3
2295 silly decomposeActions install color-support@1.1.3
2296 silly decomposeActions postinstall color-support@1.1.3
2297 silly decomposeActions finalize color-support@1.1.3
2298 silly decomposeActions preinstall common-ancestor-path@1.0.1
2299 silly decomposeActions build common-ancestor-path@1.0.1
2300 silly decomposeActions install common-ancestor-path@1.0.1
2301 silly decomposeActions postinstall common-ancestor-path@1.0.1
2302 silly decomposeActions finalize common-ancestor-path@1.0.1
2303 silly decomposeActions preinstall concat-map@0.0.1
2304 silly decomposeActions build concat-map@0.0.1
2305 silly decomposeActions install concat-map@0.0.1
2306 silly decomposeActions postinstall concat-map@0.0.1
2307 silly decomposeActions finalize concat-map@0.0.1
2308 silly decomposeActions preinstall console-control-strings@1.1.0
2309 silly decomposeActions build console-control-strings@1.1.0
2310 silly decomposeActions install console-control-strings@1.1.0
2311 silly decomposeActions postinstall console-control-strings@1.1.0
2312 silly decomposeActions finalize console-control-strings@1.1.0
2313 silly decomposeActions preinstall cssesc@3.0.0
2314 silly decomposeActions build cssesc@3.0.0
2315 silly decomposeActions install cssesc@3.0.0
2316 silly decomposeActions postinstall cssesc@3.0.0
2317 silly decomposeActions finalize cssesc@3.0.0
2318 silly decomposeActions preinstall ms@2.1.2
2319 silly decomposeActions build ms@2.1.2
2320 silly decomposeActions install ms@2.1.2
2321 silly decomposeActions postinstall ms@2.1.2
2322 silly decomposeActions finalize ms@2.1.2
2323 silly decomposeActions preinstall debug@4.3.4
2324 silly decomposeActions build debug@4.3.4
2325 silly decomposeActions install debug@4.3.4
2326 silly decomposeActions postinstall debug@4.3.4
2327 silly decomposeActions finalize debug@4.3.4
2328 silly decomposeActions preinstall agent-base@6.0.2
2329 silly decomposeActions build agent-base@6.0.2
2330 silly decomposeActions install agent-base@6.0.2
2331 silly decomposeActions postinstall agent-base@6.0.2
2332 silly decomposeActions finalize agent-base@6.0.2
2333 silly decomposeActions preinstall debuglog@1.0.1
2334 silly decomposeActions build debuglog@1.0.1
2335 silly decomposeActions install debuglog@1.0.1
2336 silly decomposeActions postinstall debuglog@1.0.1
2337 silly decomposeActions finalize debuglog@1.0.1
2338 silly decomposeActions preinstall defaults@1.0.3
2339 silly decomposeActions build defaults@1.0.3
2340 silly decomposeActions install defaults@1.0.3
2341 silly decomposeActions postinstall defaults@1.0.3
2342 silly decomposeActions finalize defaults@1.0.3
2343 silly decomposeActions preinstall delegates@1.0.0
2344 silly decomposeActions build delegates@1.0.0
2345 silly decomposeActions install delegates@1.0.0
2346 silly decomposeActions postinstall delegates@1.0.0
2347 silly decomposeActions finalize delegates@1.0.0
2348 silly decomposeActions preinstall depd@1.1.2
2349 silly decomposeActions build depd@1.1.2
2350 silly decomposeActions install depd@1.1.2
2351 silly decomposeActions postinstall depd@1.1.2
2352 silly decomposeActions finalize depd@1.1.2
2353 silly decomposeActions preinstall diff@5.1.0
2354 silly decomposeActions build diff@5.1.0
2355 silly decomposeActions install diff@5.1.0
2356 silly decomposeActions postinstall diff@5.1.0
2357 silly decomposeActions finalize diff@5.1.0
2358 silly decomposeActions preinstall emoji-regex@8.0.0
2359 silly decomposeActions build emoji-regex@8.0.0
2360 silly decomposeActions install emoji-regex@8.0.0
2361 silly decomposeActions postinstall emoji-regex@8.0.0
2362 silly decomposeActions finalize emoji-regex@8.0.0
2363 silly decomposeActions preinstall env-paths@2.2.1
2364 silly decomposeActions build env-paths@2.2.1
2365 silly decomposeActions install env-paths@2.2.1
2366 silly decomposeActions postinstall env-paths@2.2.1
2367 silly decomposeActions finalize env-paths@2.2.1
2368 silly decomposeActions preinstall err-code@2.0.3
2369 silly decomposeActions build err-code@2.0.3
2370 silly decomposeActions install err-code@2.0.3
2371 silly decomposeActions postinstall err-code@2.0.3
2372 silly decomposeActions finalize err-code@2.0.3
2373 silly decomposeActions preinstall fastest-levenshtein@1.0.12
2374 silly decomposeActions build fastest-levenshtein@1.0.12
2375 silly decomposeActions install fastest-levenshtein@1.0.12
2376 silly decomposeActions postinstall fastest-levenshtein@1.0.12
2377 silly decomposeActions finalize fastest-levenshtein@1.0.12
2378 silly decomposeActions preinstall fs.realpath@1.0.0
2379 silly decomposeActions build fs.realpath@1.0.0
2380 silly decomposeActions install fs.realpath@1.0.0
2381 silly decomposeActions postinstall fs.realpath@1.0.0
2382 silly decomposeActions finalize fs.realpath@1.0.0
2383 silly decomposeActions preinstall function-bind@1.1.1
2384 silly decomposeActions build function-bind@1.1.1
2385 silly decomposeActions install function-bind@1.1.1
2386 silly decomposeActions postinstall function-bind@1.1.1
2387 silly decomposeActions finalize function-bind@1.1.1
2388 silly decomposeActions preinstall graceful-fs@4.2.10
2389 silly decomposeActions build graceful-fs@4.2.10
2390 silly decomposeActions install graceful-fs@4.2.10
2391 silly decomposeActions postinstall graceful-fs@4.2.10
2392 silly decomposeActions finalize graceful-fs@4.2.10
2393 silly decomposeActions preinstall has@1.0.3
2394 silly decomposeActions build has@1.0.3
2395 silly decomposeActions install has@1.0.3
2396 silly decomposeActions postinstall has@1.0.3
2397 silly decomposeActions finalize has@1.0.3
2398 silly decomposeActions preinstall has-flag@4.0.0
2399 silly decomposeActions build has-flag@4.0.0
2400 silly decomposeActions install has-flag@4.0.0
2401 silly decomposeActions postinstall has-flag@4.0.0
2402 silly decomposeActions finalize has-flag@4.0.0
2403 silly decomposeActions preinstall has-unicode@2.0.1
2404 silly decomposeActions build has-unicode@2.0.1
2405 silly decomposeActions install has-unicode@2.0.1
2406 silly decomposeActions postinstall has-unicode@2.0.1
2407 silly decomposeActions finalize has-unicode@2.0.1
2408 silly decomposeActions preinstall http-cache-semantics@4.1.1
2409 silly decomposeActions build http-cache-semantics@4.1.1
2410 silly decomposeActions install http-cache-semantics@4.1.1
2411 silly decomposeActions postinstall http-cache-semantics@4.1.1
2412 silly decomposeActions finalize http-cache-semantics@4.1.1
2413 silly decomposeActions preinstall http-proxy-agent@5.0.0
2414 silly decomposeActions build http-proxy-agent@5.0.0
2415 silly decomposeActions install http-proxy-agent@5.0.0
2416 silly decomposeActions postinstall http-proxy-agent@5.0.0
2417 silly decomposeActions finalize http-proxy-agent@5.0.0
2418 silly decomposeActions preinstall https-proxy-agent@5.0.1
2419 silly decomposeActions build https-proxy-agent@5.0.1
2420 silly decomposeActions install https-proxy-agent@5.0.1
2421 silly decomposeActions postinstall https-proxy-agent@5.0.1
2422 silly decomposeActions finalize https-proxy-agent@5.0.1
2423 silly decomposeActions preinstall imurmurhash@0.1.4
2424 silly decomposeActions build imurmurhash@0.1.4
2425 silly decomposeActions install imurmurhash@0.1.4
2426 silly decomposeActions postinstall imurmurhash@0.1.4
2427 silly decomposeActions finalize imurmurhash@0.1.4
2428 silly decomposeActions preinstall indent-string@4.0.0
2429 silly decomposeActions build indent-string@4.0.0
2430 silly decomposeActions install indent-string@4.0.0
2431 silly decomposeActions postinstall indent-string@4.0.0
2432 silly decomposeActions finalize indent-string@4.0.0
2433 silly decomposeActions preinstall aggregate-error@3.1.0
2434 silly decomposeActions build aggregate-error@3.1.0
2435 silly decomposeActions install aggregate-error@3.1.0
2436 silly decomposeActions postinstall aggregate-error@3.1.0
2437 silly decomposeActions finalize aggregate-error@3.1.0
2438 silly decomposeActions preinstall infer-owner@1.0.4
2439 silly decomposeActions build infer-owner@1.0.4
2440 silly decomposeActions install infer-owner@1.0.4
2441 silly decomposeActions postinstall infer-owner@1.0.4
2442 silly decomposeActions finalize infer-owner@1.0.4
2443 silly decomposeActions preinstall @npmcli/promise-spawn@3.0.0
2444 silly decomposeActions build @npmcli/promise-spawn@3.0.0
2445 silly decomposeActions install @npmcli/promise-spawn@3.0.0
2446 silly decomposeActions postinstall @npmcli/promise-spawn@3.0.0
2447 silly decomposeActions finalize @npmcli/promise-spawn@3.0.0
2448 silly decomposeActions preinstall inherits@2.0.4
2449 silly decomposeActions build inherits@2.0.4
2450 silly decomposeActions install inherits@2.0.4
2451 silly decomposeActions postinstall inherits@2.0.4
2452 silly decomposeActions finalize inherits@2.0.4
2453 silly decomposeActions preinstall ini@3.0.1
2454 silly decomposeActions build ini@3.0.1
2455 silly decomposeActions install ini@3.0.1
2456 silly decomposeActions postinstall ini@3.0.1
2457 silly decomposeActions finalize ini@3.0.1
2458 silly decomposeActions preinstall ip@2.0.0
2459 silly decomposeActions build ip@2.0.0
2460 silly decomposeActions install ip@2.0.0
2461 silly decomposeActions postinstall ip@2.0.0
2462 silly decomposeActions finalize ip@2.0.0
2463 silly decomposeActions preinstall ip-regex@4.3.0
2464 silly decomposeActions build ip-regex@4.3.0
2465 silly decomposeActions install ip-regex@4.3.0
2466 silly decomposeActions postinstall ip-regex@4.3.0
2467 silly decomposeActions finalize ip-regex@4.3.0
2468 silly decomposeActions preinstall cidr-regex@3.1.1
2469 silly decomposeActions build cidr-regex@3.1.1
2470 silly decomposeActions install cidr-regex@3.1.1
2471 silly decomposeActions postinstall cidr-regex@3.1.1
2472 silly decomposeActions finalize cidr-regex@3.1.1
2473 silly decomposeActions preinstall is-cidr@4.0.2
2474 silly decomposeActions build is-cidr@4.0.2
2475 silly decomposeActions install is-cidr@4.0.2
2476 silly decomposeActions postinstall is-cidr@4.0.2
2477 silly decomposeActions finalize is-cidr@4.0.2
2478 silly decomposeActions preinstall is-core-module@2.10.0
2479 silly decomposeActions build is-core-module@2.10.0
2480 silly decomposeActions install is-core-module@2.10.0
2481 silly decomposeActions postinstall is-core-module@2.10.0
2482 silly decomposeActions finalize is-core-module@2.10.0
2483 silly decomposeActions preinstall is-fullwidth-code-point@3.0.0
2484 silly decomposeActions build is-fullwidth-code-point@3.0.0
2485 silly decomposeActions install is-fullwidth-code-point@3.0.0
2486 silly decomposeActions postinstall is-fullwidth-code-point@3.0.0
2487 silly decomposeActions finalize is-fullwidth-code-point@3.0.0
2488 silly decomposeActions preinstall is-lambda@1.0.1
2489 silly decomposeActions build is-lambda@1.0.1
2490 silly decomposeActions install is-lambda@1.0.1
2491 silly decomposeActions postinstall is-lambda@1.0.1
2492 silly decomposeActions finalize is-lambda@1.0.1
2493 silly decomposeActions preinstall isexe@2.0.0
2494 silly decomposeActions build isexe@2.0.0
2495 silly decomposeActions install isexe@2.0.0
2496 silly decomposeActions postinstall isexe@2.0.0
2497 silly decomposeActions finalize isexe@2.0.0
2498 silly decomposeActions preinstall json-parse-even-better-errors@2.3.1
2499 silly decomposeActions build json-parse-even-better-errors@2.3.1
2500 silly decomposeActions install json-parse-even-better-errors@2.3.1
2501 silly decomposeActions postinstall json-parse-even-better-errors@2.3.1
2502 silly decomposeActions finalize json-parse-even-better-errors@2.3.1
2503 silly decomposeActions preinstall @npmcli/package-json@2.0.0
2504 silly decomposeActions build @npmcli/package-json@2.0.0
2505 silly decomposeActions install @npmcli/package-json@2.0.0
2506 silly decomposeActions postinstall @npmcli/package-json@2.0.0
2507 silly decomposeActions finalize @npmcli/package-json@2.0.0
2508 silly decomposeActions preinstall json-stringify-nice@1.1.4
2509 silly decomposeActions build json-stringify-nice@1.1.4
2510 silly decomposeActions install json-stringify-nice@1.1.4
2511 silly decomposeActions postinstall json-stringify-nice@1.1.4
2512 silly decomposeActions finalize json-stringify-nice@1.1.4
2513 silly decomposeActions preinstall jsonparse@1.3.1
2514 silly decomposeActions build jsonparse@1.3.1
2515 silly decomposeActions install jsonparse@1.3.1
2516 silly decomposeActions postinstall jsonparse@1.3.1
2517 silly decomposeActions finalize jsonparse@1.3.1
2518 silly decomposeActions preinstall just-diff@5.1.1
2519 silly decomposeActions build just-diff@5.1.1
2520 silly decomposeActions install just-diff@5.1.1
2521 silly decomposeActions postinstall just-diff@5.1.1
2522 silly decomposeActions finalize just-diff@5.1.1
2523 silly decomposeActions preinstall just-diff-apply@5.4.1
2524 silly decomposeActions build just-diff-apply@5.4.1
2525 silly decomposeActions install just-diff-apply@5.4.1
2526 silly decomposeActions postinstall just-diff-apply@5.4.1
2527 silly decomposeActions finalize just-diff-apply@5.4.1
2528 silly decomposeActions preinstall lru-cache@7.13.2
2529 silly decomposeActions build lru-cache@7.13.2
2530 silly decomposeActions install lru-cache@7.13.2
2531 silly decomposeActions postinstall lru-cache@7.13.2
2532 silly decomposeActions finalize lru-cache@7.13.2
2533 silly decomposeActions preinstall hosted-git-info@5.2.1
2534 silly decomposeActions build hosted-git-info@5.2.1
2535 silly decomposeActions install hosted-git-info@5.2.1
2536 silly decomposeActions postinstall hosted-git-info@5.2.1
2537 silly decomposeActions finalize hosted-git-info@5.2.1
2538 silly decomposeActions preinstall minimatch@5.1.0
2539 silly decomposeActions build minimatch@5.1.0
2540 silly decomposeActions install minimatch@5.1.0
2541 silly decomposeActions postinstall minimatch@5.1.0
2542 silly decomposeActions finalize minimatch@5.1.0
2543 silly decomposeActions preinstall ignore-walk@5.0.1
2544 silly decomposeActions build ignore-walk@5.0.1
2545 silly decomposeActions install ignore-walk@5.0.1
2546 silly decomposeActions postinstall ignore-walk@5.0.1
2547 silly decomposeActions finalize ignore-walk@5.0.1
2548 silly decomposeActions preinstall mkdirp@1.0.4
2549 silly decomposeActions build mkdirp@1.0.4
2550 silly decomposeActions install mkdirp@1.0.4
2551 silly decomposeActions postinstall mkdirp@1.0.4
2552 silly decomposeActions finalize mkdirp@1.0.4
2553 silly decomposeActions preinstall mkdirp-infer-owner@2.0.0
2554 silly decomposeActions build mkdirp-infer-owner@2.0.0
2555 silly decomposeActions install mkdirp-infer-owner@2.0.0
2556 silly decomposeActions postinstall mkdirp-infer-owner@2.0.0
2557 silly decomposeActions finalize mkdirp-infer-owner@2.0.0
2558 silly decomposeActions preinstall cmd-shim@5.0.0
2559 silly decomposeActions build cmd-shim@5.0.0
2560 silly decomposeActions install cmd-shim@5.0.0
2561 silly decomposeActions postinstall cmd-shim@5.0.0
2562 silly decomposeActions finalize cmd-shim@5.0.0
2563 silly decomposeActions preinstall ms@2.1.3
2564 silly decomposeActions build ms@2.1.3
2565 silly decomposeActions install ms@2.1.3
2566 silly decomposeActions postinstall ms@2.1.3
2567 silly decomposeActions finalize ms@2.1.3
2568 silly decomposeActions preinstall humanize-ms@1.2.1
2569 silly decomposeActions build humanize-ms@1.2.1
2570 silly decomposeActions install humanize-ms@1.2.1
2571 silly decomposeActions postinstall humanize-ms@1.2.1
2572 silly decomposeActions finalize humanize-ms@1.2.1
2573 silly decomposeActions preinstall agentkeepalive@4.2.1
2574 silly decomposeActions build agentkeepalive@4.2.1
2575 silly decomposeActions install agentkeepalive@4.2.1
2576 silly decomposeActions postinstall agentkeepalive@4.2.1
2577 silly decomposeActions finalize agentkeepalive@4.2.1
2578 silly decomposeActions preinstall mute-stream@0.0.8
2579 silly decomposeActions build mute-stream@0.0.8
2580 silly decomposeActions install mute-stream@0.0.8
2581 silly decomposeActions postinstall mute-stream@0.0.8
2582 silly decomposeActions finalize mute-stream@0.0.8
2583 silly decomposeActions preinstall negotiator@0.6.3
2584 silly decomposeActions build negotiator@0.6.3
2585 silly decomposeActions install negotiator@0.6.3
2586 silly decomposeActions postinstall negotiator@0.6.3
2587 silly decomposeActions finalize negotiator@0.6.3
2588 silly decomposeActions preinstall brace-expansion@1.1.11
2589 silly decomposeActions build brace-expansion@1.1.11
2590 silly decomposeActions install brace-expansion@1.1.11
2591 silly decomposeActions postinstall brace-expansion@1.1.11
2592 silly decomposeActions finalize brace-expansion@1.1.11
2593 silly decomposeActions preinstall minimatch@3.1.2
2594 silly decomposeActions build minimatch@3.1.2
2595 silly decomposeActions install minimatch@3.1.2
2596 silly decomposeActions postinstall minimatch@3.1.2
2597 silly decomposeActions finalize minimatch@3.1.2
2598 silly decomposeActions preinstall nopt@5.0.0
2599 silly decomposeActions build nopt@5.0.0
2600 silly decomposeActions install nopt@5.0.0
2601 silly decomposeActions postinstall nopt@5.0.0
2602 silly decomposeActions finalize nopt@5.0.0
2603 silly decomposeActions preinstall nopt@6.0.0
2604 silly decomposeActions build nopt@6.0.0
2605 silly decomposeActions install nopt@6.0.0
2606 silly decomposeActions postinstall nopt@6.0.0
2607 silly decomposeActions finalize nopt@6.0.0
2608 silly decomposeActions preinstall npm-normalize-package-bin@2.0.0
2609 silly decomposeActions build npm-normalize-package-bin@2.0.0
2610 silly decomposeActions install npm-normalize-package-bin@2.0.0
2611 silly decomposeActions postinstall npm-normalize-package-bin@2.0.0
2612 silly decomposeActions finalize npm-normalize-package-bin@2.0.0
2613 silly decomposeActions preinstall npm-bundled@2.0.1
2614 silly decomposeActions build npm-bundled@2.0.1
2615 silly decomposeActions install npm-bundled@2.0.1
2616 silly decomposeActions postinstall npm-bundled@2.0.1
2617 silly decomposeActions finalize npm-bundled@2.0.1
2618 silly decomposeActions preinstall npm-normalize-package-bin@1.0.1
2619 silly decomposeActions build npm-normalize-package-bin@1.0.1
2620 silly decomposeActions install npm-normalize-package-bin@1.0.1
2621 silly decomposeActions postinstall npm-normalize-package-bin@1.0.1
2622 silly decomposeActions finalize npm-normalize-package-bin@1.0.1
2623 silly decomposeActions preinstall npm-bundled@1.1.2
2624 silly decomposeActions build npm-bundled@1.1.2
2625 silly decomposeActions install npm-bundled@1.1.2
2626 silly decomposeActions postinstall npm-bundled@1.1.2
2627 silly decomposeActions finalize npm-bundled@1.1.2
2628 silly decomposeActions preinstall @npmcli/installed-package-contents@1.0.7
2629 silly decomposeActions build @npmcli/installed-package-contents@1.0.7
2630 silly decomposeActions install @npmcli/installed-package-contents@1.0.7
2631 silly decomposeActions postinstall @npmcli/installed-package-contents@1.0.7
2632 silly decomposeActions finalize @npmcli/installed-package-contents@1.0.7
2633 silly decomposeActions preinstall npm-normalize-package-bin@2.0.0
2634 silly decomposeActions build npm-normalize-package-bin@2.0.0
2635 silly decomposeActions install npm-normalize-package-bin@2.0.0
2636 silly decomposeActions postinstall npm-normalize-package-bin@2.0.0
2637 silly decomposeActions finalize npm-normalize-package-bin@2.0.0
2638 silly decomposeActions preinstall npm-normalize-package-bin@2.0.0
2639 silly decomposeActions build npm-normalize-package-bin@2.0.0
2640 silly decomposeActions install npm-normalize-package-bin@2.0.0
2641 silly decomposeActions postinstall npm-normalize-package-bin@2.0.0
2642 silly decomposeActions finalize npm-normalize-package-bin@2.0.0
2643 silly decomposeActions preinstall npm-user-validate@1.0.1
2644 silly decomposeActions build npm-user-validate@1.0.1
2645 silly decomposeActions install npm-user-validate@1.0.1
2646 silly decomposeActions postinstall npm-user-validate@1.0.1
2647 silly decomposeActions finalize npm-user-validate@1.0.1
2648 silly decomposeActions preinstall opener@1.5.2
2649 silly decomposeActions build opener@1.5.2
2650 silly decomposeActions install opener@1.5.2
2651 silly decomposeActions postinstall opener@1.5.2
2652 silly decomposeActions finalize opener@1.5.2
2653 silly decomposeActions preinstall p-map@4.0.0
2654 silly decomposeActions build p-map@4.0.0
2655 silly decomposeActions install p-map@4.0.0
2656 silly decomposeActions postinstall p-map@4.0.0
2657 silly decomposeActions finalize p-map@4.0.0
2658 silly decomposeActions preinstall parse-conflict-json@2.0.2
2659 silly decomposeActions build parse-conflict-json@2.0.2
2660 silly decomposeActions install parse-conflict-json@2.0.2
2661 silly decomposeActions postinstall parse-conflict-json@2.0.2
2662 silly decomposeActions finalize parse-conflict-json@2.0.2
2663 silly decomposeActions preinstall path-is-absolute@1.0.1
2664 silly decomposeActions build path-is-absolute@1.0.1
2665 silly decomposeActions install path-is-absolute@1.0.1
2666 silly decomposeActions postinstall path-is-absolute@1.0.1
2667 silly decomposeActions finalize path-is-absolute@1.0.1
2668 silly decomposeActions preinstall proc-log@2.0.1
2669 silly decomposeActions build proc-log@2.0.1
2670 silly decomposeActions install proc-log@2.0.1
2671 silly decomposeActions postinstall proc-log@2.0.1
2672 silly decomposeActions finalize proc-log@2.0.1
2673 silly decomposeActions preinstall promise-all-reject-late@1.0.1
2674 silly decomposeActions build promise-all-reject-late@1.0.1
2675 silly decomposeActions install promise-all-reject-late@1.0.1
2676 silly decomposeActions postinstall promise-all-reject-late@1.0.1
2677 silly decomposeActions finalize promise-all-reject-late@1.0.1
2678 silly decomposeActions preinstall promise-call-limit@1.0.1
2679 silly decomposeActions build promise-call-limit@1.0.1
2680 silly decomposeActions install promise-call-limit@1.0.1
2681 silly decomposeActions postinstall promise-call-limit@1.0.1
2682 silly decomposeActions finalize promise-call-limit@1.0.1
2683 silly decomposeActions preinstall promise-inflight@1.0.1
2684 silly decomposeActions build promise-inflight@1.0.1
2685 silly decomposeActions install promise-inflight@1.0.1
2686 silly decomposeActions postinstall promise-inflight@1.0.1
2687 silly decomposeActions finalize promise-inflight@1.0.1
2688 silly decomposeActions preinstall qrcode-terminal@0.12.0
2689 silly decomposeActions build qrcode-terminal@0.12.0
2690 silly decomposeActions install qrcode-terminal@0.12.0
2691 silly decomposeActions postinstall qrcode-terminal@0.12.0
2692 silly decomposeActions finalize qrcode-terminal@0.12.0
2693 silly decomposeActions preinstall read@1.0.7
2694 silly decomposeActions build read@1.0.7
2695 silly decomposeActions install read@1.0.7
2696 silly decomposeActions postinstall read@1.0.7
2697 silly decomposeActions finalize read@1.0.7
2698 silly decomposeActions preinstall promzard@0.3.0
2699 silly decomposeActions build promzard@0.3.0
2700 silly decomposeActions install promzard@0.3.0
2701 silly decomposeActions postinstall promzard@0.3.0
2702 silly decomposeActions finalize promzard@0.3.0
2703 silly decomposeActions preinstall read-cmd-shim@3.0.0
2704 silly decomposeActions build read-cmd-shim@3.0.0
2705 silly decomposeActions install read-cmd-shim@3.0.0
2706 silly decomposeActions postinstall read-cmd-shim@3.0.0
2707 silly decomposeActions finalize read-cmd-shim@3.0.0
2708 silly decomposeActions preinstall read-package-json-fast@2.0.3
2709 silly decomposeActions build read-package-json-fast@2.0.3
2710 silly decomposeActions install read-package-json-fast@2.0.3
2711 silly decomposeActions postinstall read-package-json-fast@2.0.3
2712 silly decomposeActions finalize read-package-json-fast@2.0.3
2713 silly decomposeActions preinstall npm-normalize-package-bin@2.0.0
2714 silly decomposeActions build npm-normalize-package-bin@2.0.0
2715 silly decomposeActions install npm-normalize-package-bin@2.0.0
2716 silly decomposeActions postinstall npm-normalize-package-bin@2.0.0
2717 silly decomposeActions finalize npm-normalize-package-bin@2.0.0
2718 silly decomposeActions preinstall retry@0.12.0
2719 silly decomposeActions build retry@0.12.0
2720 silly decomposeActions install retry@0.12.0
2721 silly decomposeActions postinstall retry@0.12.0
2722 silly decomposeActions finalize retry@0.12.0
2723 silly decomposeActions preinstall promise-retry@2.0.1
2724 silly decomposeActions build promise-retry@2.0.1
2725 silly decomposeActions install promise-retry@2.0.1
2726 silly decomposeActions postinstall promise-retry@2.0.1
2727 silly decomposeActions finalize promise-retry@2.0.1
2728 silly decomposeActions preinstall brace-expansion@1.1.11
2729 silly decomposeActions build brace-expansion@1.1.11
2730 silly decomposeActions install brace-expansion@1.1.11
2731 silly decomposeActions postinstall brace-expansion@1.1.11
2732 silly decomposeActions finalize brace-expansion@1.1.11
2733 silly decomposeActions preinstall minimatch@3.1.2
2734 silly decomposeActions build minimatch@3.1.2
2735 silly decomposeActions install minimatch@3.1.2
2736 silly decomposeActions postinstall minimatch@3.1.2
2737 silly decomposeActions finalize minimatch@3.1.2
2738 silly decomposeActions preinstall safe-buffer@5.2.1
2739 silly decomposeActions build safe-buffer@5.2.1
2740 silly decomposeActions install safe-buffer@5.2.1
2741 silly decomposeActions postinstall safe-buffer@5.2.1
2742 silly decomposeActions finalize safe-buffer@5.2.1
2743 silly decomposeActions preinstall safer-buffer@2.1.2
2744 silly decomposeActions build safer-buffer@2.1.2
2745 silly decomposeActions install safer-buffer@2.1.2
2746 silly decomposeActions postinstall safer-buffer@2.1.2
2747 silly decomposeActions finalize safer-buffer@2.1.2
2748 silly decomposeActions preinstall iconv-lite@0.6.3
2749 silly decomposeActions build iconv-lite@0.6.3
2750 silly decomposeActions install iconv-lite@0.6.3
2751 silly decomposeActions postinstall iconv-lite@0.6.3
2752 silly decomposeActions finalize iconv-lite@0.6.3
2753 silly decomposeActions preinstall encoding@0.1.13
2754 silly decomposeActions build encoding@0.1.13
2755 silly decomposeActions install encoding@0.1.13
2756 silly decomposeActions postinstall encoding@0.1.13
2757 silly decomposeActions finalize encoding@0.1.13
2758 silly decomposeActions preinstall set-blocking@2.0.0
2759 silly decomposeActions build set-blocking@2.0.0
2760 silly decomposeActions install set-blocking@2.0.0
2761 silly decomposeActions postinstall set-blocking@2.0.0
2762 silly decomposeActions finalize set-blocking@2.0.0
2763 silly decomposeActions preinstall signal-exit@3.0.7
2764 silly decomposeActions build signal-exit@3.0.7
2765 silly decomposeActions install signal-exit@3.0.7
2766 silly decomposeActions postinstall signal-exit@3.0.7
2767 silly decomposeActions finalize signal-exit@3.0.7
2768 silly decomposeActions preinstall smart-buffer@4.2.0
2769 silly decomposeActions build smart-buffer@4.2.0
2770 silly decomposeActions install smart-buffer@4.2.0
2771 silly decomposeActions postinstall smart-buffer@4.2.0
2772 silly decomposeActions finalize smart-buffer@4.2.0
2773 silly decomposeActions preinstall socks@2.7.0
2774 silly decomposeActions build socks@2.7.0
2775 silly decomposeActions install socks@2.7.0
2776 silly decomposeActions postinstall socks@2.7.0
2777 silly decomposeActions finalize socks@2.7.0
2778 silly decomposeActions preinstall socks-proxy-agent@7.0.0
2779 silly decomposeActions build socks-proxy-agent@7.0.0
2780 silly decomposeActions install socks-proxy-agent@7.0.0
2781 silly decomposeActions postinstall socks-proxy-agent@7.0.0
2782 silly decomposeActions finalize socks-proxy-agent@7.0.0
2783 silly decomposeActions preinstall spdx-exceptions@2.3.0
2784 silly decomposeActions build spdx-exceptions@2.3.0
2785 silly decomposeActions install spdx-exceptions@2.3.0
2786 silly decomposeActions postinstall spdx-exceptions@2.3.0
2787 silly decomposeActions finalize spdx-exceptions@2.3.0
2788 silly decomposeActions preinstall spdx-license-ids@3.0.11
2789 silly decomposeActions build spdx-license-ids@3.0.11
2790 silly decomposeActions install spdx-license-ids@3.0.11
2791 silly decomposeActions postinstall spdx-license-ids@3.0.11
2792 silly decomposeActions finalize spdx-license-ids@3.0.11
2793 silly decomposeActions preinstall spdx-expression-parse@3.0.1
2794 silly decomposeActions build spdx-expression-parse@3.0.1
2795 silly decomposeActions install spdx-expression-parse@3.0.1
2796 silly decomposeActions postinstall spdx-expression-parse@3.0.1
2797 silly decomposeActions finalize spdx-expression-parse@3.0.1
2798 silly decomposeActions preinstall spdx-correct@3.1.1
2799 silly decomposeActions build spdx-correct@3.1.1
2800 silly decomposeActions install spdx-correct@3.1.1
2801 silly decomposeActions postinstall spdx-correct@3.1.1
2802 silly decomposeActions finalize spdx-correct@3.1.1
2803 silly decomposeActions preinstall string_decoder@1.3.0
2804 silly decomposeActions build string_decoder@1.3.0
2805 silly decomposeActions install string_decoder@1.3.0
2806 silly decomposeActions postinstall string_decoder@1.3.0
2807 silly decomposeActions finalize string_decoder@1.3.0
2808 silly decomposeActions preinstall strip-ansi@6.0.1
2809 silly decomposeActions build strip-ansi@6.0.1
2810 silly decomposeActions install strip-ansi@6.0.1
2811 silly decomposeActions postinstall strip-ansi@6.0.1
2812 silly decomposeActions finalize strip-ansi@6.0.1
2813 silly decomposeActions preinstall string-width@4.2.3
2814 silly decomposeActions build string-width@4.2.3
2815 silly decomposeActions install string-width@4.2.3
2816 silly decomposeActions postinstall string-width@4.2.3
2817 silly decomposeActions finalize string-width@4.2.3
2818 silly decomposeActions preinstall cli-table3@0.6.2
2819 silly decomposeActions build cli-table3@0.6.2
2820 silly decomposeActions install cli-table3@0.6.2
2821 silly decomposeActions postinstall cli-table3@0.6.2
2822 silly decomposeActions finalize cli-table3@0.6.2
2823 silly decomposeActions preinstall cli-columns@4.0.0
2824 silly decomposeActions build cli-columns@4.0.0
2825 silly decomposeActions install cli-columns@4.0.0
2826 silly decomposeActions postinstall cli-columns@4.0.0
2827 silly decomposeActions finalize cli-columns@4.0.0
2828 silly decomposeActions preinstall supports-color@7.2.0
2829 silly decomposeActions build supports-color@7.2.0
2830 silly decomposeActions install supports-color@7.2.0
2831 silly decomposeActions postinstall supports-color@7.2.0
2832 silly decomposeActions finalize supports-color@7.2.0
2833 silly decomposeActions preinstall chalk@4.1.2
2834 silly decomposeActions build chalk@4.1.2
2835 silly decomposeActions install chalk@4.1.2
2836 silly decomposeActions postinstall chalk@4.1.2
2837 silly decomposeActions finalize chalk@4.1.2
2838 silly decomposeActions preinstall npm-audit-report@3.0.0
2839 silly decomposeActions build npm-audit-report@3.0.0
2840 silly decomposeActions install npm-audit-report@3.0.0
2841 silly decomposeActions postinstall npm-audit-report@3.0.0
2842 silly decomposeActions finalize npm-audit-report@3.0.0
2843 silly decomposeActions preinstall text-table@0.2.0
2844 silly decomposeActions build text-table@0.2.0
2845 silly decomposeActions install text-table@0.2.0
2846 silly decomposeActions postinstall text-table@0.2.0
2847 silly decomposeActions finalize text-table@0.2.0
2848 silly decomposeActions preinstall tiny-relative-date@1.3.0
2849 silly decomposeActions build tiny-relative-date@1.3.0
2850 silly decomposeActions install tiny-relative-date@1.3.0
2851 silly decomposeActions postinstall tiny-relative-date@1.3.0
2852 silly decomposeActions finalize tiny-relative-date@1.3.0
2853 silly decomposeActions preinstall treeverse@2.0.0
2854 silly decomposeActions build treeverse@2.0.0
2855 silly decomposeActions install treeverse@2.0.0
2856 silly decomposeActions postinstall treeverse@2.0.0
2857 silly decomposeActions finalize treeverse@2.0.0
2858 silly decomposeActions preinstall unique-slug@3.0.0
2859 silly decomposeActions build unique-slug@3.0.0
2860 silly decomposeActions install unique-slug@3.0.0
2861 silly decomposeActions postinstall unique-slug@3.0.0
2862 silly decomposeActions finalize unique-slug@3.0.0
2863 silly decomposeActions preinstall unique-filename@2.0.1
2864 silly decomposeActions build unique-filename@2.0.1
2865 silly decomposeActions install unique-filename@2.0.1
2866 silly decomposeActions postinstall unique-filename@2.0.1
2867 silly decomposeActions finalize unique-filename@2.0.1
2868 silly decomposeActions preinstall util-deprecate@1.0.2
2869 silly decomposeActions build util-deprecate@1.0.2
2870 silly decomposeActions install util-deprecate@1.0.2
2871 silly decomposeActions postinstall util-deprecate@1.0.2
2872 silly decomposeActions finalize util-deprecate@1.0.2
2873 silly decomposeActions preinstall readable-stream@3.6.0
2874 silly decomposeActions build readable-stream@3.6.0
2875 silly decomposeActions install readable-stream@3.6.0
2876 silly decomposeActions postinstall readable-stream@3.6.0
2877 silly decomposeActions finalize readable-stream@3.6.0
2878 silly decomposeActions preinstall are-we-there-yet@3.0.1
2879 silly decomposeActions build are-we-there-yet@3.0.1
2880 silly decomposeActions install are-we-there-yet@3.0.1
2881 silly decomposeActions postinstall are-we-there-yet@3.0.1
2882 silly decomposeActions finalize are-we-there-yet@3.0.1
2883 silly decomposeActions preinstall postcss-selector-parser@6.0.10
2884 silly decomposeActions build postcss-selector-parser@6.0.10
2885 silly decomposeActions install postcss-selector-parser@6.0.10
2886 silly decomposeActions postinstall postcss-selector-parser@6.0.10
2887 silly decomposeActions finalize postcss-selector-parser@6.0.10
2888 silly decomposeActions preinstall validate-npm-package-license@3.0.4
2889 silly decomposeActions build validate-npm-package-license@3.0.4
2890 silly decomposeActions install validate-npm-package-license@3.0.4
2891 silly decomposeActions postinstall validate-npm-package-license@3.0.4
2892 silly decomposeActions finalize validate-npm-package-license@3.0.4
2893 silly decomposeActions preinstall walk-up-path@1.0.0
2894 silly decomposeActions build walk-up-path@1.0.0
2895 silly decomposeActions install walk-up-path@1.0.0
2896 silly decomposeActions postinstall walk-up-path@1.0.0
2897 silly decomposeActions finalize walk-up-path@1.0.0
2898 silly decomposeActions preinstall wcwidth@1.0.1
2899 silly decomposeActions build wcwidth@1.0.1
2900 silly decomposeActions install wcwidth@1.0.1
2901 silly decomposeActions postinstall wcwidth@1.0.1
2902 silly decomposeActions finalize wcwidth@1.0.1
2903 silly decomposeActions preinstall columnify@1.6.0
2904 silly decomposeActions build columnify@1.6.0
2905 silly decomposeActions install columnify@1.6.0
2906 silly decomposeActions postinstall columnify@1.6.0
2907 silly decomposeActions finalize columnify@1.6.0
2908 silly decomposeActions preinstall which@2.0.2
2909 silly decomposeActions build which@2.0.2
2910 silly decomposeActions install which@2.0.2
2911 silly decomposeActions postinstall which@2.0.2
2912 silly decomposeActions finalize which@2.0.2
2913 silly decomposeActions preinstall wide-align@1.1.5
2914 silly decomposeActions build wide-align@1.1.5
2915 silly decomposeActions install wide-align@1.1.5
2916 silly decomposeActions postinstall wide-align@1.1.5
2917 silly decomposeActions finalize wide-align@1.1.5
2918 silly decomposeActions preinstall gauge@4.0.4
2919 silly decomposeActions build gauge@4.0.4
2920 silly decomposeActions install gauge@4.0.4
2921 silly decomposeActions postinstall gauge@4.0.4
2922 silly decomposeActions finalize gauge@4.0.4
2923 silly decomposeActions preinstall npmlog@6.0.2
2924 silly decomposeActions build npmlog@6.0.2
2925 silly decomposeActions install npmlog@6.0.2
2926 silly decomposeActions postinstall npmlog@6.0.2
2927 silly decomposeActions finalize npmlog@6.0.2
2928 silly decomposeActions preinstall wrappy@1.0.2
2929 silly decomposeActions build wrappy@1.0.2
2930 silly decomposeActions install wrappy@1.0.2
2931 silly decomposeActions postinstall wrappy@1.0.2
2932 silly decomposeActions finalize wrappy@1.0.2
2933 silly decomposeActions preinstall once@1.4.0
2934 silly decomposeActions build once@1.4.0
2935 silly decomposeActions install once@1.4.0
2936 silly decomposeActions postinstall once@1.4.0
2937 silly decomposeActions finalize once@1.4.0
2938 silly decomposeActions preinstall inflight@1.0.6
2939 silly decomposeActions build inflight@1.0.6
2940 silly decomposeActions install inflight@1.0.6
2941 silly decomposeActions postinstall inflight@1.0.6
2942 silly decomposeActions finalize inflight@1.0.6
2943 silly decomposeActions preinstall glob@7.2.3
2944 silly decomposeActions build glob@7.2.3
2945 silly decomposeActions install glob@7.2.3
2946 silly decomposeActions postinstall glob@7.2.3
2947 silly decomposeActions finalize glob@7.2.3
2948 silly decomposeActions preinstall rimraf@3.0.2
2949 silly decomposeActions build rimraf@3.0.2
2950 silly decomposeActions install rimraf@3.0.2
2951 silly decomposeActions postinstall rimraf@3.0.2
2952 silly decomposeActions finalize rimraf@3.0.2
2953 silly decomposeActions preinstall @npmcli/move-file@2.0.1
2954 silly decomposeActions build @npmcli/move-file@2.0.1
2955 silly decomposeActions install @npmcli/move-file@2.0.1
2956 silly decomposeActions postinstall @npmcli/move-file@2.0.1
2957 silly decomposeActions finalize @npmcli/move-file@2.0.1
2958 silly decomposeActions preinstall glob@7.2.3
2959 silly decomposeActions build glob@7.2.3
2960 silly decomposeActions install glob@7.2.3
2961 silly decomposeActions postinstall glob@7.2.3
2962 silly decomposeActions finalize glob@7.2.3
2963 silly decomposeActions preinstall glob@8.0.3
2964 silly decomposeActions build glob@8.0.3
2965 silly decomposeActions install glob@8.0.3
2966 silly decomposeActions postinstall glob@8.0.3
2967 silly decomposeActions finalize glob@8.0.3
2968 silly decomposeActions preinstall npm-packlist@5.1.3
2969 silly decomposeActions build npm-packlist@5.1.3
2970 silly decomposeActions install npm-packlist@5.1.3
2971 silly decomposeActions postinstall npm-packlist@5.1.3
2972 silly decomposeActions finalize npm-packlist@5.1.3
2973 silly decomposeActions preinstall @npmcli/map-workspaces@2.0.4
2974 silly decomposeActions build @npmcli/map-workspaces@2.0.4
2975 silly decomposeActions install @npmcli/map-workspaces@2.0.4
2976 silly decomposeActions postinstall @npmcli/map-workspaces@2.0.4
2977 silly decomposeActions finalize @npmcli/map-workspaces@2.0.4
2978 silly decomposeActions preinstall dezalgo@1.0.4
2979 silly decomposeActions build dezalgo@1.0.4
2980 silly decomposeActions install dezalgo@1.0.4
2981 silly decomposeActions postinstall dezalgo@1.0.4
2982 silly decomposeActions finalize dezalgo@1.0.4
2983 silly decomposeActions preinstall readdir-scoped-modules@1.1.0
2984 silly decomposeActions build readdir-scoped-modules@1.1.0
2985 silly decomposeActions install readdir-scoped-modules@1.1.0
2986 silly decomposeActions postinstall readdir-scoped-modules@1.1.0
2987 silly decomposeActions finalize readdir-scoped-modules@1.1.0
2988 silly decomposeActions preinstall write-file-atomic@4.0.2
2989 silly decomposeActions build write-file-atomic@4.0.2
2990 silly decomposeActions install write-file-atomic@4.0.2
2991 silly decomposeActions postinstall write-file-atomic@4.0.2
2992 silly decomposeActions finalize write-file-atomic@4.0.2
2993 silly decomposeActions preinstall bin-links@3.0.3
2994 silly decomposeActions build bin-links@3.0.3
2995 silly decomposeActions install bin-links@3.0.3
2996 silly decomposeActions postinstall bin-links@3.0.3
2997 silly decomposeActions finalize bin-links@3.0.3
2998 silly decomposeActions preinstall yallist@4.0.0
2999 silly decomposeActions build yallist@4.0.0
3000 silly decomposeActions install yallist@4.0.0
3001 silly decomposeActions postinstall yallist@4.0.0
3002 silly decomposeActions finalize yallist@4.0.0
3003 silly decomposeActions preinstall lru-cache@6.0.0
3004 silly decomposeActions build lru-cache@6.0.0
3005 silly decomposeActions install lru-cache@6.0.0
3006 silly decomposeActions postinstall lru-cache@6.0.0
3007 silly decomposeActions finalize lru-cache@6.0.0
3008 silly decomposeActions preinstall semver@7.3.7
3009 silly decomposeActions build semver@7.3.7
3010 silly decomposeActions install semver@7.3.7
3011 silly decomposeActions postinstall semver@7.3.7
3012 silly decomposeActions finalize semver@7.3.7
3013 silly decomposeActions preinstall npm-install-checks@5.0.0
3014 silly decomposeActions build npm-install-checks@5.0.0
3015 silly decomposeActions install npm-install-checks@5.0.0
3016 silly decomposeActions postinstall npm-install-checks@5.0.0
3017 silly decomposeActions finalize npm-install-checks@5.0.0
3018 silly decomposeActions preinstall normalize-package-data@4.0.1
3019 silly decomposeActions build normalize-package-data@4.0.1
3020 silly decomposeActions install normalize-package-data@4.0.1
3021 silly decomposeActions postinstall normalize-package-data@4.0.1
3022 silly decomposeActions finalize normalize-package-data@4.0.1
3023 silly decomposeActions preinstall read-package-json@5.0.2
3024 silly decomposeActions build read-package-json@5.0.2
3025 silly decomposeActions install read-package-json@5.0.2
3026 silly decomposeActions postinstall read-package-json@5.0.2
3027 silly decomposeActions finalize read-package-json@5.0.2
3028 silly decomposeActions preinstall builtins@5.0.1
3029 silly decomposeActions build builtins@5.0.1
3030 silly decomposeActions install builtins@5.0.1
3031 silly decomposeActions postinstall builtins@5.0.1
3032 silly decomposeActions finalize builtins@5.0.1
3033 silly decomposeActions preinstall validate-npm-package-name@4.0.0
3034 silly decomposeActions build validate-npm-package-name@4.0.0
3035 silly decomposeActions install validate-npm-package-name@4.0.0
3036 silly decomposeActions postinstall validate-npm-package-name@4.0.0
3037 silly decomposeActions finalize validate-npm-package-name@4.0.0
3038 silly decomposeActions preinstall npm-package-arg@9.1.0
3039 silly decomposeActions build npm-package-arg@9.1.0
3040 silly decomposeActions install npm-package-arg@9.1.0
3041 silly decomposeActions postinstall npm-package-arg@9.1.0
3042 silly decomposeActions finalize npm-package-arg@9.1.0
3043 silly decomposeActions preinstall npm-pick-manifest@7.0.2
3044 silly decomposeActions build npm-pick-manifest@7.0.2
3045 silly decomposeActions install npm-pick-manifest@7.0.2
3046 silly decomposeActions postinstall npm-pick-manifest@7.0.2
3047 silly decomposeActions finalize npm-pick-manifest@7.0.2
3048 silly decomposeActions preinstall init-package-json@3.0.2
3049 silly decomposeActions build init-package-json@3.0.2
3050 silly decomposeActions install init-package-json@3.0.2
3051 silly decomposeActions postinstall init-package-json@3.0.2
3052 silly decomposeActions finalize init-package-json@3.0.2
3053 silly decomposeActions preinstall @npmcli/query@1.2.0
3054 silly decomposeActions build @npmcli/query@1.2.0
3055 silly decomposeActions install @npmcli/query@1.2.0
3056 silly decomposeActions postinstall @npmcli/query@1.2.0
3057 silly decomposeActions finalize @npmcli/query@1.2.0
3058 silly decomposeActions preinstall @npmcli/git@3.0.2
3059 silly decomposeActions build @npmcli/git@3.0.2
3060 silly decomposeActions install @npmcli/git@3.0.2
3061 silly decomposeActions postinstall @npmcli/git@3.0.2
3062 silly decomposeActions finalize @npmcli/git@3.0.2
3063 silly decomposeActions preinstall @npmcli/fs@2.1.2
3064 silly decomposeActions build @npmcli/fs@2.1.2
3065 silly decomposeActions install @npmcli/fs@2.1.2
3066 silly decomposeActions postinstall @npmcli/fs@2.1.2
3067 silly decomposeActions finalize @npmcli/fs@2.1.2
3068 silly decomposeActions preinstall @npmcli/config@4.2.2
3069 silly decomposeActions build @npmcli/config@4.2.2
3070 silly decomposeActions install @npmcli/config@4.2.2
3071 silly decomposeActions postinstall @npmcli/config@4.2.2
3072 silly decomposeActions finalize @npmcli/config@4.2.2
3073 silly decomposeActions preinstall minipass@3.3.4
3074 silly decomposeActions build minipass@3.3.4
3075 silly decomposeActions install minipass@3.3.4
3076 silly decomposeActions postinstall minipass@3.3.4
3077 silly decomposeActions finalize minipass@3.3.4
3078 silly decomposeActions preinstall ssri@9.0.1
3079 silly decomposeActions build ssri@9.0.1
3080 silly decomposeActions install ssri@9.0.1
3081 silly decomposeActions postinstall ssri@9.0.1
3082 silly decomposeActions finalize ssri@9.0.1
3083 silly decomposeActions preinstall minizlib@2.1.2
3084 silly decomposeActions build minizlib@2.1.2
3085 silly decomposeActions install minizlib@2.1.2
3086 silly decomposeActions postinstall minizlib@2.1.2
3087 silly decomposeActions finalize minizlib@2.1.2
3088 silly decomposeActions preinstall minipass-sized@1.0.3
3089 silly decomposeActions build minipass-sized@1.0.3
3090 silly decomposeActions install minipass-sized@1.0.3
3091 silly decomposeActions postinstall minipass-sized@1.0.3
3092 silly decomposeActions finalize minipass-sized@1.0.3
3093 silly decomposeActions preinstall minipass-pipeline@1.2.4
3094 silly decomposeActions build minipass-pipeline@1.2.4
3095 silly decomposeActions install minipass-pipeline@1.2.4
3096 silly decomposeActions postinstall minipass-pipeline@1.2.4
3097 silly decomposeActions finalize minipass-pipeline@1.2.4
3098 silly decomposeActions preinstall minipass-json-stream@1.0.1
3099 silly decomposeActions build minipass-json-stream@1.0.1
3100 silly decomposeActions install minipass-json-stream@1.0.1
3101 silly decomposeActions postinstall minipass-json-stream@1.0.1
3102 silly decomposeActions finalize minipass-json-stream@1.0.1
3103 silly decomposeActions preinstall minipass-flush@1.0.5
3104 silly decomposeActions build minipass-flush@1.0.5
3105 silly decomposeActions install minipass-flush@1.0.5
3106 silly decomposeActions postinstall minipass-flush@1.0.5
3107 silly decomposeActions finalize minipass-flush@1.0.5
3108 silly decomposeActions preinstall minipass-fetch@2.1.1
3109 silly decomposeActions build minipass-fetch@2.1.1
3110 silly decomposeActions install minipass-fetch@2.1.1
3111 silly decomposeActions postinstall minipass-fetch@2.1.1
3112 silly decomposeActions finalize minipass-fetch@2.1.1
3113 silly decomposeActions preinstall minipass-collect@1.0.2
3114 silly decomposeActions build minipass-collect@1.0.2
3115 silly decomposeActions install minipass-collect@1.0.2
3116 silly decomposeActions postinstall minipass-collect@1.0.2
3117 silly decomposeActions finalize minipass-collect@1.0.2
3118 silly decomposeActions preinstall fs-minipass@2.1.0
3119 silly decomposeActions build fs-minipass@2.1.0
3120 silly decomposeActions install fs-minipass@2.1.0
3121 silly decomposeActions postinstall fs-minipass@2.1.0
3122 silly decomposeActions finalize fs-minipass@2.1.0
3123 silly decomposeActions preinstall tar@6.1.11
3124 silly decomposeActions build tar@6.1.11
3125 silly decomposeActions install tar@6.1.11
3126 silly decomposeActions postinstall tar@6.1.11
3127 silly decomposeActions finalize tar@6.1.11
3128 silly decomposeActions preinstall cacache@16.1.3
3129 silly decomposeActions build cacache@16.1.3
3130 silly decomposeActions install cacache@16.1.3
3131 silly decomposeActions postinstall cacache@16.1.3
3132 silly decomposeActions finalize cacache@16.1.3
3133 silly decomposeActions preinstall make-fetch-happen@10.2.1
3134 silly decomposeActions build make-fetch-happen@10.2.1
3135 silly decomposeActions install make-fetch-happen@10.2.1
3136 silly decomposeActions postinstall make-fetch-happen@10.2.1
3137 silly decomposeActions finalize make-fetch-happen@10.2.1
3138 silly decomposeActions preinstall npm-registry-fetch@13.3.1
3139 silly decomposeActions build npm-registry-fetch@13.3.1
3140 silly decomposeActions install npm-registry-fetch@13.3.1
3141 silly decomposeActions postinstall npm-registry-fetch@13.3.1
3142 silly decomposeActions finalize npm-registry-fetch@13.3.1
3143 silly decomposeActions preinstall npm-profile@6.2.1
3144 silly decomposeActions build npm-profile@6.2.1
3145 silly decomposeActions install npm-profile@6.2.1
3146 silly decomposeActions postinstall npm-profile@6.2.1
3147 silly decomposeActions finalize npm-profile@6.2.1
3148 silly decomposeActions preinstall libnpmteam@4.0.4
3149 silly decomposeActions build libnpmteam@4.0.4
3150 silly decomposeActions install libnpmteam@4.0.4
3151 silly decomposeActions postinstall libnpmteam@4.0.4
3152 silly decomposeActions finalize libnpmteam@4.0.4
3153 silly decomposeActions preinstall libnpmsearch@5.0.4
3154 silly decomposeActions build libnpmsearch@5.0.4
3155 silly decomposeActions install libnpmsearch@5.0.4
3156 silly decomposeActions postinstall libnpmsearch@5.0.4
3157 silly decomposeActions finalize libnpmsearch@5.0.4
3158 silly decomposeActions preinstall libnpmpublish@6.0.5
3159 silly decomposeActions build libnpmpublish@6.0.5
3160 silly decomposeActions install libnpmpublish@6.0.5
3161 silly decomposeActions postinstall libnpmpublish@6.0.5
3162 silly decomposeActions finalize libnpmpublish@6.0.5
3163 silly decomposeActions preinstall libnpmorg@4.0.4
3164 silly decomposeActions build libnpmorg@4.0.4
3165 silly decomposeActions install libnpmorg@4.0.4
3166 silly decomposeActions postinstall libnpmorg@4.0.4
3167 silly decomposeActions finalize libnpmorg@4.0.4
3168 silly decomposeActions preinstall libnpmhook@8.0.4
3169 silly decomposeActions build libnpmhook@8.0.4
3170 silly decomposeActions install libnpmhook@8.0.4
3171 silly decomposeActions postinstall libnpmhook@8.0.4
3172 silly decomposeActions finalize libnpmhook@8.0.4
3173 silly decomposeActions preinstall libnpmaccess@6.0.4
3174 silly decomposeActions build libnpmaccess@6.0.4
3175 silly decomposeActions install libnpmaccess@6.0.4
3176 silly decomposeActions postinstall libnpmaccess@6.0.4
3177 silly decomposeActions finalize libnpmaccess@6.0.4
3178 silly decomposeActions preinstall node-gyp@9.1.0
3179 silly decomposeActions build node-gyp@9.1.0
3180 silly decomposeActions install node-gyp@9.1.0
3181 silly decomposeActions postinstall node-gyp@9.1.0
3182 silly decomposeActions finalize node-gyp@9.1.0
3183 silly decomposeActions preinstall @npmcli/run-script@4.2.1
3184 silly decomposeActions build @npmcli/run-script@4.2.1
3185 silly decomposeActions install @npmcli/run-script@4.2.1
3186 silly decomposeActions postinstall @npmcli/run-script@4.2.1
3187 silly decomposeActions finalize @npmcli/run-script@4.2.1
3188 silly decomposeActions preinstall pacote@13.6.2
3189 silly decomposeActions build pacote@13.6.2
3190 silly decomposeActions install pacote@13.6.2
3191 silly decomposeActions postinstall pacote@13.6.2
3192 silly decomposeActions finalize pacote@13.6.2
3193 silly decomposeActions preinstall libnpmdiff@4.0.5
3194 silly decomposeActions build libnpmdiff@4.0.5
3195 silly decomposeActions install libnpmdiff@4.0.5
3196 silly decomposeActions postinstall libnpmdiff@4.0.5
3197 silly decomposeActions finalize libnpmdiff@4.0.5
3198 silly decomposeActions preinstall libnpmversion@3.0.7
3199 silly decomposeActions build libnpmversion@3.0.7
3200 silly decomposeActions install libnpmversion@3.0.7
3201 silly decomposeActions postinstall libnpmversion@3.0.7
3202 silly decomposeActions finalize libnpmversion@3.0.7
3203 silly decomposeActions preinstall libnpmpack@4.1.3
3204 silly decomposeActions build libnpmpack@4.1.3
3205 silly decomposeActions install libnpmpack@4.1.3
3206 silly decomposeActions postinstall libnpmpack@4.1.3
3207 silly decomposeActions finalize libnpmpack@4.1.3
3208 silly decomposeActions preinstall @npmcli/metavuln-calculator@3.1.1
3209 silly decomposeActions build @npmcli/metavuln-calculator@3.1.1
3210 silly decomposeActions install @npmcli/metavuln-calculator@3.1.1
3211 silly decomposeActions postinstall @npmcli/metavuln-calculator@3.1.1
3212 silly decomposeActions finalize @npmcli/metavuln-calculator@3.1.1
3213 silly decomposeActions preinstall @npmcli/arborist@5.6.3
3214 silly decomposeActions build @npmcli/arborist@5.6.3
3215 silly decomposeActions install @npmcli/arborist@5.6.3
3216 silly decomposeActions postinstall @npmcli/arborist@5.6.3
3217 silly decomposeActions finalize @npmcli/arborist@5.6.3
3218 silly decomposeActions preinstall libnpmfund@3.0.5
3219 silly decomposeActions build libnpmfund@3.0.5
3220 silly decomposeActions install libnpmfund@3.0.5
3221 silly decomposeActions postinstall libnpmfund@3.0.5
3222 silly decomposeActions finalize libnpmfund@3.0.5
3223 silly decomposeActions preinstall libnpmexec@4.0.14
3224 silly decomposeActions build libnpmexec@4.0.14
3225 silly decomposeActions install libnpmexec@4.0.14
3226 silly decomposeActions postinstall libnpmexec@4.0.14
3227 silly decomposeActions finalize libnpmexec@4.0.14
3228 silly decomposeActions fetch npm@8.19.4
3229 silly decomposeActions extract npm@8.19.4
3230 silly decomposeActions test npm@8.19.4
3231 silly decomposeActions preinstall npm@8.19.4
3232 silly decomposeActions build npm@8.19.4
3233 silly decomposeActions install npm@8.19.4
3234 silly decomposeActions postinstall npm@8.19.4
3235 silly decomposeActions finalize npm@8.19.4
3236 silly executeActions Starting
3237 silly install executeActions
3238 silly doSerial global-install 0
3239 silly doParallel fetch 1
3240 verbose makeDirectory /root/.npm/_locks creation not in flight; initializing
3241 silly makeDirectory /root/.npm/_locks uid: 0 gid: 0
3242 verbose lock using /root/.npm/_locks/staging-3a08f0df5026584d.lock for /usr/local/lib/node_modules/.staging
3243 silly doParallel extract 1
3244 silly extract npm@8.19.4
3245 verbose unbuild lib/node_modules/.staging/npm-3e479054
3246 silly gentlyRm /usr/local/lib/node_modules/.staging/npm-3e479054 is being purged from base /usr/local
3247 verbose gentlyRm don't care about contents; nuking /usr/local/lib/node_modules/.staging/npm-3e479054
3248 verbose tar unpack /root/.npm/npm/8.19.4/package.tgz
3249 verbose tar unpacking to /usr/local/lib/node_modules/.staging/npm-3e479054
3250 silly gentlyRm /usr/local/lib/node_modules/.staging/npm-3e479054 is being purged
3251 verbose gentlyRm don't care about contents; nuking /usr/local/lib/node_modules/.staging/npm-3e479054
3252 silly gunzTarPerm modes [ '755', '644' ]
3253 silly gunzTarPerm extractEntry node_modules/node-gyp/gyp/.flake8
3254 silly gunzTarPerm extractEntry node_modules/node-gyp/gyp/AUTHORS
3255 silly gunzTarPerm extractEntry node_modules/spdx-expression-parse/AUTHORS
3256 silly gunzTarPerm extractEntry node_modules/cssesc/bin/cssesc
3257 silly gunzTarPerm extractEntry node_modules/node-gyp/gyp/gyp
3258 silly gunzTarPerm extractEntry LICENSE
3259 silly gunzTarPerm extractEntry node_modules/@colors/colors/LICENSE
3260 silly gunzTarPerm extractEntry node_modules/@isaacs/string-locale-compare/LICENSE
3261 silly gunzTarPerm extractEntry node_modules/@npmcli/ci-detect/LICENSE
3262 silly gunzTarPerm extractEntry node_modules/@npmcli/config/LICENSE
3263 silly gunzTarPerm extractEntry node_modules/@npmcli/disparity-colors/LICENSE
3264 silly gunzTarPerm extractEntry node_modules/@npmcli/fs/lib/cp/LICENSE
3265 silly gunzTarPerm extractEntry node_modules/@npmcli/git/LICENSE
3266 silly gunzTarPerm extractEntry node_modules/@npmcli/installed-package-contents/LICENSE
3267 silly gunzTarPerm extractEntry node_modules/@npmcli/installed-package-contents/node_modules/npm-bundled/LICENSE
3268 silly gunzTarPerm extractEntry node_modules/@npmcli/metavuln-calculator/LICENSE
3269 silly gunzTarPerm extractEntry node_modules/@npmcli/name-from-folder/LICENSE
3270 silly gunzTarPerm extractEntry node_modules/@npmcli/package-json/LICENSE
3271 silly gunzTarPerm extractEntry node_modules/@npmcli/promise-spawn/LICENSE
3272 silly gunzTarPerm extractEntry node_modules/@npmcli/query/LICENSE
3273 silly gunzTarPerm extractEntry node_modules/@npmcli/run-script/LICENSE
3274 silly gunzTarPerm extractEntry node_modules/@tootallnate/once/LICENSE
3275 silly gunzTarPerm extractEntry node_modules/abbrev/LICENSE
3276 silly gunzTarPerm extractEntry node_modules/agentkeepalive/LICENSE
3277 silly gunzTarPerm extractEntry node_modules/aggregate-error/license
3278 silly gunzTarPerm extractEntry node_modules/ansi-regex/license
3279 silly gunzTarPerm extractEntry node_modules/ansi-styles/license
3280 silly gunzTarPerm extractEntry node_modules/aproba/LICENSE
3281 silly gunzTarPerm extractEntry node_modules/archy/LICENSE
3282 silly gunzTarPerm extractEntry node_modules/bin-links/LICENSE
3283 silly gunzTarPerm extractEntry node_modules/bin-links/node_modules/npm-normalize-package-bin/LICENSE
3284 silly gunzTarPerm extractEntry node_modules/binary-extensions/license
3285 silly gunzTarPerm extractEntry node_modules/brace-expansion/LICENSE
3286 silly gunzTarPerm extractEntry node_modules/builtins/License
3287 silly gunzTarPerm extractEntry node_modules/chalk/license
3288 silly gunzTarPerm extractEntry node_modules/chownr/LICENSE
3289 silly gunzTarPerm extractEntry node_modules/cidr-regex/LICENSE
3290 silly gunzTarPerm extractEntry node_modules/clean-stack/license
3291 silly gunzTarPerm extractEntry node_modules/cli-columns/LICENSE
3292 silly gunzTarPerm extractEntry node_modules/cli-table3/LICENSE
3293 silly gunzTarPerm extractEntry node_modules/clone/LICENSE
3294 silly gunzTarPerm extractEntry node_modules/cmd-shim/LICENSE
3295 silly gunzTarPerm extractEntry node_modules/color-convert/LICENSE
3296 silly gunzTarPerm extractEntry node_modules/color-name/LICENSE
3297 silly gunzTarPerm extractEntry node_modules/color-support/LICENSE
3298 silly gunzTarPerm extractEntry node_modules/columnify/LICENSE
3299 silly gunzTarPerm extractEntry node_modules/common-ancestor-path/LICENSE
3300 silly gunzTarPerm extractEntry node_modules/concat-map/LICENSE
3301 silly gunzTarPerm extractEntry node_modules/console-control-strings/LICENSE
3302 silly gunzTarPerm extractEntry node_modules/debug/LICENSE
3303 silly gunzTarPerm extractEntry node_modules/debuglog/LICENSE
3304 silly gunzTarPerm extractEntry node_modules/defaults/LICENSE
3305 silly gunzTarPerm extractEntry node_modules/delegates/License
3306 silly gunzTarPerm extractEntry node_modules/depd/LICENSE
3307 silly gunzTarPerm extractEntry node_modules/dezalgo/LICENSE
3308 silly gunzTarPerm extractEntry node_modules/diff/LICENSE
3309 silly gunzTarPerm extractEntry node_modules/encoding/LICENSE
3310 silly gunzTarPerm extractEntry node_modules/env-paths/license
3311 silly gunzTarPerm extractEntry node_modules/fs-minipass/LICENSE
3312 silly gunzTarPerm extractEntry node_modules/fs.realpath/LICENSE
3313 silly gunzTarPerm extractEntry node_modules/function-bind/LICENSE
3314 silly gunzTarPerm extractEntry node_modules/glob/LICENSE
3315 silly gunzTarPerm extractEntry node_modules/graceful-fs/LICENSE
3316 silly gunzTarPerm extractEntry node_modules/has-flag/license
3317 silly gunzTarPerm extractEntry node_modules/has-unicode/LICENSE
3318 silly gunzTarPerm extractEntry node_modules/hosted-git-info/LICENSE
3319 silly gunzTarPerm extractEntry node_modules/http-cache-semantics/LICENSE
3320 silly gunzTarPerm extractEntry node_modules/humanize-ms/LICENSE
3321 silly gunzTarPerm extractEntry node_modules/iconv-lite/LICENSE
3322 silly gunzTarPerm extractEntry node_modules/ignore-walk/LICENSE
3323 silly gunzTarPerm extractEntry node_modules/indent-string/license
3324 silly gunzTarPerm extractEntry node_modules/infer-owner/LICENSE
3325 silly gunzTarPerm extractEntry node_modules/inflight/LICENSE
3326 silly gunzTarPerm extractEntry node_modules/inherits/LICENSE
3327 silly gunzTarPerm extractEntry node_modules/ini/LICENSE
3328 silly gunzTarPerm extractEntry node_modules/ip-regex/license
3329 silly gunzTarPerm extractEntry node_modules/is-cidr/LICENSE
3330 silly gunzTarPerm extractEntry node_modules/is-core-module/LICENSE
3331 silly gunzTarPerm extractEntry node_modules/is-fullwidth-code-point/license
3332 silly gunzTarPerm extractEntry node_modules/is-lambda/LICENSE
3333 silly gunzTarPerm extractEntry node_modules/isexe/LICENSE
3334 silly gunzTarPerm extractEntry node_modules/json-stringify-nice/LICENSE
3335 silly gunzTarPerm extractEntry node_modules/jsonparse/LICENSE
3336 silly gunzTarPerm extractEntry node_modules/just-diff-apply/LICENSE
3337 silly gunzTarPerm extractEntry node_modules/just-diff/LICENSE
3338 silly gunzTarPerm extractEntry node_modules/libnpmaccess/LICENSE
3339 silly gunzTarPerm extractEntry node_modules/libnpmdiff/LICENSE
3340 silly gunzTarPerm extractEntry node_modules/libnpmexec/LICENSE
3341 silly gunzTarPerm extractEntry node_modules/libnpmfund/LICENSE
3342 silly gunzTarPerm extractEntry node_modules/libnpmorg/LICENSE
3343 silly gunzTarPerm extractEntry node_modules/libnpmpack/LICENSE
3344 silly gunzTarPerm extractEntry node_modules/libnpmpublish/LICENSE
3345 silly gunzTarPerm extractEntry node_modules/libnpmsearch/LICENSE
3346 silly gunzTarPerm extractEntry node_modules/libnpmteam/LICENSE
3347 silly gunzTarPerm extractEntry node_modules/libnpmversion/LICENSE
3348 silly gunzTarPerm extractEntry node_modules/lru-cache/LICENSE
3349 silly gunzTarPerm extractEntry node_modules/make-fetch-happen/LICENSE
3350 silly gunzTarPerm extractEntry node_modules/minimatch/LICENSE
3351 silly gunzTarPerm extractEntry node_modules/minipass-collect/LICENSE
3352 silly gunzTarPerm extractEntry node_modules/minipass-fetch/LICENSE
3353 silly gunzTarPerm extractEntry node_modules/minipass-flush/LICENSE
3354 silly gunzTarPerm extractEntry node_modules/minipass-json-stream/LICENSE
3355 silly gunzTarPerm extractEntry node_modules/minipass-pipeline/LICENSE
3356 silly gunzTarPerm extractEntry node_modules/minipass-sized/LICENSE
3357 silly gunzTarPerm extractEntry node_modules/minipass/LICENSE
3358 silly gunzTarPerm extractEntry node_modules/minizlib/LICENSE
3359 silly gunzTarPerm extractEntry node_modules/mkdirp-infer-owner/LICENSE
3360 silly gunzTarPerm extractEntry node_modules/mkdirp/LICENSE
3361 silly gunzTarPerm extractEntry node_modules/mute-stream/LICENSE
3362 silly gunzTarPerm extractEntry node_modules/negotiator/LICENSE
3363 silly gunzTarPerm extractEntry node_modules/node-gyp/gyp/LICENSE
3364 silly gunzTarPerm extractEntry node_modules/node-gyp/LICENSE
3365 silly gunzTarPerm extractEntry node_modules/node-gyp/node_modules/brace-expansion/LICENSE
3366 silly gunzTarPerm extractEntry node_modules/node-gyp/node_modules/glob/LICENSE
3367 silly gunzTarPerm extractEntry node_modules/node-gyp/node_modules/minimatch/LICENSE
3368 silly gunzTarPerm extractEntry node_modules/node-gyp/node_modules/nopt/LICENSE
3369 silly gunzTarPerm extractEntry node_modules/nopt/LICENSE
3370 silly gunzTarPerm extractEntry node_modules/normalize-package-data/LICENSE
3371 silly gunzTarPerm extractEntry node_modules/npm-audit-report/LICENSE
3372 silly gunzTarPerm extractEntry node_modules/npm-bundled/LICENSE
3373 silly gunzTarPerm extractEntry node_modules/npm-bundled/node_modules/npm-normalize-package-bin/LICENSE
3374 silly gunzTarPerm extractEntry node_modules/npm-install-checks/LICENSE
3375 silly gunzTarPerm extractEntry node_modules/npm-normalize-package-bin/LICENSE
3376 silly gunzTarPerm extractEntry node_modules/npm-package-arg/LICENSE
3377 silly gunzTarPerm extractEntry node_modules/npm-packlist/LICENSE
3378 silly gunzTarPerm extractEntry node_modules/npm-packlist/node_modules/npm-normalize-package-bin/LICENSE
3379 silly gunzTarPerm extractEntry node_modules/npm-pick-manifest/node_modules/npm-normalize-package-bin/LICENSE
3380 silly gunzTarPerm extractEntry node_modules/npm-user-validate/LICENSE
3381 silly gunzTarPerm extractEntry node_modules/once/LICENSE
3382 silly gunzTarPerm extractEntry node_modules/p-map/license
3383 silly gunzTarPerm extractEntry node_modules/pacote/LICENSE
3384 silly gunzTarPerm extractEntry node_modules/path-is-absolute/license
3385 silly gunzTarPerm extractEntry node_modules/proc-log/LICENSE
3386 silly gunzTarPerm extractEntry node_modules/promise-all-reject-late/LICENSE
3387 silly gunzTarPerm extractEntry node_modules/promise-call-limit/LICENSE
3388 silly gunzTarPerm extractEntry node_modules/promise-inflight/LICENSE
3389 silly gunzTarPerm extractEntry node_modules/promise-retry/LICENSE
3390 silly gunzTarPerm extractEntry node_modules/promzard/LICENSE
3391 silly gunzTarPerm extractEntry node_modules/qrcode-terminal/LICENSE
3392 silly gunzTarPerm extractEntry node_modules/read-cmd-shim/LICENSE
3393 silly gunzTarPerm extractEntry node_modules/read-package-json-fast/LICENSE
3394 silly gunzTarPerm extractEntry node_modules/read-package-json/LICENSE
3395 silly gunzTarPerm extractEntry node_modules/read-package-json/node_modules/npm-normalize-package-bin/LICENSE
3396 silly gunzTarPerm extractEntry node_modules/read/LICENSE
3397 silly gunzTarPerm extractEntry node_modules/readable-stream/LICENSE
3398 silly gunzTarPerm extractEntry node_modules/readdir-scoped-modules/LICENSE
3399 silly gunzTarPerm extractEntry node_modules/retry/License
3400 silly gunzTarPerm extractEntry node_modules/rimraf/LICENSE
3401 silly gunzTarPerm extractEntry node_modules/rimraf/node_modules/brace-expansion/LICENSE
3402 silly gunzTarPerm extractEntry node_modules/rimraf/node_modules/glob/LICENSE
3403 silly gunzTarPerm extractEntry node_modules/rimraf/node_modules/minimatch/LICENSE
3404 silly gunzTarPerm extractEntry node_modules/safe-buffer/LICENSE
3405 silly gunzTarPerm extractEntry node_modules/safer-buffer/LICENSE
3406 silly gunzTarPerm extractEntry node_modules/semver/LICENSE
3407 silly gunzTarPerm extractEntry node_modules/semver/node_modules/lru-cache/LICENSE
3408 silly gunzTarPerm extractEntry node_modules/smart-buffer/LICENSE
3409 silly gunzTarPerm extractEntry node_modules/socks/LICENSE
3410 silly gunzTarPerm extractEntry node_modules/spdx-correct/LICENSE
3411 silly gunzTarPerm extractEntry node_modules/spdx-expression-parse/LICENSE
3412 silly gunzTarPerm extractEntry node_modules/string_decoder/LICENSE
3413 silly gunzTarPerm extractEntry node_modules/string-width/license
3414 silly gunzTarPerm extractEntry node_modules/strip-ansi/license
3415 silly gunzTarPerm extractEntry node_modules/supports-color/license
3416 silly gunzTarPerm extractEntry node_modules/tar/LICENSE
3417 silly gunzTarPerm extractEntry node_modules/text-table/LICENSE
3418 silly gunzTarPerm extractEntry node_modules/treeverse/LICENSE
3419 silly gunzTarPerm extractEntry node_modules/unique-filename/LICENSE
3420 silly gunzTarPerm extractEntry node_modules/unique-slug/LICENSE
3421 silly gunzTarPerm extractEntry node_modules/util-deprecate/LICENSE
3422 silly gunzTarPerm extractEntry node_modules/validate-npm-package-license/LICENSE
3423 silly gunzTarPerm extractEntry node_modules/validate-npm-package-name/LICENSE
3424 silly gunzTarPerm extractEntry node_modules/walk-up-path/LICENSE
3425 silly gunzTarPerm extractEntry node_modules/wcwidth/LICENSE
3426 silly gunzTarPerm extractEntry node_modules/which/LICENSE
3427 silly gunzTarPerm extractEntry node_modules/wide-align/LICENSE
3428 silly gunzTarPerm extractEntry node_modules/wrappy/LICENSE
3429 silly gunzTarPerm extractEntry node_modules/yallist/LICENSE
3430 silly gunzTarPerm extractEntry node_modules/has/LICENSE-MIT
3431 silly gunzTarPerm extractEntry node_modules/postcss-selector-parser/LICENSE-MIT
3432 silly gunzTarPerm extractEntry node_modules/columnify/Makefile
3433 silly gunzTarPerm extractEntry node_modules/delegates/Makefile
3434 silly gunzTarPerm extractEntry node_modules/retry/Makefile
3435 silly gunzTarPerm extractEntry bin/node-gyp-bin/node-gyp
3436 silly gunzTarPerm extractEntry node_modules/@npmcli/run-script/lib/node-gyp-bin/node-gyp
3437 silly gunzTarPerm extractEntry node_modules/which/bin/node-which
3438 silly gunzTarPerm extractEntry bin/npm
3439 silly gunzTarPerm extractEntry bin/npx
3440 silly gunzTarPerm extractEntry node_modules/node-gyp/gyp/tools/emacs/README
3441 silly gunzTarPerm extractEntry node_modules/node-gyp/gyp/tools/README
3442 silly gunzTarPerm extractEntry node_modules/node-gyp/gyp/tools/Xcode/README
3443 silly gunzTarPerm extractEntry node_modules/cssesc/man/cssesc.1
3444 silly gunzTarPerm extractEntry man/man1/npm-access.1
3445 silly gunzTarPerm extractEntry man/man1/npm-adduser.1
3446 silly gunzTarPerm extractEntry man/man1/npm-audit.1
3447 silly gunzTarPerm extractEntry man/man1/npm-bin.1
3448 silly gunzTarPerm extractEntry man/man1/npm-bugs.1
3449 silly gunzTarPerm extractEntry man/man1/npm-cache.1
3450 silly gunzTarPerm extractEntry man/man1/npm-ci.1
3451 silly gunzTarPerm extractEntry man/man1/npm-completion.1
3452 silly gunzTarPerm extractEntry man/man1/npm-config.1
3453 silly gunzTarPerm extractEntry man/man1/npm-dedupe.1
3454 silly gunzTarPerm extractEntry man/man1/npm-deprecate.1
3455 silly gunzTarPerm extractEntry man/man1/npm-diff.1
3456 silly gunzTarPerm extractEntry man/man1/npm-dist-tag.1
3457 silly gunzTarPerm extractEntry man/man1/npm-docs.1
3458 silly gunzTarPerm extractEntry man/man1/npm-doctor.1
3459 silly gunzTarPerm extractEntry man/man1/npm-edit.1
3460 silly gunzTarPerm extractEntry man/man1/npm-exec.1
3461 silly gunzTarPerm extractEntry man/man1/npm-explain.1
3462 silly gunzTarPerm extractEntry man/man1/npm-explore.1
3463 silly gunzTarPerm extractEntry man/man1/npm-find-dupes.1
3464 silly gunzTarPerm extractEntry man/man1/npm-fund.1
3465 silly gunzTarPerm extractEntry man/man1/npm-help-search.1
3466 silly gunzTarPerm extractEntry man/man1/npm-help.1
3467 silly gunzTarPerm extractEntry man/man1/npm-hook.1
3468 silly gunzTarPerm extractEntry man/man1/npm-init.1
3469 silly gunzTarPerm extractEntry man/man1/npm-install-ci-test.1
3470 silly gunzTarPerm extractEntry man/man1/npm-install-test.1
3471 silly gunzTarPerm extractEntry man/man1/npm-install.1
3472 silly gunzTarPerm extractEntry man/man1/npm-link.1
3473 silly gunzTarPerm extractEntry man/man1/npm-logout.1
3474 silly gunzTarPerm extractEntry man/man1/npm-ls.1
3475 silly gunzTarPerm extractEntry man/man1/npm-org.1
3476 silly gunzTarPerm extractEntry man/man1/npm-outdated.1
3477 silly gunzTarPerm extractEntry man/man1/npm-owner.1
3478 silly gunzTarPerm extractEntry man/man1/npm-pack.1
3479 silly gunzTarPerm extractEntry man/man1/npm-ping.1
3480 silly gunzTarPerm extractEntry man/man1/npm-pkg.1
3481 silly gunzTarPerm extractEntry man/man1/npm-prefix.1
3482 silly gunzTarPerm extractEntry man/man1/npm-profile.1
3483 silly gunzTarPerm extractEntry man/man1/npm-prune.1
3484 silly gunzTarPerm extractEntry man/man1/npm-publish.1
3485 silly gunzTarPerm extractEntry man/man1/npm-query.1
3486 silly gunzTarPerm extractEntry man/man1/npm-rebuild.1
3487 silly gunzTarPerm extractEntry man/man1/npm-repo.1
3488 silly gunzTarPerm extractEntry man/man1/npm-restart.1
3489 silly gunzTarPerm extractEntry man/man1/npm-root.1
3490 silly gunzTarPerm extractEntry man/man1/npm-run-script.1
3491 silly gunzTarPerm extractEntry man/man1/npm-search.1
3492 silly gunzTarPerm extractEntry man/man1/npm-set-script.1
3493 silly gunzTarPerm extractEntry man/man1/npm-shrinkwrap.1
3494 silly gunzTarPerm extractEntry man/man1/npm-star.1
3495 silly gunzTarPerm extractEntry man/man1/npm-stars.1
3496 silly gunzTarPerm extractEntry man/man1/npm-start.1
3497 silly gunzTarPerm extractEntry man/man1/npm-stop.1
3498 silly gunzTarPerm extractEntry man/man1/npm-team.1
3499 silly gunzTarPerm extractEntry man/man1/npm-test.1
3500 silly gunzTarPerm extractEntry man/man1/npm-token.1
3501 silly gunzTarPerm extractEntry man/man1/npm-uninstall.1
3502 silly gunzTarPerm extractEntry man/man1/npm-unpublish.1
3503 silly gunzTarPerm extractEntry man/man1/npm-unstar.1
3504 silly gunzTarPerm extractEntry man/man1/npm-update.1
3505 silly gunzTarPerm extractEntry man/man1/npm-version.1
3506 silly gunzTarPerm extractEntry man/man1/npm-view.1
3507 silly gunzTarPerm extractEntry man/man1/npm-whoami.1
3508 silly gunzTarPerm extractEntry man/man1/npm.1
3509 silly gunzTarPerm extractEntry man/man1/npx.1
3510 silly gunzTarPerm extractEntry man/man5/folders.5
3511 silly gunzTarPerm extractEntry man/man5/install.5
3512 silly gunzTarPerm extractEntry man/man5/npm-global.5
3513 silly gunzTarPerm extractEntry man/man5/npm-json.5
3514 silly gunzTarPerm extractEntry man/man5/npm-shrinkwrap-json.5
3515 silly gunzTarPerm extractEntry man/man5/npmrc.5
3516 silly gunzTarPerm extractEntry man/man5/package-json.5
3517 silly gunzTarPerm extractEntry man/man5/package-lock-json.5
3518 silly gunzTarPerm extractEntry man/man7/config.7
3519 silly gunzTarPerm extractEntry man/man7/dependency-selectors.7
3520 silly gunzTarPerm extractEntry man/man7/developers.7
3521 silly gunzTarPerm extractEntry man/man7/logging.7
3522 silly gunzTarPerm extractEntry man/man7/orgs.7
3523 silly gunzTarPerm extractEntry man/man7/package-spec.7
3524 silly gunzTarPerm extractEntry man/man7/registry.7
3525 silly gunzTarPerm extractEntry man/man7/removal.7
3526 silly gunzTarPerm extractEntry man/man7/scope.7
3527 silly gunzTarPerm extractEntry man/man7/scripts.7
3528 silly gunzTarPerm extractEntry man/man7/workspaces.7
3529 silly gunzTarPerm extractEntry node_modules/node-gyp/gyp/gyp.bat
3530 silly gunzTarPerm extractEntry node_modules/semver/range.bnf
3531 silly gunzTarPerm extractEntry node_modules/node-gyp/gyp/data/win/large-pdb-shim.cc
3532 silly gunzTarPerm extractEntry node_modules/node-gyp/src/win_delay_load_hook.cc
3533 silly gunzTarPerm extractEntry bin/node-gyp-bin/node-gyp.cmd
3534 silly gunzTarPerm extractEntry node_modules/@npmcli/run-script/lib/node-gyp-bin/node-gyp.cmd
3535 silly gunzTarPerm extractEntry bin/npm.cmd
3536 silly gunzTarPerm extractEntry bin/npx.cmd
3537 silly gunzTarPerm extractEntry node_modules/node-gyp/lib/Find-VisualStudio.cs
3538 silly gunzTarPerm extractEntry node_modules/node-gyp/gyp/tools/emacs/gyp-tests.el
3539 silly gunzTarPerm extractEntry node_modules/node-gyp/gyp/tools/emacs/gyp.el
3540 silly gunzTarPerm extractEntry node_modules/node-gyp/gyp/tools/emacs/testdata/media.gyp.fontified
3541 silly gunzTarPerm extractEntry node_modules/retry/equation.gif
3542 silly gunzTarPerm extractEntry node_modules/node-gyp/gyp/tools/emacs/testdata/media.gyp
3543 silly gunzTarPerm extractEntry node_modules/node-gyp/addon.gypi
3544 silly gunzTarPerm extractEntry node_modules/node-gyp/test/fixtures/nodedir/include/node/config.gypi
3545 silly gunzTarPerm extractEntry docs/output/using-npm/config.html
3546 silly gunzTarPerm extractEntry docs/output/using-npm/dependency-selectors.html
3547 silly gunzTarPerm extractEntry docs/output/using-npm/developers.html
3548 silly gunzTarPerm extractEntry docs/output/configuring-npm/folders.html
3549 silly gunzTarPerm extractEntry docs/output/configuring-npm/install.html
3550 silly gunzTarPerm extractEntry docs/output/using-npm/logging.html
3551 silly gunzTarPerm extractEntry docs/output/commands/npm-access.html
3552 silly gunzTarPerm extractEntry docs/output/commands/npm-adduser.html
3553 silly gunzTarPerm extractEntry docs/output/commands/npm-audit.html
3554 silly gunzTarPerm extractEntry docs/output/commands/npm-bin.html
3555 silly gunzTarPerm extractEntry docs/output/commands/npm-bugs.html
3556 silly gunzTarPerm extractEntry docs/output/commands/npm-cache.html
3557 silly gunzTarPerm extractEntry docs/output/commands/npm-ci.html
3558 silly gunzTarPerm extractEntry docs/output/commands/npm-completion.html
3559 silly gunzTarPerm extractEntry docs/output/commands/npm-config.html
3560 silly gunzTarPerm extractEntry docs/output/commands/npm-dedupe.html
3561 silly gunzTarPerm extractEntry docs/output/commands/npm-deprecate.html
3562 silly gunzTarPerm extractEntry docs/output/commands/npm-diff.html
3563 silly gunzTarPerm extractEntry docs/output/commands/npm-dist-tag.html
3564 silly gunzTarPerm extractEntry docs/output/commands/npm-docs.html
3565 silly gunzTarPerm extractEntry docs/output/commands/npm-doctor.html
3566 silly gunzTarPerm extractEntry docs/output/commands/npm-edit.html
3567 silly gunzTarPerm extractEntry docs/output/commands/npm-exec.html
3568 silly gunzTarPerm extractEntry docs/output/commands/npm-explain.html
3569 silly gunzTarPerm extractEntry docs/output/commands/npm-explore.html
3570 silly gunzTarPerm extractEntry docs/output/commands/npm-find-dupes.html
3571 silly gunzTarPerm extractEntry docs/output/commands/npm-fund.html
3572 silly gunzTarPerm extractEntry docs/output/commands/npm-help-search.html
3573 silly gunzTarPerm extractEntry docs/output/commands/npm-help.html
3574 silly gunzTarPerm extractEntry docs/output/commands/npm-hook.html
3575 silly gunzTarPerm extractEntry docs/output/commands/npm-init.html
3576 silly gunzTarPerm extractEntry docs/output/commands/npm-install-ci-test.html
3577 silly gunzTarPerm extractEntry docs/output/commands/npm-install-test.html
3578 silly gunzTarPerm extractEntry docs/output/commands/npm-install.html
3579 silly gunzTarPerm extractEntry docs/output/commands/npm-link.html
3580 silly gunzTarPerm extractEntry docs/output/commands/npm-logout.html
3581 silly gunzTarPerm extractEntry docs/output/commands/npm-ls.html
3582 silly gunzTarPerm extractEntry docs/output/commands/npm-org.html
3583 silly gunzTarPerm extractEntry docs/output/commands/npm-outdated.html
3584 silly gunzTarPerm extractEntry docs/output/commands/npm-owner.html
3585 silly gunzTarPerm extractEntry docs/output/commands/npm-pack.html
3586 silly gunzTarPerm extractEntry docs/output/commands/npm-ping.html
3587 silly gunzTarPerm extractEntry docs/output/commands/npm-pkg.html
3588 silly gunzTarPerm extractEntry docs/output/commands/npm-prefix.html
3589 silly gunzTarPerm extractEntry docs/output/commands/npm-profile.html
3590 silly gunzTarPerm extractEntry docs/output/commands/npm-prune.html
3591 silly gunzTarPerm extractEntry docs/output/commands/npm-publish.html
3592 silly gunzTarPerm extractEntry docs/output/commands/npm-query.html
3593 silly gunzTarPerm extractEntry docs/output/commands/npm-rebuild.html
3594 silly gunzTarPerm extractEntry docs/output/commands/npm-repo.html
3595 silly gunzTarPerm extractEntry docs/output/commands/npm-restart.html
3596 silly gunzTarPerm extractEntry docs/output/commands/npm-root.html
3597 silly gunzTarPerm extractEntry docs/output/commands/npm-run-script.html
3598 silly gunzTarPerm extractEntry docs/output/commands/npm-search.html
3599 silly gunzTarPerm extractEntry docs/output/commands/npm-set-script.html
3600 silly gunzTarPerm extractEntry docs/output/configuring-npm/npm-shrinkwrap-json.html
3601 silly gunzTarPerm extractEntry docs/output/commands/npm-shrinkwrap.html
3602 silly gunzTarPerm extractEntry docs/output/commands/npm-star.html
3603 silly gunzTarPerm extractEntry docs/output/commands/npm-stars.html
3604 silly gunzTarPerm extractEntry docs/output/commands/npm-start.html
3605 silly gunzTarPerm extractEntry docs/output/commands/npm-stop.html
3606 silly gunzTarPerm extractEntry docs/output/commands/npm-team.html
3607 silly gunzTarPerm extractEntry docs/output/commands/npm-test.html
3608 silly gunzTarPerm extractEntry docs/output/commands/npm-token.html
3609 silly gunzTarPerm extractEntry docs/output/commands/npm-uninstall.html
3610 silly gunzTarPerm extractEntry docs/output/commands/npm-unpublish.html
3611 silly gunzTarPerm extractEntry docs/output/commands/npm-unstar.html
3612 silly gunzTarPerm extractEntry docs/output/commands/npm-update.html
3613 silly gunzTarPerm extractEntry docs/output/commands/npm-version.html
3614 silly gunzTarPerm extractEntry docs/output/commands/npm-view.html
3615 silly gunzTarPerm extractEntry docs/output/commands/npm-whoami.html
3616 silly gunzTarPerm extractEntry docs/output/commands/npm.html
3617 silly gunzTarPerm extractEntry docs/output/configuring-npm/npmrc.html
3618 silly gunzTarPerm extractEntry docs/output/commands/npx.html
3619 silly gunzTarPerm extractEntry docs/output/using-npm/orgs.html
3620 silly gunzTarPerm extractEntry docs/output/configuring-npm/package-json.html
3621 silly gunzTarPerm extractEntry docs/output/configuring-npm/package-lock-json.html
3622 silly gunzTarPerm extractEntry docs/output/using-npm/package-spec.html
3623 silly gunzTarPerm extractEntry docs/output/using-npm/registry.html
3624 silly gunzTarPerm extractEntry docs/output/using-npm/removal.html
3625 silly gunzTarPerm extractEntry docs/output/using-npm/scope.html
3626 silly gunzTarPerm extractEntry docs/output/using-npm/scripts.html
3627 silly gunzTarPerm extractEntry docs/output/using-npm/workspaces.html
3628 silly gunzTarPerm extractEntry node_modules/clone/clone.iml
3629 silly gunzTarPerm extractEntry node_modules/promzard/test/exports.input
3630 silly gunzTarPerm extractEntry node_modules/promzard/test/fn.input
3631 silly gunzTarPerm extractEntry node_modules/promzard/test/simple.input
3632 silly gunzTarPerm extractEntry node_modules/promzard/test/validate.input
3633 silly gunzTarPerm extractEntry node_modules/readable-stream/lib/_stream_duplex.js
3634 silly gunzTarPerm extractEntry node_modules/readable-stream/lib/_stream_passthrough.js
3635 silly gunzTarPerm extractEntry node_modules/readable-stream/lib/_stream_readable.js
3636 silly gunzTarPerm extractEntry node_modules/readable-stream/lib/_stream_transform.js
3637 silly gunzTarPerm extractEntry node_modules/readable-stream/lib/_stream_writable.js
3638 silly gunzTarPerm extractEntry node_modules/abbrev/abbrev.js
3639 silly gunzTarPerm extractEntry node_modules/minipass-fetch/lib/abort-error.js
3640 silly gunzTarPerm extractEntry lib/commands/access.js
3641 silly gunzTarPerm extractEntry node_modules/@npmcli/arborist/bin/actual.js
3642 silly gunzTarPerm extractEntry node_modules/pacote/lib/util/add-git-sha.js
3643 silly gunzTarPerm extractEntry node_modules/@npmcli/arborist/lib/add-rm-pkg-deps.js
3644 silly gunzTarPerm extractEntry lib/commands/adduser.js
3645 silly gunzTarPerm extractEntry node_modules/@npmcli/metavuln-calculator/lib/advisory.js
3646 silly gunzTarPerm extractEntry node_modules/agentkeepalive/lib/agent.js
3647 silly gunzTarPerm extractEntry node_modules/http-proxy-agent/dist/agent.js
3648 silly gunzTarPerm extractEntry node_modules/https-proxy-agent/dist/agent.js
3649 silly gunzTarPerm extractEntry node_modules/make-fetch-happen/lib/agent.js
3650 silly gunzTarPerm extractEntry node_modules/text-table/example/align.js
3651 silly gunzTarPerm extractEntry node_modules/text-table/test/align.js
3652 silly gunzTarPerm extractEntry node_modules/wide-align/align.js
3653 silly gunzTarPerm extractEntry node_modules/@colors/colors/lib/maps/america.js
3654 silly gunzTarPerm extractEntry node_modules/text-table/test/ansi-colors.js
3655 silly gunzTarPerm extractEntry lib/utils/ansi-trim.js
3656 silly gunzTarPerm extractEntry node_modules/diff/lib/patch/apply.js
3657 silly gunzTarPerm extractEntry lib/arborist-cmd.js
3658 silly gunzTarPerm extractEntry node_modules/diff/lib/diff/array.js
3659 silly gunzTarPerm extractEntry node_modules/diff/lib/util/array.js
3660 silly gunzTarPerm extractEntry node_modules/npm-normalize-package-bin/test/array.js
3661 silly gunzTarPerm extractEntry node_modules/asap/asap.js
3662 silly gunzTarPerm extractEntry node_modules/readable-stream/lib/internal/streams/async_iterator.js
3663 silly gunzTarPerm extractEntry node_modules/postcss-selector-parser/dist/selectors/attribute.js
3664 silly gunzTarPerm extractEntry lib/utils/audit-error.js
3665 silly gunzTarPerm extractEntry node_modules/@npmcli/arborist/lib/audit-report.js
3666 silly gunzTarPerm extractEntry lib/commands/audit.js
3667 silly gunzTarPerm extractEntry node_modules/@npmcli/arborist/bin/audit.js
3668 silly gunzTarPerm extractEntry node_modules/@npmcli/arborist/lib/arborist/audit.js
3669 silly gunzTarPerm extractEntry node_modules/npm-registry-fetch/lib/auth.js
3670 silly gunzTarPerm extractEntry lib/base-command.js
3671 silly gunzTarPerm extractEntry node_modules/gauge/lib/base-theme.js
3672 silly gunzTarPerm extractEntry node_modules/diff/lib/diff/base.js
3673 silly gunzTarPerm extractEntry node_modules/isexe/test/basic.js
3674 silly gunzTarPerm extractEntry node_modules/minipass-sized/test/basic.js
3675 silly gunzTarPerm extractEntry node_modules/promzard/test/basic.js
3676 silly gunzTarPerm extractEntry node_modules/qrcode-terminal/example/basic.js
3677 silly gunzTarPerm extractEntry node_modules/archy/examples/beep.js
3678 silly gunzTarPerm extractEntry node_modules/archy/test/beep.js
3679 silly gunzTarPerm extractEntry node_modules/jsonparse/bench.js
3680 silly gunzTarPerm extractEntry node_modules/jsonparse/test/big-token.js
3681 silly gunzTarPerm extractEntry node_modules/bin-links/lib/bin-target.js
3682 silly gunzTarPerm extractEntry lib/commands/bin.js
3683 silly gunzTarPerm extractEntry node_modules/color-support/bin.js
3684 silly gunzTarPerm extractEntry node_modules/pacote/lib/bin.js
3685 silly gunzTarPerm extractEntry node_modules/rimraf/bin.js
3686 silly gunzTarPerm extractEntry lib/commands/birthday.js
3687 silly gunzTarPerm extractEntry node_modules/minipass-fetch/lib/blob.js
3688 silly gunzTarPerm extractEntry node_modules/minipass-fetch/lib/body.js
3689 silly gunzTarPerm extractEntry node_modules/iconv-lite/lib/bom-handling.js
3690 silly gunzTarPerm extractEntry node_modules/jsonparse/test/boundary.js
3691 silly gunzTarPerm extractEntry node_modules/treeverse/lib/breadth.js
3692 silly gunzTarPerm extractEntry node_modules/asap/browser-asap.js
3693 silly gunzTarPerm extractEntry node_modules/asap/browser-raw.js
3694 silly gunzTarPerm extractEntry node_modules/agentkeepalive/browser.js
3695 silly gunzTarPerm extractEntry node_modules/color-support/browser.js
3696 silly gunzTarPerm extractEntry node_modules/debug/src/browser.js
3697 silly gunzTarPerm extractEntry node_modules/supports-color/browser.js
3698 silly gunzTarPerm extractEntry node_modules/util-deprecate/browser.js
3699 silly gunzTarPerm extractEntry node_modules/readable-stream/lib/internal/streams/buffer_list.js
3700 silly gunzTarPerm extractEntry node_modules/promzard/example/buffer.js
3701 silly gunzTarPerm extractEntry node_modules/promzard/test/buffer.js
3702 silly gunzTarPerm extractEntry lib/commands/bugs.js
3703 silly gunzTarPerm extractEntry node_modules/@npmcli/arborist/lib/arborist/build-ideal-tree.js
3704 silly gunzTarPerm extractEntry node_modules/node-gyp/lib/build.js
3705 silly gunzTarPerm extractEntry node_modules/pacote/lib/util/cache-dir.js
3706 silly gunzTarPerm extractEntry lib/commands/cache.js
3707 silly gunzTarPerm extractEntry node_modules/@npmcli/arborist/lib/calc-dep-flags.js
3708 silly gunzTarPerm extractEntry node_modules/qrcode-terminal/example/callback.js
3709 silly gunzTarPerm extractEntry node_modules/depd/lib/compat/callsite-tostring.js
3710 silly gunzTarPerm extractEntry node_modules/@npmcli/arborist/lib/can-place-dep.js
3711 silly gunzTarPerm extractEntry node_modules/@npmcli/arborist/lib/case-insensitive-map.js
3712 silly gunzTarPerm extractEntry node_modules/cli-table3/src/cell.js
3713 silly gunzTarPerm extractEntry node_modules/text-table/example/center.js
3714 silly gunzTarPerm extractEntry node_modules/text-table/test/center.js
3715 silly gunzTarPerm extractEntry node_modules/node-gyp/test/fixtures/certs.js
3716 silly gunzTarPerm extractEntry node_modules/diff/lib/diff/character.js
3717 silly gunzTarPerm extractEntry node_modules/negotiator/lib/charset.js
3718 silly gunzTarPerm extractEntry node_modules/bin-links/lib/check-bin.js
3719 silly gunzTarPerm extractEntry node_modules/bin-links/lib/check-bins.js
3720 silly gunzTarPerm extractEntry node_modules/npm-registry-fetch/lib/check-response.js
3721 silly gunzTarPerm extractEntry node_modules/chownr/chownr.js
3722 silly gunzTarPerm extractEntry lib/commands/ci.js
3723 silly gunzTarPerm extractEntry node_modules/postcss-selector-parser/dist/selectors/className.js
3724 silly gunzTarPerm extractEntry node_modules/npm-registry-fetch/lib/clean-url.js
3725 silly gunzTarPerm extractEntry node_modules/node-gyp/lib/clean.js
3726 silly gunzTarPerm extractEntry node_modules/semver/functions/clean.js
3727 silly gunzTarPerm extractEntry lib/cli.js
3728 silly gunzTarPerm extractEntry node_modules/@npmcli/git/lib/clone.js
3729 silly gunzTarPerm extractEntry node_modules/clone/clone.js
3730 silly gunzTarPerm extractEntry node_modules/graceful-fs/clone.js
3731 silly gunzTarPerm extractEntry lib/utils/cmd-list.js
3732 silly gunzTarPerm extractEntry node_modules/mkdirp/bin/cmd.js
3733 silly gunzTarPerm extractEntry node_modules/semver/functions/cmp.js
3734 silly gunzTarPerm extractEntry node_modules/semver/functions/coerce.js
3735 silly gunzTarPerm extractEntry node_modules/cli-columns/color.js
3736 silly gunzTarPerm extractEntry node_modules/@colors/colors/lib/colors.js
3737 silly gunzTarPerm extractEntry node_modules/npm-audit-report/lib/colors.js
3738 silly gunzTarPerm extractEntry node_modules/columnify/columnify.js
3739 silly gunzTarPerm extractEntry node_modules/postcss-selector-parser/dist/selectors/combinator.js
3740 silly gunzTarPerm extractEntry node_modules/wcwidth/combining.js
3741 silly gunzTarPerm extractEntry node_modules/postcss-selector-parser/dist/selectors/comment.js
3742 silly gunzTarPerm extractEntry node_modules/libnpmversion/lib/commit.js
3743 silly gunzTarPerm extractEntry node_modules/debug/src/common.js
3744 silly gunzTarPerm extractEntry node_modules/glob/common.js
3745 silly gunzTarPerm extractEntry node_modules/node-gyp/node_modules/glob/common.js
3746 silly gunzTarPerm extractEntry node_modules/node-gyp/test/common.js
3747 silly gunzTarPerm extractEntry node_modules/retry/test/common.js
3748 silly gunzTarPerm extractEntry node_modules/rimraf/node_modules/glob/common.js
3749 silly gunzTarPerm extractEntry node_modules/semver/classes/comparator.js
3750 silly gunzTarPerm extractEntry node_modules/semver/functions/compare-build.js
3751 silly gunzTarPerm extractEntry node_modules/semver/functions/compare-loose.js
3752 silly gunzTarPerm extractEntry node_modules/semver/functions/compare.js
3753 silly gunzTarPerm extractEntry lib/commands/completion.js
3754 silly gunzTarPerm extractEntry lib/commands/config.js
3755 silly gunzTarPerm extractEntry node_modules/node-gyp/lib/configure.js
3756 silly gunzTarPerm extractEntry node_modules/@npmcli/arborist/lib/consistent-resolve.js
3757 silly gunzTarPerm extractEntry node_modules/agentkeepalive/lib/constants.js
3758 silly gunzTarPerm extractEntry node_modules/minizlib/constants.js
3759 silly gunzTarPerm extractEntry node_modules/semver/internal/constants.js
3760 silly gunzTarPerm extractEntry node_modules/socks/build/common/constants.js
3761 silly gunzTarPerm extractEntry node_modules/postcss-selector-parser/dist/selectors/constructors.js
3762 silly gunzTarPerm extractEntry node_modules/postcss-selector-parser/dist/selectors/container.js
3763 silly gunzTarPerm extractEntry node_modules/color-convert/conversions.js
3764 silly gunzTarPerm extractEntry node_modules/@npmcli/fs/lib/copy-file.js
3765 silly gunzTarPerm extractEntry node_modules/node-gyp/lib/create-config-gypi.js
3766 silly gunzTarPerm extractEntry node_modules/diff/lib/patch/create.js
3767 silly gunzTarPerm extractEntry node_modules/tar/lib/create.js
3768 silly gunzTarPerm extractEntry node_modules/diff/lib/diff/css.js
3769 silly gunzTarPerm extractEntry node_modules/cssesc/cssesc.js
3770 silly gunzTarPerm extractEntry node_modules/tiny-relative-date/translations/da.js
3771 silly gunzTarPerm extractEntry node_modules/safer-buffer/dangerous.js
3772 silly gunzTarPerm extractEntry node_modules/iconv-lite/encodings/dbcs-codec.js
3773 silly gunzTarPerm extractEntry node_modules/iconv-lite/encodings/dbcs-data.js
3774 silly gunzTarPerm extractEntry node_modules/tiny-relative-date/translations/de.js
3775 silly gunzTarPerm extractEntry node_modules/@npmcli/arborist/lib/debug.js
3776 silly gunzTarPerm extractEntry node_modules/cli-table3/src/debug.js
3777 silly gunzTarPerm extractEntry node_modules/semver/internal/debug.js
3778 silly gunzTarPerm extractEntry node_modules/debuglog/debuglog.js
3779 silly gunzTarPerm extractEntry lib/commands/dedupe.js
3780 silly gunzTarPerm extractEntry node_modules/@npmcli/arborist/lib/arborist/deduper.js
3781 silly gunzTarPerm extractEntry node_modules/@npmcli/arborist/lib/deepest-nesting-target.js
3782 silly gunzTarPerm extractEntry node_modules/init-package-json/lib/default-input.js
3783 silly gunzTarPerm extractEntry node_modules/npm-registry-fetch/lib/default-opts.js
3784 silly gunzTarPerm extractEntry lib/utils/config/definition.js
3785 silly gunzTarPerm extractEntry lib/utils/config/definitions.js
3786 silly gunzTarPerm extractEntry node_modules/@npmcli/arborist/lib/dep-valid.js
3787 silly gunzTarPerm extractEntry lib/commands/deprecate.js
3788 silly gunzTarPerm extractEntry node_modules/treeverse/lib/depth-descent.js
3789 silly gunzTarPerm extractEntry node_modules/treeverse/lib/depth.js
3790 silly gunzTarPerm extractEntry node_modules/readable-stream/lib/internal/streams/destroy.js
3791 silly gunzTarPerm extractEntry node_modules/npm-audit-report/lib/reporters/detail.js
3792 silly gunzTarPerm extractEntry node_modules/dezalgo/dezalgo.js
3793 silly gunzTarPerm extractEntry lib/utils/did-you-mean.js
3794 silly gunzTarPerm extractEntry lib/commands/diff.js
3795 silly gunzTarPerm extractEntry node_modules/@npmcli/arborist/lib/diff.js
3796 silly gunzTarPerm extractEntry node_modules/diff/dist/diff.js
3797 silly gunzTarPerm extractEntry node_modules/semver/functions/diff.js
3798 silly gunzTarPerm extractEntry node_modules/diff/dist/diff.min.js
3799 silly gunzTarPerm extractEntry node_modules/pacote/lib/dir.js
3800 silly gunzTarPerm extractEntry lib/utils/display.js
3801 silly gunzTarPerm extractEntry lib/commands/dist-tag.js
3802 silly gunzTarPerm extractEntry node_modules/diff/lib/util/distance-iterator.js
3803 silly gunzTarPerm extractEntry node_modules/diff/lib/convert/dmp.js
3804 silly gunzTarPerm extractEntry node_modules/make-fetch-happen/lib/dns.js
3805 silly gunzTarPerm extractEntry node_modules/retry/example/dns.js
3806 silly gunzTarPerm extractEntry lib/commands/docs.js
3807 silly gunzTarPerm extractEntry lib/commands/doctor.js
3808 silly gunzTarPerm extractEntry node_modules/text-table/example/dotalign.js
3809 silly gunzTarPerm extractEntry node_modules/text-table/test/dotalign.js
3810 silly gunzTarPerm extractEntry node_modules/text-table/example/doubledot.js
3811 silly gunzTarPerm extractEntry node_modules/text-table/test/doubledot.js
3812 silly gunzTarPerm extractEntry node_modules/@npmcli/arborist/lib/edge.js
3813 silly gunzTarPerm extractEntry lib/commands/edit.js
3814 silly gunzTarPerm extractEntry node_modules/tiny-relative-date/translations/en-short.js
3815 silly gunzTarPerm extractEntry node_modules/tiny-relative-date/translations/en.js
3816 silly gunzTarPerm extractEntry node_modules/encoding/lib/encoding.js
3817 silly gunzTarPerm extractEntry node_modules/negotiator/lib/encoding.js
3818 silly gunzTarPerm extractEntry node_modules/readable-stream/lib/internal/streams/end-of-stream.js
3819 silly gunzTarPerm extractEntry node_modules/libnpmversion/lib/enforce-clean.js
3820 silly gunzTarPerm extractEntry node_modules/postcss-selector-parser/dist/util/ensureObject.js
3821 silly gunzTarPerm extractEntry node_modules/cacache/lib/entry-index.js
3822 silly gunzTarPerm extractEntry node_modules/make-fetch-happen/lib/cache/entry.js
3823 silly gunzTarPerm extractEntry node_modules/@npmcli/config/lib/env-replace.js
3824 silly gunzTarPerm extractEntry node_modules/semver/functions/eq.js
3825 silly gunzTarPerm extractEntry lib/utils/error-message.js
3826 silly gunzTarPerm extractEntry node_modules/gauge/lib/error.js
3827 silly gunzTarPerm extractEntry node_modules/readable-stream/errors-browser.js
3828 silly gunzTarPerm extractEntry node_modules/@npmcli/fs/lib/errors.js
3829 silly gunzTarPerm extractEntry node_modules/@npmcli/git/lib/errors.js
3830 silly gunzTarPerm extractEntry node_modules/make-fetch-happen/lib/cache/errors.js
3831 silly gunzTarPerm extractEntry node_modules/npm-registry-fetch/lib/errors.js
3832 silly gunzTarPerm extractEntry node_modules/readable-stream/errors.js
3833 silly gunzTarPerm extractEntry node_modules/tiny-relative-date/translations/es.js
3834 silly gunzTarPerm extractEntry node_modules/@npmcli/run-script/lib/escape.js
3835 silly gunzTarPerm extractEntry node_modules/depd/lib/compat/event-listener-count.js
3836 silly gunzTarPerm extractEntry lib/commands/exec.js
3837 silly gunzTarPerm extractEntry node_modules/npm-audit-report/lib/exit-code.js
3838 silly gunzTarPerm extractEntry lib/utils/exit-handler.js
3839 silly gunzTarPerm extractEntry node_modules/readable-stream/experimentalWarning.js
3840 silly gunzTarPerm extractEntry lib/utils/explain-dep.js
3841 silly gunzTarPerm extractEntry lib/utils/explain-eresolve.js
3842 silly gunzTarPerm extractEntry lib/commands/explain.js
3843 silly gunzTarPerm extractEntry lib/commands/explore.js
3844 silly gunzTarPerm extractEntry node_modules/promzard/test/exports.js
3845 silly gunzTarPerm extractEntry node_modules/@colors/colors/lib/extendStringPrototype.js
3846 silly gunzTarPerm extractEntry node_modules/normalize-package-data/lib/extract_description.js
3847 silly gunzTarPerm extractEntry node_modules/tar/lib/extract.js
3848 silly gunzTarPerm extractEntry node_modules/tiny-relative-date/lib/factory.js
3849 silly gunzTarPerm extractEntry node_modules/tiny-relative-date/src/factory.js
3850 silly gunzTarPerm extractEntry node_modules/minipass-fetch/lib/fetch-error.js
3851 silly gunzTarPerm extractEntry node_modules/make-fetch-happen/lib/fetch.js
3852 silly gunzTarPerm extractEntry node_modules/pacote/lib/fetcher.js
3853 silly gunzTarPerm extractEntry node_modules/libnpmexec/lib/file-exists.js
3854 silly gunzTarPerm extractEntry node_modules/pacote/lib/file.js
3855 silly gunzTarPerm extractEntry lib/commands/find-dupes.js
3856 silly gunzTarPerm extractEntry node_modules/mkdirp/lib/find-made.js
3857 silly gunzTarPerm extractEntry node_modules/node-gyp/lib/find-node-directory.js
3858 silly gunzTarPerm extractEntry node_modules/node-gyp/lib/find-python.js
3859 silly gunzTarPerm extractEntry node_modules/node-gyp/lib/find-visualstudio.js
3860 silly gunzTarPerm extractEntry node_modules/@npmcli/git/lib/find.js
3861 silly gunzTarPerm extractEntry node_modules/bin-links/lib/fix-bin.js
3862 silly gunzTarPerm extractEntry node_modules/cacache/lib/util/fix-owner.js
3863 silly gunzTarPerm extractEntry node_modules/normalize-package-data/lib/fixer.js
3864 silly gunzTarPerm extractEntry node_modules/promzard/test/fn.js
3865 silly gunzTarPerm extractEntry lib/utils/format-bytes.js
3866 silly gunzTarPerm extractEntry node_modules/libnpmdiff/lib/format-diff.js
3867 silly gunzTarPerm extractEntry lib/utils/format-search-stream.js
3868 silly gunzTarPerm extractEntry node_modules/readable-stream/lib/internal/streams/from-browser.js
3869 silly gunzTarPerm extractEntry node_modules/@npmcli/arborist/lib/from-path.js
3870 silly gunzTarPerm extractEntry node_modules/readable-stream/lib/internal/streams/from.js
3871 silly gunzTarPerm extractEntry node_modules/@npmcli/fs/lib/fs.js
3872 silly gunzTarPerm extractEntry lib/commands/fund.js
3873 silly gunzTarPerm extractEntry node_modules/@npmcli/arborist/bin/funding.js
3874 silly gunzTarPerm extractEntry node_modules/@npmcli/arborist/lib/gather-dep-set.js
3875 silly gunzTarPerm extractEntry node_modules/@colors/colors/themes/generic-logging.js
3876 silly gunzTarPerm extractEntry node_modules/libnpmexec/lib/get-bin-from-manifest.js
3877 silly gunzTarPerm extractEntry node_modules/@npmcli/metavuln-calculator/lib/get-dep-spec.js
3878 silly gunzTarPerm extractEntry lib/utils/get-identity.js
3879 silly gunzTarPerm extractEntry node_modules/bin-links/lib/get-node-modules.js
3880 silly gunzTarPerm extractEntry node_modules/@npmcli/fs/lib/common/get-options.js
3881 silly gunzTarPerm extractEntry node_modules/bin-links/lib/get-paths.js
3882 silly gunzTarPerm extractEntry node_modules/bin-links/lib/get-prefix.js
3883 silly gunzTarPerm extractEntry node_modules/@npmcli/arborist/lib/get-workspace-nodes.js
3884 silly gunzTarPerm extractEntry lib/workspaces/get-workspaces.js
3885 silly gunzTarPerm extractEntry node_modules/tar/lib/get-write-flag.js
3886 silly gunzTarPerm extractEntry lib/commands/get.js
3887 silly gunzTarPerm extractEntry node_modules/cacache/lib/get.js
3888 silly gunzTarPerm extractEntry node_modules/postcss-selector-parser/dist/util/getProp.js
3889 silly gunzTarPerm extractEntry node_modules/hosted-git-info/lib/git-host-info.js
3890 silly gunzTarPerm extractEntry node_modules/hosted-git-info/lib/git-host.js
3891 silly gunzTarPerm extractEntry node_modules/pacote/lib/git.js
3892 silly gunzTarPerm extractEntry node_modules/glob/glob.js
3893 silly gunzTarPerm extractEntry node_modules/node-gyp/node_modules/glob/glob.js
3894 silly gunzTarPerm extractEntry node_modules/rimraf/node_modules/glob/glob.js
3895 silly gunzTarPerm extractEntry node_modules/graceful-fs/graceful-fs.js
3896 silly gunzTarPerm extractEntry node_modules/semver/functions/gt.js
3897 silly gunzTarPerm extractEntry node_modules/semver/functions/gte.js
3898 silly gunzTarPerm extractEntry node_modules/semver/ranges/gtr.js
3899 silly gunzTarPerm extractEntry node_modules/postcss-selector-parser/dist/selectors/guards.js
3900 silly gunzTarPerm extractEntry node_modules/gauge/lib/has-color.js
3901 silly gunzTarPerm extractEntry node_modules/@colors/colors/lib/system/has-flag.js
3902 silly gunzTarPerm extractEntry node_modules/cacache/lib/util/hash-to-segments.js
3903 silly gunzTarPerm extractEntry node_modules/@npmcli/metavuln-calculator/lib/hash.js
3904 silly gunzTarPerm extractEntry node_modules/tar/lib/header.js
3905 silly gunzTarPerm extractEntry node_modules/minipass-fetch/lib/headers.js
3906 silly gunzTarPerm extractEntry lib/commands/help-search.js
3907 silly gunzTarPerm extractEntry lib/commands/help.js
3908 silly gunzTarPerm extractEntry node_modules/socks/build/common/helpers.js
3909 silly gunzTarPerm extractEntry node_modules/tar/lib/high-level-opt.js
3910 silly gunzTarPerm extractEntry lib/commands/hook.js
3911 silly gunzTarPerm extractEntry node_modules/agentkeepalive/lib/https_agent.js
3912 silly gunzTarPerm extractEntry node_modules/postcss-selector-parser/dist/selectors/id.js
3913 silly gunzTarPerm extractEntry node_modules/@npmcli/arborist/bin/ideal.js
3914 silly gunzTarPerm extractEntry node_modules/semver/internal/identifiers.js
3915 silly gunzTarPerm extractEntry node_modules/function-bind/implementation.js
3916 silly gunzTarPerm extractEntry node_modules/imurmurhash/imurmurhash.js
3917 silly gunzTarPerm extractEntry node_modules/imurmurhash/imurmurhash.min.js
3918 silly gunzTarPerm extractEntry node_modules/semver/functions/inc.js
3919 silly gunzTarPerm extractEntry node_modules/diff/lib/index.es6.js
3920 silly gunzTarPerm extractEntry index.js
3921 silly gunzTarPerm extractEntry lib/utils/config/index.js
3922 silly gunzTarPerm extractEntry node_modules/@colors/colors/lib/index.js
3923 silly gunzTarPerm extractEntry node_modules/@gar/promisify/index.js
3924 silly gunzTarPerm extractEntry node_modules/@isaacs/string-locale-compare/index.js
3925 silly gunzTarPerm extractEntry node_modules/@npmcli/arborist/bin/index.js
3926 silly gunzTarPerm extractEntry node_modules/@npmcli/arborist/lib/arborist/index.js
3927 silly gunzTarPerm extractEntry node_modules/@npmcli/arborist/lib/index.js
3928 silly gunzTarPerm extractEntry node_modules/@npmcli/ci-detect/lib/index.js
3929 silly gunzTarPerm extractEntry node_modules/@npmcli/config/lib/index.js
3930 silly gunzTarPerm extractEntry node_modules/@npmcli/disparity-colors/lib/index.js
3931 silly gunzTarPerm extractEntry node_modules/@npmcli/fs/lib/cp/index.js
3932 silly gunzTarPerm extractEntry node_modules/@npmcli/fs/lib/index.js
3933 silly gunzTarPerm extractEntry node_modules/@npmcli/fs/lib/rm/index.js
3934 silly gunzTarPerm extractEntry node_modules/@npmcli/git/lib/index.js
3935 silly gunzTarPerm extractEntry node_modules/@npmcli/installed-package-contents/index.js
3936 silly gunzTarPerm extractEntry node_modules/@npmcli/installed-package-contents/node_modules/npm-bundled/index.js
3937 silly gunzTarPerm extractEntry node_modules/@npmcli/map-workspaces/lib/index.js
3938 silly gunzTarPerm extractEntry node_modules/@npmcli/metavuln-calculator/lib/index.js
3939 silly gunzTarPerm extractEntry node_modules/@npmcli/move-file/lib/index.js
3940 silly gunzTarPerm extractEntry node_modules/@npmcli/name-from-folder/index.js
3941 silly gunzTarPerm extractEntry node_modules/@npmcli/node-gyp/lib/index.js
3942 silly gunzTarPerm extractEntry node_modules/@npmcli/package-json/lib/index.js
3943 silly gunzTarPerm extractEntry node_modules/@npmcli/promise-spawn/lib/index.js
3944 silly gunzTarPerm extractEntry node_modules/@npmcli/query/lib/index.js
3945 silly gunzTarPerm extractEntry node_modules/@tootallnate/once/dist/index.js
3946 silly gunzTarPerm extractEntry node_modules/agent-base/dist/src/index.js
3947 silly gunzTarPerm extractEntry node_modules/agentkeepalive/index.js
3948 silly gunzTarPerm extractEntry node_modules/aggregate-error/index.js
3949 silly gunzTarPerm extractEntry node_modules/ansi-regex/index.js
3950 silly gunzTarPerm extractEntry node_modules/ansi-styles/index.js
3951 silly gunzTarPerm extractEntry node_modules/aproba/index.js
3952 silly gunzTarPerm extractEntry node_modules/archy/index.js
3953 silly gunzTarPerm extractEntry node_modules/are-we-there-yet/lib/index.js
3954 silly gunzTarPerm extractEntry node_modules/balanced-match/index.js
3955 silly gunzTarPerm extractEntry node_modules/bin-links/lib/index.js
3956 silly gunzTarPerm extractEntry node_modules/bin-links/node_modules/npm-normalize-package-bin/lib/index.js
3957 silly gunzTarPerm extractEntry node_modules/binary-extensions/index.js
3958 silly gunzTarPerm extractEntry node_modules/brace-expansion/index.js
3959 silly gunzTarPerm extractEntry node_modules/builtins/index.js
3960 silly gunzTarPerm extractEntry node_modules/cacache/lib/index.js
3961 silly gunzTarPerm extractEntry node_modules/chalk/source/index.js
3962 silly gunzTarPerm extractEntry node_modules/cidr-regex/index.js
3963 silly gunzTarPerm extractEntry node_modules/clean-stack/index.js
3964 silly gunzTarPerm extractEntry node_modules/cli-columns/index.js
3965 silly gunzTarPerm extractEntry node_modules/cli-table3/index.js
3966 silly gunzTarPerm extractEntry node_modules/cmd-shim/lib/index.js
3967 silly gunzTarPerm extractEntry node_modules/color-convert/index.js
3968 silly gunzTarPerm extractEntry node_modules/color-name/index.js
3969 silly gunzTarPerm extractEntry node_modules/color-support/index.js
3970 silly gunzTarPerm extractEntry node_modules/columnify/index.js
3971 silly gunzTarPerm extractEntry node_modules/common-ancestor-path/index.js
3972 silly gunzTarPerm extractEntry node_modules/concat-map/index.js
3973 silly gunzTarPerm extractEntry node_modules/console-control-strings/index.js
3974 silly gunzTarPerm extractEntry node_modules/debug/node_modules/ms/index.js
3975 silly gunzTarPerm extractEntry node_modules/debug/src/index.js
3976 silly gunzTarPerm extractEntry node_modules/defaults/index.js
3977 silly gunzTarPerm extractEntry node_modules/delegates/index.js
3978 silly gunzTarPerm extractEntry node_modules/delegates/test/index.js
3979 silly gunzTarPerm extractEntry node_modules/depd/index.js
3980 silly gunzTarPerm extractEntry node_modules/depd/lib/browser/index.js
3981 silly gunzTarPerm extractEntry node_modules/depd/lib/compat/index.js
3982 silly gunzTarPerm extractEntry node_modules/diff/lib/index.js
3983 silly gunzTarPerm extractEntry node_modules/emoji-regex/es2015/index.js
3984 silly gunzTarPerm extractEntry node_modules/emoji-regex/index.js
3985 silly gunzTarPerm extractEntry node_modules/env-paths/index.js
3986 silly gunzTarPerm extractEntry node_modules/err-code/index.js
3987 silly gunzTarPerm extractEntry node_modules/fastest-levenshtein/index.js
3988 silly gunzTarPerm extractEntry node_modules/fs-minipass/index.js
3989 silly gunzTarPerm extractEntry node_modules/fs.realpath/index.js
3990 silly gunzTarPerm extractEntry node_modules/function-bind/index.js
3991 silly gunzTarPerm extractEntry node_modules/function-bind/test/index.js
3992 silly gunzTarPerm extractEntry node_modules/gauge/lib/index.js
3993 silly gunzTarPerm extractEntry node_modules/has-flag/index.js
3994 silly gunzTarPerm extractEntry node_modules/has-unicode/index.js
3995 silly gunzTarPerm extractEntry node_modules/has/src/index.js
3996 silly gunzTarPerm extractEntry node_modules/has/test/index.js
3997 silly gunzTarPerm extractEntry node_modules/hosted-git-info/lib/index.js
3998 silly gunzTarPerm extractEntry node_modules/http-cache-semantics/index.js
3999 silly gunzTarPerm extractEntry node_modules/http-proxy-agent/dist/index.js
4000 silly gunzTarPerm extractEntry node_modules/https-proxy-agent/dist/index.js
4001 silly gunzTarPerm extractEntry node_modules/humanize-ms/index.js
4002 silly gunzTarPerm extractEntry node_modules/iconv-lite/encodings/index.js
4003 silly gunzTarPerm extractEntry node_modules/iconv-lite/lib/index.js
4004 silly gunzTarPerm extractEntry node_modules/ignore-walk/lib/index.js
4005 silly gunzTarPerm extractEntry node_modules/indent-string/index.js
4006 silly gunzTarPerm extractEntry node_modules/infer-owner/index.js
4007 silly gunzTarPerm extractEntry node_modules/ip-regex/index.js
4008 silly gunzTarPerm extractEntry node_modules/is-cidr/index.js
4009 silly gunzTarPerm extractEntry node_modules/is-core-module/index.js
4010 silly gunzTarPerm extractEntry node_modules/is-core-module/test/index.js
4011 silly gunzTarPerm extractEntry node_modules/is-fullwidth-code-point/index.js
4012 silly gunzTarPerm extractEntry node_modules/is-lambda/index.js
4013 silly gunzTarPerm extractEntry node_modules/isexe/index.js
4014 silly gunzTarPerm extractEntry node_modules/json-parse-even-better-errors/index.js
4015 silly gunzTarPerm extractEntry node_modules/json-stringify-nice/index.js
4016 silly gunzTarPerm extractEntry node_modules/just-diff-apply/index.js
4017 silly gunzTarPerm extractEntry node_modules/just-diff/index.js
4018 silly gunzTarPerm extractEntry node_modules/libnpmaccess/lib/index.js
4019 silly gunzTarPerm extractEntry node_modules/libnpmdiff/lib/index.js
4020 silly gunzTarPerm extractEntry node_modules/libnpmexec/lib/index.js
4021 silly gunzTarPerm extractEntry node_modules/libnpmfund/lib/index.js
4022 silly gunzTarPerm extractEntry node_modules/libnpmhook/lib/index.js
4023 silly gunzTarPerm extractEntry node_modules/libnpmorg/lib/index.js
4024 silly gunzTarPerm extractEntry node_modules/libnpmpack/lib/index.js
4025 silly gunzTarPerm extractEntry node_modules/libnpmpublish/lib/index.js
4026 silly gunzTarPerm extractEntry node_modules/libnpmsearch/lib/index.js
4027 silly gunzTarPerm extractEntry node_modules/libnpmteam/lib/index.js
4028 silly gunzTarPerm extractEntry node_modules/libnpmversion/lib/index.js
4029 silly gunzTarPerm extractEntry node_modules/lru-cache/index.js
4030 silly gunzTarPerm extractEntry node_modules/make-fetch-happen/lib/cache/index.js
4031 silly gunzTarPerm extractEntry node_modules/make-fetch-happen/lib/index.js
4032 silly gunzTarPerm extractEntry node_modules/minipass-collect/index.js
4033 silly gunzTarPerm extractEntry node_modules/minipass-fetch/lib/index.js
4034 silly gunzTarPerm extractEntry node_modules/minipass-flush/index.js
4035 silly gunzTarPerm extractEntry node_modules/minipass-json-stream/index.js
4036 silly gunzTarPerm extractEntry node_modules/minipass-pipeline/index.js
4037 silly gunzTarPerm extractEntry node_modules/minipass-sized/index.js
4038 silly gunzTarPerm extractEntry node_modules/minipass/index.js
4039 silly gunzTarPerm extractEntry node_modules/minizlib/index.js
4040 silly gunzTarPerm extractEntry node_modules/mkdirp-infer-owner/index.js
4041 silly gunzTarPerm extractEntry node_modules/mkdirp/index.js
4042 silly gunzTarPerm extractEntry node_modules/ms/index.js
4043 silly gunzTarPerm extractEntry node_modules/negotiator/index.js
4044 silly gunzTarPerm extractEntry node_modules/node-gyp/node_modules/brace-expansion/index.js
4045 silly gunzTarPerm extractEntry node_modules/npm-audit-report/lib/index.js
4046 silly gunzTarPerm extractEntry node_modules/npm-bundled/lib/index.js
4047 silly gunzTarPerm extractEntry node_modules/npm-bundled/node_modules/npm-normalize-package-bin/lib/index.js
4048 silly gunzTarPerm extractEntry node_modules/npm-install-checks/lib/index.js
4049 silly gunzTarPerm extractEntry node_modules/npm-normalize-package-bin/index.js
4050 silly gunzTarPerm extractEntry node_modules/npm-packlist/bin/index.js
4051 silly gunzTarPerm extractEntry node_modules/npm-packlist/lib/index.js
4052 silly gunzTarPerm extractEntry node_modules/npm-packlist/node_modules/npm-normalize-package-bin/lib/index.js
4053 silly gunzTarPerm extractEntry node_modules/npm-pick-manifest/lib/index.js
4054 silly gunzTarPerm extractEntry node_modules/npm-pick-manifest/node_modules/npm-normalize-package-bin/lib/index.js
4055 silly gunzTarPerm extractEntry node_modules/npm-profile/lib/index.js
4056 silly gunzTarPerm extractEntry node_modules/npm-registry-fetch/lib/index.js
4057 silly gunzTarPerm extractEntry node_modules/p-map/index.js
4058 silly gunzTarPerm extractEntry node_modules/pacote/lib/index.js
4059 silly gunzTarPerm extractEntry node_modules/parse-conflict-json/lib/index.js
4060 silly gunzTarPerm extractEntry node_modules/path-is-absolute/index.js
4061 silly gunzTarPerm extractEntry node_modules/postcss-selector-parser/dist/index.js
4062 silly gunzTarPerm extractEntry node_modules/postcss-selector-parser/dist/selectors/index.js
4063 silly gunzTarPerm extractEntry node_modules/postcss-selector-parser/dist/util/index.js
4064 silly gunzTarPerm extractEntry node_modules/proc-log/lib/index.js
4065 silly gunzTarPerm extractEntry node_modules/promise-all-reject-late/index.js
4066 silly gunzTarPerm extractEntry node_modules/promise-all-reject-late/test/index.js
4067 silly gunzTarPerm extractEntry node_modules/promise-call-limit/index.js
4068 silly gunzTarPerm extractEntry node_modules/promise-retry/index.js
4069 silly gunzTarPerm extractEntry node_modules/promzard/example/index.js
4070 silly gunzTarPerm extractEntry node_modules/qrcode-terminal/vendor/QRCode/index.js
4071 silly gunzTarPerm extractEntry node_modules/read-cmd-shim/lib/index.js
4072 silly gunzTarPerm extractEntry node_modules/read-package-json-fast/index.js
4073 silly gunzTarPerm extractEntry node_modules/read-package-json/node_modules/npm-normalize-package-bin/lib/index.js
4074 silly gunzTarPerm extractEntry node_modules/retry/index.js
4075 silly gunzTarPerm extractEntry node_modules/rimraf/node_modules/brace-expansion/index.js
4076 silly gunzTarPerm extractEntry node_modules/safe-buffer/index.js
4077 silly gunzTarPerm extractEntry node_modules/semver/classes/index.js
4078 silly gunzTarPerm extractEntry node_modules/semver/index.js
4079 silly gunzTarPerm extractEntry node_modules/semver/node_modules/lru-cache/index.js
4080 silly gunzTarPerm extractEntry node_modules/set-blocking/index.js
4081 silly gunzTarPerm extractEntry node_modules/signal-exit/index.js
4082 silly gunzTarPerm extractEntry node_modules/socks-proxy-agent/dist/index.js
4083 silly gunzTarPerm extractEntry node_modules/socks/build/index.js
4084 silly gunzTarPerm extractEntry node_modules/spdx-correct/index.js
4085 silly gunzTarPerm extractEntry node_modules/spdx-expression-parse/index.js
4086 silly gunzTarPerm extractEntry node_modules/ssri/lib/index.js
4087 silly gunzTarPerm extractEntry node_modules/string-width/index.js
4088 silly gunzTarPerm extractEntry node_modules/strip-ansi/index.js
4089 silly gunzTarPerm extractEntry node_modules/supports-color/index.js
4090 silly gunzTarPerm extractEntry node_modules/tar/index.js
4091 silly gunzTarPerm extractEntry node_modules/text-table/index.js
4092 silly gunzTarPerm extractEntry node_modules/tiny-relative-date/lib/index.js
4093 silly gunzTarPerm extractEntry node_modules/tiny-relative-date/src/index.js
4094 silly gunzTarPerm extractEntry node_modules/treeverse/lib/index.js
4095 silly gunzTarPerm extractEntry node_modules/unique-filename/lib/index.js
4096 silly gunzTarPerm extractEntry node_modules/unique-slug/lib/index.js
4097 silly gunzTarPerm extractEntry node_modules/validate-npm-package-license/index.js
4098 silly gunzTarPerm extractEntry node_modules/validate-npm-package-name/lib/index.js
4099 silly gunzTarPerm extractEntry node_modules/walk-up-path/index.js
4100 silly gunzTarPerm extractEntry node_modules/wcwidth/index.js
4101 silly gunzTarPerm extractEntry node_modules/wcwidth/test/index.js
4102 silly gunzTarPerm extractEntry node_modules/write-file-atomic/lib/index.js
4103 silly gunzTarPerm extractEntry node_modules/err-code/index.umd.js
4104 silly gunzTarPerm extractEntry node_modules/inflight/inflight.js
4105 silly gunzTarPerm extractEntry node_modules/promise-inflight/inflight.js
4106 silly gunzTarPerm extractEntry node_modules/inherits/inherits_browser.js
4107 silly gunzTarPerm extractEntry node_modules/inherits/inherits.js
4108 silly gunzTarPerm extractEntry node_modules/ini/lib/ini.js
4109 silly gunzTarPerm extractEntry node_modules/promzard/example/npm-init/init-input.js
4110 silly gunzTarPerm extractEntry node_modules/init-package-json/lib/init-package-json.js
4111 silly gunzTarPerm extractEntry lib/commands/init.js
4112 silly gunzTarPerm extractEntry node_modules/promzard/example/npm-init/init.js
4113 silly gunzTarPerm extractEntry lib/commands/install-ci-test.js
4114 silly gunzTarPerm extractEntry lib/commands/install-test.js
4115 silly gunzTarPerm extractEntry lib/commands/install.js
4116 silly gunzTarPerm extractEntry node_modules/node-gyp/lib/install.js
4117 silly gunzTarPerm extractEntry node_modules/npm-audit-report/lib/reporters/install.js
4118 silly gunzTarPerm extractEntry lib/utils/completion/installed-deep.js
4119 silly gunzTarPerm extractEntry lib/utils/completion/installed-shallow.js
4120 silly gunzTarPerm extractEntry node_modules/iconv-lite/encodings/internal.js
4121 silly gunzTarPerm extractEntry node_modules/semver/ranges/intersects.js
4122 silly gunzTarPerm extractEntry node_modules/@npmcli/arborist/lib/inventory.js
4123 silly gunzTarPerm extractEntry node_modules/ip/lib/ip.js
4124 silly gunzTarPerm extractEntry node_modules/@npmcli/git/lib/is-clean.js
4125 silly gunzTarPerm extractEntry node_modules/pacote/lib/util/is-package-bin.js
4126 silly gunzTarPerm extractEntry node_modules/@npmcli/run-script/lib/is-server-package.js
4127 silly gunzTarPerm extractEntry lib/utils/is-windows.js
4128 silly gunzTarPerm extractEntry node_modules/@npmcli/run-script/lib/is-windows.js
4129 silly gunzTarPerm extractEntry node_modules/bin-links/lib/is-windows.js
4130 silly gunzTarPerm extractEntry node_modules/libnpmexec/lib/is-windows.js
4131 silly gunzTarPerm extractEntry node_modules/@npmcli/git/lib/is.js
4132 silly gunzTarPerm extractEntry node_modules/yallist/iterator.js
4133 silly gunzTarPerm extractEntry node_modules/diff/lib/diff/json.js
4134 silly gunzTarPerm extractEntry node_modules/npm-audit-report/lib/reporters/json.js
4135 silly gunzTarPerm extractEntry node_modules/jsonparse/jsonparse.js
4136 silly gunzTarPerm extractEntry node_modules/make-fetch-happen/lib/cache/key.js
4137 silly gunzTarPerm extractEntry node_modules/negotiator/lib/language.js
4138 silly gunzTarPerm extractEntry node_modules/tar/lib/large-numbers.js
4139 silly gunzTarPerm extractEntry node_modules/cli-table3/src/layout-manager.js
4140 silly gunzTarPerm extractEntry node_modules/graceful-fs/legacy-streams.js
4141 silly gunzTarPerm extractEntry lib/auth/legacy.js
4142 silly gunzTarPerm extractEntry node_modules/@npmcli/arborist/bin/license.js
4143 silly gunzTarPerm extractEntry lib/lifecycle-cmd.js
4144 silly gunzTarPerm extractEntry node_modules/diff/lib/diff/line.js
4145 silly gunzTarPerm extractEntry node_modules/@npmcli/git/lib/lines-to-revs.js
4146 silly gunzTarPerm extractEntry node_modules/bin-links/lib/link-bin.js
4147 silly gunzTarPerm extractEntry node_modules/bin-links/lib/link-bins.js
4148 silly gunzTarPerm extractEntry node_modules/bin-links/lib/link-gently.js
4149 silly gunzTarPerm extractEntry node_modules/bin-links/lib/link-mans.js
4150 silly gunzTarPerm extractEntry lib/commands/link.js
4151 silly gunzTarPerm extractEntry node_modules/@npmcli/arborist/lib/link.js
4152 silly gunzTarPerm extractEntry node_modules/node-gyp/lib/list.js
4153 silly gunzTarPerm extractEntry node_modules/tar/lib/list.js
4154 silly gunzTarPerm extractEntry lib/commands/ll.js
4155 silly gunzTarPerm extractEntry node_modules/@npmcli/arborist/lib/arborist/load-actual.js
4156 silly gunzTarPerm extractEntry node_modules/@npmcli/arborist/lib/arborist/load-virtual.js
4157 silly gunzTarPerm extractEntry node_modules/@npmcli/arborist/lib/arborist/load-workspaces.js
4158 silly gunzTarPerm extractEntry lib/utils/log-file.js
4159 silly gunzTarPerm extractEntry lib/utils/log-shim.js
4160 silly gunzTarPerm extractEntry node_modules/npmlog/lib/log.js
4161 silly gunzTarPerm extractEntry node_modules/@npmcli/arborist/bin/lib/logging.js
4162 silly gunzTarPerm extractEntry lib/commands/logout.js
4163 silly gunzTarPerm extractEntry lib/commands/ls.js
4164 silly gunzTarPerm extractEntry node_modules/semver/functions/lt.js
4165 silly gunzTarPerm extractEntry node_modules/semver/functions/lte.js
4166 silly gunzTarPerm extractEntry node_modules/semver/ranges/ltr.js
4167 silly gunzTarPerm extractEntry node_modules/qrcode-terminal/lib/main.js
4168 silly gunzTarPerm extractEntry node_modules/qrcode-terminal/test/main.js
4169 silly gunzTarPerm extractEntry node_modules/semver/functions/major.js
4170 silly gunzTarPerm extractEntry node_modules/normalize-package-data/lib/make_warning.js
4171 silly gunzTarPerm extractEntry node_modules/@npmcli/git/lib/make-error.js
4172 silly gunzTarPerm extractEntry node_modules/@npmcli/run-script/lib/make-spawn-args.js
4173 silly gunzTarPerm extractEntry node_modules/bin-links/lib/man-target.js
4174 silly gunzTarPerm extractEntry node_modules/concat-map/example/map.js
4175 silly gunzTarPerm extractEntry node_modules/concat-map/test/map.js
4176 silly gunzTarPerm extractEntry node_modules/semver/ranges/max-satisfying.js
4177 silly gunzTarPerm extractEntry node_modules/negotiator/lib/mediaType.js
4178 silly gunzTarPerm extractEntry node_modules/cacache/lib/memoization.js
4179 silly gunzTarPerm extractEntry node_modules/diff/lib/patch/merge.js
4180 silly gunzTarPerm extractEntry node_modules/semver/ranges/min-satisfying.js
4181 silly gunzTarPerm extractEntry node_modules/semver/ranges/min-version.js
4182 silly gunzTarPerm extractEntry node_modules/minimatch/minimatch.js
4183 silly gunzTarPerm extractEntry node_modules/node-gyp/node_modules/minimatch/minimatch.js
4184 silly gunzTarPerm extractEntry node_modules/rimraf/node_modules/minimatch/minimatch.js
4185 silly gunzTarPerm extractEntry node_modules/semver/functions/minor.js
4186 silly gunzTarPerm extractEntry node_modules/@npmcli/fs/lib/mkdir.js
4187 silly gunzTarPerm extractEntry node_modules/tar/lib/mkdir.js
4188 silly gunzTarPerm extractEntry node_modules/mkdirp/lib/mkdirp-manual.js
4189 silly gunzTarPerm extractEntry node_modules/mkdirp/lib/mkdirp-native.js
4190 silly gunzTarPerm extractEntry node_modules/@npmcli/fs/lib/mkdtemp.js
4191 silly gunzTarPerm extractEntry node_modules/tar/lib/mode-fix.js
4192 silly gunzTarPerm extractEntry node_modules/isexe/mode.js
4193 silly gunzTarPerm extractEntry node_modules/cacache/lib/util/move-file.js
4194 silly gunzTarPerm extractEntry node_modules/archy/examples/multi_line.js
4195 silly gunzTarPerm extractEntry node_modules/archy/test/multi_line.js
4196 silly gunzTarPerm extractEntry node_modules/mute-stream/mute.js
4197 silly gunzTarPerm extractEntry node_modules/postcss-selector-parser/dist/selectors/namespace.js
4198 silly gunzTarPerm extractEntry node_modules/semver/functions/neq.js
4199 silly gunzTarPerm extractEntry node_modules/@npmcli/config/lib/nerf-dart.js
4200 silly gunzTarPerm extractEntry node_modules/postcss-selector-parser/dist/selectors/nesting.js
4201 silly gunzTarPerm extractEntry node_modules/libnpmexec/lib/no-tty.js
4202 silly gunzTarPerm extractEntry node_modules/npm-normalize-package-bin/test/nobin.js
4203 silly gunzTarPerm extractEntry node_modules/node-gyp/bin/node-gyp.js
4204 silly gunzTarPerm extractEntry node_modules/node-gyp/lib/node-gyp.js
4205 silly gunzTarPerm extractEntry node_modules/@npmcli/arborist/lib/node.js
4206 silly gunzTarPerm extractEntry node_modules/@npmcli/fs/lib/common/node.js
4207 silly gunzTarPerm extractEntry node_modules/debug/src/node.js
4208 silly gunzTarPerm extractEntry node_modules/postcss-selector-parser/dist/selectors/node.js
4209 silly gunzTarPerm extractEntry node_modules/util-deprecate/node.js
4210 silly gunzTarPerm extractEntry node_modules/archy/test/non_unicode.js
4211 silly gunzTarPerm extractEntry node_modules/node-gyp/node_modules/nopt/bin/nopt.js
4212 silly gunzTarPerm extractEntry node_modules/node-gyp/node_modules/nopt/lib/nopt.js
4213 silly gunzTarPerm extractEntry node_modules/nopt/bin/nopt.js
4214 silly gunzTarPerm extractEntry node_modules/nopt/lib/nopt.js
4215 silly gunzTarPerm extractEntry node_modules/@colors/colors/examples/normal-usage.js
4216 silly gunzTarPerm extractEntry node_modules/tar/lib/normalize-unicode.js
4217 silly gunzTarPerm extractEntry node_modules/tar/lib/normalize-windows-path.js
4218 silly gunzTarPerm extractEntry node_modules/normalize-package-data/lib/normalize.js
4219 silly gunzTarPerm extractEntry node_modules/npm-package-arg/lib/npa.js
4220 silly gunzTarPerm extractEntry bin/npm-cli.js
4221 silly gunzTarPerm extractEntry lib/utils/npm-usage.js
4222 silly gunzTarPerm extractEntry node_modules/npm-user-validate/npm-user-validate.js
4223 silly gunzTarPerm extractEntry lib/npm.js
4224 silly gunzTarPerm extractEntry node_modules/pacote/lib/util/npm.js
4225 silly gunzTarPerm extractEntry bin/npx-cli.js
4226 silly gunzTarPerm extractEntry lib/auth/oauth.js
4227 silly gunzTarPerm extractEntry node_modules/npm-normalize-package-bin/test/object.js
4228 silly gunzTarPerm extractEntry node_modules/jsonparse/test/offset.js
4229 silly gunzTarPerm extractEntry node_modules/fs.realpath/old.js
4230 silly gunzTarPerm extractEntry node_modules/once/once.js
4231 silly gunzTarPerm extractEntry lib/utils/open-url-prompt.js
4232 silly gunzTarPerm extractEntry lib/utils/open-url.js
4233 silly gunzTarPerm extractEntry node_modules/opener/bin/opener-bin.js
4234 silly gunzTarPerm extractEntry node_modules/opener/lib/opener.js
4235 silly gunzTarPerm extractEntry node_modules/@npmcli/arborist/lib/optional-set.js
4236 silly gunzTarPerm extractEntry node_modules/@npmcli/arborist/bin/lib/options.js
4237 silly gunzTarPerm extractEntry node_modules/make-fetch-happen/lib/options.js
4238 silly gunzTarPerm extractEntry node_modules/mkdirp/lib/opts-arg.js
4239 silly gunzTarPerm extractEntry node_modules/@npmcli/git/lib/opts.js
4240 silly gunzTarPerm extractEntry lib/commands/org.js
4241 silly gunzTarPerm extractEntry lib/utils/otplease.js
4242 silly gunzTarPerm extractEntry lib/commands/outdated.js
4243 silly gunzTarPerm extractEntry node_modules/semver/ranges/outside.js
4244 silly gunzTarPerm extractEntry node_modules/@tootallnate/once/dist/overloaded-parameters.js
4245 silly gunzTarPerm extractEntry node_modules/@npmcli/arborist/lib/override-resolves.js
4246 silly gunzTarPerm extractEntry node_modules/@npmcli/arborist/lib/override-set.js
4247 silly gunzTarPerm extractEntry node_modules/@npmcli/fs/lib/common/owner-sync.js
4248 silly gunzTarPerm extractEntry lib/commands/owner.js
4249 silly gunzTarPerm extractEntry node_modules/@npmcli/fs/lib/common/owner.js
4250 silly gunzTarPerm extractEntry lib/commands/pack.js
4251 silly gunzTarPerm extractEntry node_modules/tar/lib/pack.js
4252 silly gunzTarPerm extractEntry node_modules/@npmcli/run-script/lib/package-envs.js
4253 silly gunzTarPerm extractEntry lib/package-url-cmd.js
4254 silly gunzTarPerm extractEntry node_modules/diff/lib/util/params.js
4255 silly gunzTarPerm extractEntry node_modules/@npmcli/config/lib/parse-field.js
4256 silly gunzTarPerm extractEntry node_modules/semver/internal/parse-options.js
4257 silly gunzTarPerm extractEntry node_modules/https-proxy-agent/dist/parse-proxy-response.js
4258 silly gunzTarPerm extractEntry node_modules/hosted-git-info/lib/parse-url.js
4259 silly gunzTarPerm extractEntry node_modules/diff/lib/patch/parse.js
4260 silly gunzTarPerm extractEntry node_modules/semver/functions/parse.js
4261 silly gunzTarPerm extractEntry node_modules/spdx-expression-parse/parse.js
4262 silly gunzTarPerm extractEntry node_modules/tar/lib/parse.js
4263 silly gunzTarPerm extractEntry node_modules/postcss-selector-parser/dist/parser.js
4264 silly gunzTarPerm extractEntry node_modules/semver/functions/patch.js
4265 silly gunzTarPerm extractEntry node_modules/mkdirp/lib/path-arg.js
4266 silly gunzTarPerm extractEntry node_modules/tar/lib/path-reservations.js
4267 silly gunzTarPerm extractEntry node_modules/cacache/lib/content/path.js
4268 silly gunzTarPerm extractEntry node_modules/minimatch/lib/path.js
4269 silly gunzTarPerm extractEntry node_modules/tar/lib/pax.js
4270 silly gunzTarPerm extractEntry node_modules/@npmcli/arborist/lib/peer-entry-sets.js
4271 silly gunzTarPerm extractEntry lib/commands/ping.js
4272 silly gunzTarPerm extractEntry lib/utils/ping.js
4273 silly gunzTarPerm extractEntry node_modules/make-fetch-happen/lib/pipeline.js
4274 silly gunzTarPerm extractEntry node_modules/readable-stream/lib/internal/streams/pipeline.js
4275 silly gunzTarPerm extractEntry lib/commands/pkg.js
4276 silly gunzTarPerm extractEntry node_modules/@npmcli/arborist/lib/place-dep.js
4277 silly gunzTarPerm extractEntry node_modules/gauge/lib/plumbing.js
4278 silly gunzTarPerm extractEntry node_modules/make-fetch-happen/lib/cache/policy.js
4279 silly gunzTarPerm extractEntry node_modules/@npmcli/fs/lib/cp/polyfill.js
4280 silly gunzTarPerm extractEntry node_modules/@npmcli/fs/lib/rm/polyfill.js
4281 silly gunzTarPerm extractEntry node_modules/graceful-fs/polyfills.js
4282 silly gunzTarPerm extractEntry lib/commands/prefix.js
4283 silly gunzTarPerm extractEntry node_modules/semver/preload.js
4284 silly gunzTarPerm extractEntry node_modules/semver/functions/prerelease.js
4285 silly gunzTarPerm extractEntry node_modules/jsonparse/test/primitives.js
4286 silly gunzTarPerm extractEntry node_modules/@npmcli/arborist/bin/lib/print-tree.js
4287 silly gunzTarPerm extractEntry node_modules/@npmcli/arborist/lib/printable.js
4288 silly gunzTarPerm extractEntry node_modules/node-gyp/test/process-exec-sync.js
4289 silly gunzTarPerm extractEntry node_modules/node-gyp/lib/process-release.js
4290 silly gunzTarPerm extractEntry node_modules/gauge/lib/process.js
4291 silly gunzTarPerm extractEntry node_modules/postcss-selector-parser/dist/processor.js
4292 silly gunzTarPerm extractEntry lib/commands/profile.js
4293 silly gunzTarPerm extractEntry node_modules/gauge/lib/progress-bar.js
4294 silly gunzTarPerm extractEntry node_modules/agent-base/dist/src/promisify.js
4295 silly gunzTarPerm extractEntry node_modules/promzard/promzard.js
4296 silly gunzTarPerm extractEntry lib/commands/prune.js
4297 silly gunzTarPerm extractEntry node_modules/@npmcli/arborist/bin/prune.js
4298 silly gunzTarPerm extractEntry node_modules/@npmcli/arborist/lib/arborist/pruner.js
4299 silly gunzTarPerm extractEntry node_modules/postcss-selector-parser/dist/selectors/pseudo.js
4300 silly gunzTarPerm extractEntry lib/commands/publish.js
4301 silly gunzTarPerm extractEntry node_modules/libnpmpublish/lib/publish.js
4302 silly gunzTarPerm extractEntry lib/utils/pulse-till-done.js
4303 silly gunzTarPerm extractEntry node_modules/cacache/lib/put.js
4304 silly gunzTarPerm extractEntry node_modules/qrcode-terminal/vendor/QRCode/QR8bitByte.js
4305 silly gunzTarPerm extractEntry node_modules/qrcode-terminal/vendor/QRCode/QRBitBuffer.js
4306 silly gunzTarPerm extractEntry node_modules/qrcode-terminal/bin/qrcode-terminal.js
4307 silly gunzTarPerm extractEntry node_modules/qrcode-terminal/vendor/QRCode/QRErrorCorrectLevel.js
4308 silly gunzTarPerm extractEntry node_modules/qrcode-terminal/vendor/QRCode/QRMaskPattern.js
4309 silly gunzTarPerm extractEntry node_modules/qrcode-terminal/vendor/QRCode/QRMath.js
4310 silly gunzTarPerm extractEntry node_modules/qrcode-terminal/vendor/QRCode/QRMode.js
4311 silly gunzTarPerm extractEntry node_modules/qrcode-terminal/vendor/QRCode/QRPolynomial.js
4312 silly gunzTarPerm extractEntry node_modules/qrcode-terminal/vendor/QRCode/QRRSBlock.js
4313 silly gunzTarPerm extractEntry node_modules/qrcode-terminal/vendor/QRCode/QRUtil.js
4314 silly gunzTarPerm extractEntry node_modules/@npmcli/arborist/lib/query-selector-all.js
4315 silly gunzTarPerm extractEntry lib/commands/query.js
4316 silly gunzTarPerm extractEntry lib/utils/queryable.js
4317 silly gunzTarPerm extractEntry node_modules/npm-audit-report/lib/reporters/quiet.js
4318 silly gunzTarPerm extractEntry node_modules/@colors/colors/lib/maps/rainbow.js
4319 silly gunzTarPerm extractEntry node_modules/@colors/colors/lib/maps/random.js
4320 silly gunzTarPerm extractEntry node_modules/semver/classes/range.js
4321 silly gunzTarPerm extractEntry node_modules/asap/raw.js
4322 silly gunzTarPerm extractEntry node_modules/semver/functions/rcompare.js
4323 silly gunzTarPerm extractEntry node_modules/semver/internal/re.js
4324 silly gunzTarPerm extractEntry node_modules/tar/lib/read-entry.js
4325 silly gunzTarPerm extractEntry node_modules/libnpmversion/lib/read-json.js
4326 silly gunzTarPerm extractEntry node_modules/read-package-json/lib/read-json.js
4327 silly gunzTarPerm extractEntry lib/utils/read-user-info.js
4328 silly gunzTarPerm extractEntry node_modules/cacache/lib/content/read.js
4329 silly gunzTarPerm extractEntry node_modules/read/lib/read.js
4330 silly gunzTarPerm extractEntry node_modules/readable-stream/readable-browser.js
4331 silly gunzTarPerm extractEntry node_modules/readable-stream/readable.js
4332 silly gunzTarPerm extractEntry node_modules/readdir-scoped-modules/readdir.js
4333 silly gunzTarPerm extractEntry node_modules/@npmcli/arborist/lib/realpath.js
4334 silly gunzTarPerm extractEntry lib/commands/rebuild.js
4335 silly gunzTarPerm extractEntry node_modules/@npmcli/arborist/lib/arborist/rebuild.js
4336 silly gunzTarPerm extractEntry node_modules/node-gyp/lib/rebuild.js
4337 silly gunzTarPerm extractEntry node_modules/socks/build/common/receivebuffer.js
4338 silly gunzTarPerm extractEntry node_modules/pacote/lib/registry.js
4339 silly gunzTarPerm extractEntry lib/utils/reify-finish.js
4340 silly gunzTarPerm extractEntry lib/utils/reify-output.js
4341 silly gunzTarPerm extractEntry node_modules/@npmcli/arborist/bin/reify.js
4342 silly gunzTarPerm extractEntry node_modules/@npmcli/arborist/lib/arborist/reify.js
4343 silly gunzTarPerm extractEntry node_modules/@npmcli/arborist/lib/relpath.js
4344 silly gunzTarPerm extractEntry node_modules/make-fetch-happen/lib/remote.js
4345 silly gunzTarPerm extractEntry node_modules/pacote/lib/remote.js
4346 silly gunzTarPerm extractEntry node_modules/node-gyp/lib/remove.js
4347 silly gunzTarPerm extractEntry node_modules/gauge/lib/render-template.js
4348 silly gunzTarPerm extractEntry lib/utils/replace-info.js
4349 silly gunzTarPerm extractEntry node_modules/tar/lib/replace.js
4350 silly gunzTarPerm extractEntry lib/commands/repo.js
4351 silly gunzTarPerm extractEntry node_modules/minipass-fetch/lib/request.js
4352 silly gunzTarPerm extractEntry node_modules/@npmcli/arborist/lib/reset-dep-flags.js
4353 silly gunzTarPerm extractEntry node_modules/minipass-fetch/lib/response.js
4354 silly gunzTarPerm extractEntry lib/commands/restart.js
4355 silly gunzTarPerm extractEntry node_modules/@npmcli/arborist/lib/retire-path.js
4356 silly gunzTarPerm extractEntry node_modules/libnpmversion/lib/retrieve-tag.js
4357 silly gunzTarPerm extractEntry node_modules/retry/lib/retry_operation.js
4358 silly gunzTarPerm extractEntry node_modules/retry/lib/retry.js
4359 silly gunzTarPerm extractEntry node_modules/@npmcli/git/lib/revs.js
4360 silly gunzTarPerm extractEntry node_modules/rimraf/rimraf.js
4361 silly gunzTarPerm extractEntry node_modules/cacache/lib/content/rm.js
4362 silly gunzTarPerm extractEntry node_modules/cacache/lib/rm.js
4363 silly gunzTarPerm extractEntry node_modules/just-diff-apply/rollup.config.js
4364 silly gunzTarPerm extractEntry node_modules/just-diff/rollup.config.js
4365 silly gunzTarPerm extractEntry lib/commands/root.js
4366 silly gunzTarPerm extractEntry node_modules/postcss-selector-parser/dist/selectors/root.js
4367 silly gunzTarPerm extractEntry node_modules/color-convert/route.js
4368 silly gunzTarPerm extractEntry node_modules/semver/functions/rsort.js
4369 silly gunzTarPerm extractEntry node_modules/@npmcli/run-script/lib/run-script-pkg.js
4370 silly gunzTarPerm extractEntry lib/commands/run-script.js
4371 silly gunzTarPerm extractEntry node_modules/@npmcli/run-script/lib/run-script.js
4372 silly gunzTarPerm extractEntry node_modules/libnpmexec/lib/run-script.js
4373 silly gunzTarPerm extractEntry node_modules/diff/runtime.js
4374 silly gunzTarPerm extractEntry node_modules/normalize-package-data/lib/safe_format.js
4375 silly gunzTarPerm extractEntry node_modules/@colors/colors/examples/safe-string.js
4376 silly gunzTarPerm extractEntry node_modules/@colors/colors/safe.js
4377 silly gunzTarPerm extractEntry node_modules/safer-buffer/safer.js
4378 silly gunzTarPerm extractEntry lib/auth/saml.js
4379 silly gunzTarPerm extractEntry node_modules/semver/functions/satisfies.js
4380 silly gunzTarPerm extractEntry node_modules/iconv-lite/encodings/sbcs-codec.js
4381 silly gunzTarPerm extractEntry node_modules/iconv-lite/encodings/sbcs-data-generated.js
4382 silly gunzTarPerm extractEntry node_modules/iconv-lite/encodings/sbcs-data.js
4383 silly gunzTarPerm extractEntry node_modules/spdx-expression-parse/scan.js
4384 silly gunzTarPerm extractEntry lib/commands/search.js
4385 silly gunzTarPerm extractEntry node_modules/postcss-selector-parser/dist/selectors/selector.js
4386 silly gunzTarPerm extractEntry node_modules/semver/bin/semver.js
4387 silly gunzTarPerm extractEntry node_modules/semver/classes/semver.js
4388 silly gunzTarPerm extractEntry node_modules/diff/lib/diff/sentence.js
4389 silly gunzTarPerm extractEntry node_modules/@npmcli/config/lib/set-envs.js
4390 silly gunzTarPerm extractEntry node_modules/gauge/lib/set-immediate.js
4391 silly gunzTarPerm extractEntry node_modules/gauge/lib/set-interval.js
4392 silly gunzTarPerm extractEntry node_modules/@npmcli/run-script/lib/set-path.js
4393 silly gunzTarPerm extractEntry lib/commands/set-script.js
4394 silly gunzTarPerm extractEntry lib/commands/set.js
4395 silly gunzTarPerm extractEntry node_modules/bin-links/lib/shim-bin.js
4396 silly gunzTarPerm extractEntry node_modules/libnpmdiff/lib/should-print-patch.js
4397 silly gunzTarPerm extractEntry lib/commands/shrinkwrap.js
4398 silly gunzTarPerm extractEntry node_modules/@npmcli/arborist/bin/shrinkwrap.js
4399 silly gunzTarPerm extractEntry node_modules/@npmcli/arborist/lib/shrinkwrap.js
4400 silly gunzTarPerm extractEntry node_modules/@npmcli/arborist/lib/signal-handling.js
4401 silly gunzTarPerm extractEntry node_modules/@npmcli/run-script/lib/signal-manager.js
4402 silly gunzTarPerm extractEntry node_modules/@npmcli/arborist/lib/signals.js
4403 silly gunzTarPerm extractEntry node_modules/signal-exit/signals.js
4404 silly gunzTarPerm extractEntry node_modules/node-gyp/test/simple-proxy.js
4405 silly gunzTarPerm extractEntry node_modules/promzard/test/simple.js
4406 silly gunzTarPerm extractEntry node_modules/semver/ranges/simplify.js
4407 silly gunzTarPerm extractEntry node_modules/qrcode-terminal/example/small-qrcode.js
4408 silly gunzTarPerm extractEntry node_modules/smart-buffer/build/smartbuffer.js
4409 silly gunzTarPerm extractEntry node_modules/socks/build/client/socksclient.js
4410 silly gunzTarPerm extractEntry node_modules/semver/functions/sort.js
4411 silly gunzTarPerm extractEntry node_modules/postcss-selector-parser/dist/sortAscending.js
4412 silly gunzTarPerm extractEntry node_modules/@npmcli/git/lib/spawn.js
4413 silly gunzTarPerm extractEntry node_modules/@npmcli/arborist/lib/spec-from-lock.js
4414 silly gunzTarPerm extractEntry node_modules/gauge/lib/spin.js
4415 silly gunzTarPerm extractEntry lib/auth/sso.js
4416 silly gunzTarPerm extractEntry lib/commands/star.js
4417 silly gunzTarPerm extractEntry lib/commands/stars.js
4418 silly gunzTarPerm extractEntry lib/commands/start.js
4419 silly gunzTarPerm extractEntry node_modules/readable-stream/lib/internal/streams/state.js
4420 silly gunzTarPerm extractEntry lib/commands/stop.js
4421 silly gunzTarPerm extractEntry node_modules/retry/example/stop.js
4422 silly gunzTarPerm extractEntry node_modules/readable-stream/lib/internal/streams/stream-browser.js
4423 silly gunzTarPerm extractEntry node_modules/readable-stream/lib/internal/streams/stream.js
4424 silly gunzTarPerm extractEntry node_modules/iconv-lite/lib/streams.js
4425 silly gunzTarPerm extractEntry node_modules/string_decoder/lib/string_decoder.js
4426 silly gunzTarPerm extractEntry node_modules/npm-normalize-package-bin/test/string.js
4427 silly gunzTarPerm extractEntry node_modules/postcss-selector-parser/dist/selectors/string.js
4428 silly gunzTarPerm extractEntry node_modules/tar/lib/strip-absolute-path.js
4429 silly gunzTarPerm extractEntry node_modules/tar/lib/strip-trailing-slashes.js
4430 silly gunzTarPerm extractEntry node_modules/postcss-selector-parser/dist/util/stripComments.js
4431 silly gunzTarPerm extractEntry node_modules/@colors/colors/lib/styles.js
4432 silly gunzTarPerm extractEntry node_modules/semver/ranges/subset.js
4433 silly gunzTarPerm extractEntry node_modules/promzard/example/substack-input.js
4434 silly gunzTarPerm extractEntry node_modules/@colors/colors/lib/system/supports-colors.js
4435 silly gunzTarPerm extractEntry node_modules/jsonparse/test/surrogate.js
4436 silly gunzTarPerm extractEntry node_modules/glob/sync.js
4437 silly gunzTarPerm extractEntry node_modules/node-gyp/node_modules/glob/sync.js
4438 silly gunzTarPerm extractEntry node_modules/rimraf/node_modules/glob/sync.js
4439 silly gunzTarPerm extractEntry node_modules/cli-table3/src/table.js
4440 silly gunzTarPerm extractEntry node_modules/text-table/example/table.js
4441 silly gunzTarPerm extractEntry node_modules/text-table/test/table.js
4442 silly gunzTarPerm extractEntry node_modules/libnpmversion/lib/tag.js
4443 silly gunzTarPerm extractEntry node_modules/postcss-selector-parser/dist/selectors/tag.js
4444 silly gunzTarPerm extractEntry node_modules/pacote/lib/util/tar-create-options.js
4445 silly gunzTarPerm extractEntry lib/utils/tar.js
4446 silly gunzTarPerm extractEntry node_modules/libnpmdiff/lib/tarball.js
4447 silly gunzTarPerm extractEntry lib/commands/team.js
4448 silly gunzTarPerm extractEntry node_modules/gauge/lib/template-item.js
4449 silly gunzTarPerm extractEntry node_modules/chalk/source/templates.js
4450 silly gunzTarPerm extractEntry node_modules/node-gyp/test/test-addon.js
4451 silly gunzTarPerm extractEntry node_modules/node-gyp/test/test-configure-python.js
4452 silly gunzTarPerm extractEntry node_modules/node-gyp/test/test-create-config-gypi.js
4453 silly gunzTarPerm extractEntry node_modules/node-gyp/test/test-download.js
4454 silly gunzTarPerm extractEntry node_modules/node-gyp/test/test-find-accessible-sync.js
4455 silly gunzTarPerm extractEntry node_modules/node-gyp/test/test-find-node-directory.js
4456 silly gunzTarPerm extractEntry node_modules/node-gyp/test/test-find-python.js
4457 silly gunzTarPerm extractEntry node_modules/node-gyp/test/test-find-visualstudio.js
4458 silly gunzTarPerm extractEntry node_modules/retry/test/integration/test-forever.js
4459 silly gunzTarPerm extractEntry node_modules/node-gyp/test/test-install.js
4460 silly gunzTarPerm extractEntry node_modules/node-gyp/test/test-options.js
4461 silly gunzTarPerm extractEntry node_modules/node-gyp/test/test-process-release.js
4462 silly gunzTarPerm extractEntry node_modules/retry/test/integration/test-retry-operation.js
4463 silly gunzTarPerm extractEntry node_modules/retry/test/integration/test-retry-wrap.js
4464 silly gunzTarPerm extractEntry node_modules/retry/test/integration/test-timeouts.js
4465 silly gunzTarPerm extractEntry lib/commands/test.js
4466 silly gunzTarPerm extractEntry node_modules/cli-columns/test.js
4467 silly gunzTarPerm extractEntry node_modules/defaults/test.js
4468 silly gunzTarPerm extractEntry node_modules/encoding/test/test.js
4469 silly gunzTarPerm extractEntry node_modules/err-code/test/test.js
4470 silly gunzTarPerm extractEntry node_modules/fastest-levenshtein/test.js
4471 silly gunzTarPerm extractEntry node_modules/is-lambda/test.js
4472 silly gunzTarPerm extractEntry node_modules/promise-retry/test/test.js
4473 silly gunzTarPerm extractEntry node_modules/safer-buffer/tests.js
4474 silly gunzTarPerm extractEntry node_modules/emoji-regex/es2015/text.js
4475 silly gunzTarPerm extractEntry node_modules/emoji-regex/text.js
4476 silly gunzTarPerm extractEntry node_modules/gauge/lib/theme-set.js
4477 silly gunzTarPerm extractEntry node_modules/gauge/lib/themes.js
4478 silly gunzTarPerm extractEntry lib/utils/timers.js
4479 silly gunzTarPerm extractEntry node_modules/@npmcli/arborist/bin/lib/timers.js
4480 silly gunzTarPerm extractEntry node_modules/cacache/lib/util/tmp.js
4481 silly gunzTarPerm extractEntry node_modules/cmd-shim/lib/to-batch-syntax.js
4482 silly gunzTarPerm extractEntry node_modules/semver/ranges/to-comparators.js
4483 silly gunzTarPerm extractEntry lib/commands/token.js
4484 silly gunzTarPerm extractEntry node_modules/postcss-selector-parser/dist/tokenize.js
4485 silly gunzTarPerm extractEntry node_modules/postcss-selector-parser/dist/tokenTypes.js
4486 silly gunzTarPerm extractEntry node_modules/are-we-there-yet/lib/tracker-base.js
4487 silly gunzTarPerm extractEntry node_modules/are-we-there-yet/lib/tracker-group.js
4488 silly gunzTarPerm extractEntry node_modules/are-we-there-yet/lib/tracker-stream.js
4489 silly gunzTarPerm extractEntry node_modules/@npmcli/arborist/lib/tracker.js
4490 silly gunzTarPerm extractEntry node_modules/are-we-there-yet/lib/tracker.js
4491 silly gunzTarPerm extractEntry node_modules/pacote/lib/util/trailing-slashes.js
4492 silly gunzTarPerm extractEntry node_modules/@colors/colors/lib/custom/trap.js
4493 silly gunzTarPerm extractEntry node_modules/@npmcli/arborist/lib/tree-check.js
4494 silly gunzTarPerm extractEntry node_modules/jsonparse/examples/twitterfeed.js
4495 silly gunzTarPerm extractEntry node_modules/@npmcli/config/lib/type-defs.js
4496 silly gunzTarPerm extractEntry node_modules/@npmcli/config/lib/type-description.js
4497 silly gunzTarPerm extractEntry node_modules/@tootallnate/once/dist/types.js
4498 silly gunzTarPerm extractEntry node_modules/postcss-selector-parser/dist/selectors/types.js
4499 silly gunzTarPerm extractEntry node_modules/tar/lib/types.js
4500 silly gunzTarPerm extractEntry node_modules/@npmcli/config/lib/umask.js
4501 silly gunzTarPerm extractEntry node_modules/postcss-selector-parser/dist/util/unesc.js
4502 silly gunzTarPerm extractEntry lib/commands/uninstall.js
4503 silly gunzTarPerm extractEntry node_modules/postcss-selector-parser/dist/selectors/universal.js
4504 silly gunzTarPerm extractEntry node_modules/tar/lib/unpack.js
4505 silly gunzTarPerm extractEntry lib/commands/unpublish.js
4506 silly gunzTarPerm extractEntry node_modules/libnpmpublish/lib/unpublish.js
4507 silly gunzTarPerm extractEntry lib/commands/unstar.js
4508 silly gunzTarPerm extractEntry node_modules/libnpmdiff/lib/untar.js
4509 silly gunzTarPerm extractEntry node_modules/jsonparse/test/unvalid.js
4510 silly gunzTarPerm extractEntry node_modules/@npmcli/package-json/lib/update-dependencies.js
4511 silly gunzTarPerm extractEntry lib/utils/update-notifier.js
4512 silly gunzTarPerm extractEntry node_modules/@npmcli/package-json/lib/update-scripts.js
4513 silly gunzTarPerm extractEntry lib/workspaces/update-workspaces.js
4514 silly gunzTarPerm extractEntry node_modules/@npmcli/package-json/lib/update-workspaces.js
4515 silly gunzTarPerm extractEntry lib/commands/update.js
4516 silly gunzTarPerm extractEntry node_modules/tar/lib/update.js
4517 silly gunzTarPerm extractEntry node_modules/mkdirp/lib/use-native.js
4518 silly gunzTarPerm extractEntry node_modules/iconv-lite/encodings/utf16.js
4519 silly gunzTarPerm extractEntry node_modules/iconv-lite/encodings/utf32.js
4520 silly gunzTarPerm extractEntry node_modules/iconv-lite/encodings/utf7.js
4521 silly gunzTarPerm extractEntry node_modules/jsonparse/test/utf8.js
4522 silly gunzTarPerm extractEntry node_modules/chalk/source/util.js
4523 silly gunzTarPerm extractEntry node_modules/node-gyp/lib/util.js
4524 silly gunzTarPerm extractEntry node_modules/socks/build/common/util.js
4525 silly gunzTarPerm extractEntry node_modules/@npmcli/git/lib/utils.js
4526 silly gunzTarPerm extractEntry node_modules/cli-table3/src/utils.js
4527 silly gunzTarPerm extractEntry node_modules/columnify/utils.js
4528 silly gunzTarPerm extractEntry node_modules/smart-buffer/build/utils.js
4529 silly gunzTarPerm extractEntry node_modules/semver/functions/valid.js
4530 silly gunzTarPerm extractEntry node_modules/semver/ranges/valid.js
4531 silly gunzTarPerm extractEntry lib/utils/validate-lockfile.js
4532 silly gunzTarPerm extractEntry node_modules/@npmcli/run-script/lib/validate-options.js
4533 silly gunzTarPerm extractEntry node_modules/promzard/test/validate.js
4534 silly gunzTarPerm extractEntry node_modules/cacache/lib/verify.js
4535 silly gunzTarPerm extractEntry node_modules/@npmcli/arborist/lib/version-from-tgz.js
4536 silly gunzTarPerm extractEntry lib/commands/version.js
4537 silly gunzTarPerm extractEntry node_modules/libnpmversion/lib/version.js
4538 silly gunzTarPerm extractEntry lib/commands/view.js
4539 silly gunzTarPerm extractEntry node_modules/@npmcli/arborist/bin/virtual.js
4540 silly gunzTarPerm extractEntry node_modules/@npmcli/arborist/lib/vuln.js
4541 silly gunzTarPerm extractEntry node_modules/tar/lib/warn-mixin.js
4542 silly gunzTarPerm extractEntry lib/utils/web-auth.js
4543 silly gunzTarPerm extractEntry node_modules/@npmcli/git/lib/which.js
4544 silly gunzTarPerm extractEntry node_modules/which/which.js
4545 silly gunzTarPerm extractEntry lib/commands/whoami.js
4546 silly gunzTarPerm extractEntry node_modules/gauge/lib/wide-truncate.js
4547 silly gunzTarPerm extractEntry node_modules/columnify/width.js
4548 silly gunzTarPerm extractEntry node_modules/tar/lib/winchars.js
4549 silly gunzTarPerm extractEntry node_modules/isexe/windows.js
4550 silly gunzTarPerm extractEntry node_modules/@npmcli/fs/lib/with-owner-sync.js
4551 silly gunzTarPerm extractEntry node_modules/@npmcli/fs/lib/with-owner.js
4552 silly gunzTarPerm extractEntry node_modules/@npmcli/fs/lib/with-temp-dir.js
4553 silly gunzTarPerm extractEntry node_modules/diff/lib/diff/word.js
4554 silly gunzTarPerm extractEntry node_modules/wrappy/wrappy.js
4555 silly gunzTarPerm extractEntry node_modules/tar/lib/write-entry.js
4556 silly gunzTarPerm extractEntry node_modules/@npmcli/fs/lib/write-file.js
4557 silly gunzTarPerm extractEntry node_modules/libnpmversion/lib/write-json.js
4558 silly gunzTarPerm extractEntry node_modules/cacache/lib/content/write.js
4559 silly gunzTarPerm extractEntry node_modules/diff/lib/convert/xml.js
4560 silly gunzTarPerm extractEntry node_modules/yallist/yallist.js
4561 silly gunzTarPerm extractEntry node_modules/@npmcli/arborist/lib/yarn-lock.js
4562 silly gunzTarPerm extractEntry node_modules/@colors/colors/lib/custom/zalgo.js
4563 silly gunzTarPerm extractEntry node_modules/@colors/colors/lib/maps/zebra.js
4564 silly gunzTarPerm extractEntry node_modules/jsonparse/samplejson/basic.json
4565 silly gunzTarPerm extractEntry node_modules/jsonparse/samplejson/basic2.json
4566 silly gunzTarPerm extractEntry node_modules/iconv-lite/encodings/tables/big5-added.json
4567 silly gunzTarPerm extractEntry node_modules/binary-extensions/binary-extensions.json
4568 silly gunzTarPerm extractEntry node_modules/err-code/bower.json
4569 silly gunzTarPerm extractEntry node_modules/is-core-module/core.json
4570 silly gunzTarPerm extractEntry node_modules/iconv-lite/encodings/tables/cp936.json
4571 silly gunzTarPerm extractEntry node_modules/iconv-lite/encodings/tables/cp949.json
4572 silly gunzTarPerm extractEntry node_modules/iconv-lite/encodings/tables/cp950.json
4573 silly gunzTarPerm extractEntry node_modules/spdx-license-ids/deprecated.json
4574 silly gunzTarPerm extractEntry node_modules/iconv-lite/encodings/tables/eucjp.json
4575 silly gunzTarPerm extractEntry node_modules/iconv-lite/encodings/tables/gb18030-ranges.json
4576 silly gunzTarPerm extractEntry node_modules/iconv-lite/encodings/tables/gbk-added.json
4577 silly gunzTarPerm extractEntry node_modules/spdx-exceptions/index.json
4578 silly gunzTarPerm extractEntry node_modules/spdx-license-ids/index.json
4579 silly gunzTarPerm extractEntry node_modules/@colors/colors/package.json
4580 silly gunzTarPerm extractEntry node_modules/@gar/promisify/package.json
4581 silly gunzTarPerm extractEntry node_modules/@isaacs/string-locale-compare/package.json
4582 silly gunzTarPerm extractEntry node_modules/@npmcli/arborist/package.json
4583 silly gunzTarPerm extractEntry node_modules/@npmcli/ci-detect/package.json
4584 silly gunzTarPerm extractEntry node_modules/@npmcli/config/package.json
4585 silly gunzTarPerm extractEntry node_modules/@npmcli/disparity-colors/package.json
4586 silly gunzTarPerm extractEntry node_modules/@npmcli/fs/package.json
4587 silly gunzTarPerm extractEntry node_modules/@npmcli/git/package.json
4588 silly gunzTarPerm extractEntry node_modules/@npmcli/installed-package-contents/node_modules/npm-bundled/package.json
4589 silly gunzTarPerm extractEntry node_modules/@npmcli/installed-package-contents/package.json
4590 silly gunzTarPerm extractEntry node_modules/@npmcli/map-workspaces/package.json
4591 silly gunzTarPerm extractEntry node_modules/@npmcli/metavuln-calculator/package.json
4592 silly gunzTarPerm extractEntry node_modules/@npmcli/move-file/package.json
4593 silly gunzTarPerm extractEntry node_modules/@npmcli/name-from-folder/package.json
4594 silly gunzTarPerm extractEntry node_modules/@npmcli/node-gyp/package.json
4595 silly gunzTarPerm extractEntry node_modules/@npmcli/package-json/package.json
4596 silly gunzTarPerm extractEntry node_modules/@npmcli/promise-spawn/package.json
4597 silly gunzTarPerm extractEntry node_modules/@npmcli/query/package.json
4598 silly gunzTarPerm extractEntry node_modules/@npmcli/run-script/package.json
4599 silly gunzTarPerm extractEntry node_modules/@tootallnate/once/package.json
4600 silly gunzTarPerm extractEntry node_modules/abbrev/package.json
4601 silly gunzTarPerm extractEntry node_modules/agent-base/package.json
4602 silly gunzTarPerm extractEntry node_modules/agentkeepalive/package.json
4603 silly gunzTarPerm extractEntry node_modules/aggregate-error/package.json
4604 silly gunzTarPerm extractEntry node_modules/ansi-regex/package.json
4605 silly gunzTarPerm extractEntry node_modules/ansi-styles/package.json
4606 silly gunzTarPerm extractEntry node_modules/aproba/package.json
4607 silly gunzTarPerm extractEntry node_modules/archy/package.json
4608 silly gunzTarPerm extractEntry node_modules/are-we-there-yet/package.json
4609 silly gunzTarPerm extractEntry node_modules/asap/package.json
4610 silly gunzTarPerm extractEntry node_modules/balanced-match/package.json
4611 silly gunzTarPerm extractEntry node_modules/bin-links/node_modules/npm-normalize-package-bin/package.json
4612 silly gunzTarPerm extractEntry node_modules/bin-links/package.json
4613 silly gunzTarPerm extractEntry node_modules/binary-extensions/package.json
4614 silly gunzTarPerm extractEntry node_modules/brace-expansion/package.json
4615 silly gunzTarPerm extractEntry node_modules/builtins/package.json
4616 silly gunzTarPerm extractEntry node_modules/cacache/package.json
4617 silly gunzTarPerm extractEntry node_modules/chalk/package.json
4618 silly gunzTarPerm extractEntry node_modules/chownr/package.json
4619 silly gunzTarPerm extractEntry node_modules/cidr-regex/package.json
4620 silly gunzTarPerm extractEntry node_modules/clean-stack/package.json
4621 silly gunzTarPerm extractEntry node_modules/cli-columns/package.json
4622 silly gunzTarPerm extractEntry node_modules/cli-table3/package.json
4623 silly gunzTarPerm extractEntry node_modules/clone/package.json
4624 silly gunzTarPerm extractEntry node_modules/cmd-shim/package.json
4625 silly gunzTarPerm extractEntry node_modules/color-convert/package.json
4626 silly gunzTarPerm extractEntry node_modules/color-name/package.json
4627 silly gunzTarPerm extractEntry node_modules/color-support/package.json
4628 silly gunzTarPerm extractEntry node_modules/columnify/package.json
4629 silly gunzTarPerm extractEntry node_modules/common-ancestor-path/package.json
4630 silly gunzTarPerm extractEntry node_modules/concat-map/package.json
4631 silly gunzTarPerm extractEntry node_modules/console-control-strings/package.json
4632 silly gunzTarPerm extractEntry node_modules/cssesc/package.json
4633 silly gunzTarPerm extractEntry node_modules/debug/node_modules/ms/package.json
4634 silly gunzTarPerm extractEntry node_modules/debug/package.json
4635 silly gunzTarPerm extractEntry node_modules/debuglog/package.json
4636 silly gunzTarPerm extractEntry node_modules/defaults/package.json
4637 silly gunzTarPerm extractEntry node_modules/delegates/package.json
4638 silly gunzTarPerm extractEntry node_modules/depd/package.json
4639 silly gunzTarPerm extractEntry node_modules/dezalgo/package.json
4640 silly gunzTarPerm extractEntry node_modules/diff/package.json
4641 silly gunzTarPerm extractEntry node_modules/emoji-regex/package.json
4642 silly gunzTarPerm extractEntry node_modules/encoding/package.json
4643 silly gunzTarPerm extractEntry node_modules/env-paths/package.json
4644 silly gunzTarPerm extractEntry node_modules/err-code/package.json
4645 silly gunzTarPerm extractEntry node_modules/fastest-levenshtein/package.json
4646 silly gunzTarPerm extractEntry node_modules/fs-minipass/package.json
4647 silly gunzTarPerm extractEntry node_modules/fs.realpath/package.json
4648 silly gunzTarPerm extractEntry node_modules/function-bind/package.json
4649 silly gunzTarPerm extractEntry node_modules/gauge/package.json
4650 silly gunzTarPerm extractEntry node_modules/glob/package.json
4651 silly gunzTarPerm extractEntry node_modules/graceful-fs/package.json
4652 silly gunzTarPerm extractEntry node_modules/has-flag/package.json
4653 silly gunzTarPerm extractEntry node_modules/has-unicode/package.json
4654 silly gunzTarPerm extractEntry node_modules/has/package.json
4655 silly gunzTarPerm extractEntry node_modules/hosted-git-info/package.json
4656 silly gunzTarPerm extractEntry node_modules/http-cache-semantics/package.json
4657 silly gunzTarPerm extractEntry node_modules/http-proxy-agent/package.json
4658 silly gunzTarPerm extractEntry node_modules/https-proxy-agent/package.json
4659 silly gunzTarPerm extractEntry node_modules/humanize-ms/package.json
4660 silly gunzTarPerm extractEntry node_modules/iconv-lite/package.json
4661 silly gunzTarPerm extractEntry node_modules/ignore-walk/package.json
4662 silly gunzTarPerm extractEntry node_modules/imurmurhash/package.json
4663 silly gunzTarPerm extractEntry node_modules/indent-string/package.json
4664 silly gunzTarPerm extractEntry node_modules/infer-owner/package.json
4665 silly gunzTarPerm extractEntry node_modules/inflight/package.json
4666 silly gunzTarPerm extractEntry node_modules/inherits/package.json
4667 silly gunzTarPerm extractEntry node_modules/ini/package.json
4668 silly gunzTarPerm extractEntry node_modules/init-package-json/package.json
4669 silly gunzTarPerm extractEntry node_modules/ip-regex/package.json
4670 silly gunzTarPerm extractEntry node_modules/ip/package.json
4671 silly gunzTarPerm extractEntry node_modules/is-cidr/package.json
4672 silly gunzTarPerm extractEntry node_modules/is-core-module/package.json
4673 silly gunzTarPerm extractEntry node_modules/is-fullwidth-code-point/package.json
4674 silly gunzTarPerm extractEntry node_modules/is-lambda/package.json
4675 silly gunzTarPerm extractEntry node_modules/isexe/package.json
4676 silly gunzTarPerm extractEntry node_modules/json-parse-even-better-errors/package.json
4677 silly gunzTarPerm extractEntry node_modules/json-stringify-nice/package.json
4678 silly gunzTarPerm extractEntry node_modules/jsonparse/package.json
4679 silly gunzTarPerm extractEntry node_modules/just-diff-apply/package.json
4680 silly gunzTarPerm extractEntry node_modules/just-diff/package.json
4681 silly gunzTarPerm extractEntry node_modules/libnpmaccess/package.json
4682 silly gunzTarPerm extractEntry node_modules/libnpmdiff/package.json
4683 silly gunzTarPerm extractEntry node_modules/libnpmexec/package.json
4684 silly gunzTarPerm extractEntry node_modules/libnpmfund/package.json
4685 silly gunzTarPerm extractEntry node_modules/libnpmhook/package.json
4686 silly gunzTarPerm extractEntry node_modules/libnpmorg/package.json
4687 silly gunzTarPerm extractEntry node_modules/libnpmpack/package.json
4688 silly gunzTarPerm extractEntry node_modules/libnpmpublish/package.json
4689 silly gunzTarPerm extractEntry node_modules/libnpmsearch/package.json
4690 silly gunzTarPerm extractEntry node_modules/libnpmteam/package.json
4691 silly gunzTarPerm extractEntry node_modules/libnpmversion/package.json
4692 silly gunzTarPerm extractEntry node_modules/lru-cache/package.json
4693 silly gunzTarPerm extractEntry node_modules/make-fetch-happen/package.json
4694 silly gunzTarPerm extractEntry node_modules/minimatch/package.json
4695 silly gunzTarPerm extractEntry node_modules/minipass-collect/package.json
4696 silly gunzTarPerm extractEntry node_modules/minipass-fetch/package.json
4697 silly gunzTarPerm extractEntry node_modules/minipass-flush/package.json
4698 silly gunzTarPerm extractEntry node_modules/minipass-json-stream/package.json
4699 silly gunzTarPerm extractEntry node_modules/minipass-pipeline/package.json
4700 silly gunzTarPerm extractEntry node_modules/minipass-sized/package.json
4701 silly gunzTarPerm extractEntry node_modules/minipass/package.json
4702 silly gunzTarPerm extractEntry node_modules/minizlib/package.json
4703 silly gunzTarPerm extractEntry node_modules/mkdirp-infer-owner/package.json
4704 silly gunzTarPerm extractEntry node_modules/mkdirp/package.json
4705 silly gunzTarPerm extractEntry node_modules/ms/package.json
4706 silly gunzTarPerm extractEntry node_modules/mute-stream/package.json
4707 silly gunzTarPerm extractEntry node_modules/negotiator/package.json
4708 silly gunzTarPerm extractEntry node_modules/node-gyp/node_modules/brace-expansion/package.json
4709 silly gunzTarPerm extractEntry node_modules/node-gyp/node_modules/glob/package.json
4710 silly gunzTarPerm extractEntry node_modules/node-gyp/node_modules/minimatch/package.json
4711 silly gunzTarPerm extractEntry node_modules/node-gyp/node_modules/nopt/package.json
4712 silly gunzTarPerm extractEntry node_modules/node-gyp/package.json
4713 silly gunzTarPerm extractEntry node_modules/nopt/package.json
4714 silly gunzTarPerm extractEntry node_modules/normalize-package-data/package.json
4715 silly gunzTarPerm extractEntry node_modules/npm-audit-report/package.json
4716 silly gunzTarPerm extractEntry node_modules/npm-bundled/node_modules/npm-normalize-package-bin/package.json
4717 silly gunzTarPerm extractEntry node_modules/npm-bundled/package.json
4718 silly gunzTarPerm extractEntry node_modules/npm-install-checks/package.json
4719 silly gunzTarPerm extractEntry node_modules/npm-normalize-package-bin/package.json
4720 silly gunzTarPerm extractEntry node_modules/npm-package-arg/package.json
4721 silly gunzTarPerm extractEntry node_modules/npm-packlist/node_modules/npm-normalize-package-bin/package.json
4722 silly gunzTarPerm extractEntry node_modules/npm-packlist/package.json
4723 silly gunzTarPerm extractEntry node_modules/npm-pick-manifest/node_modules/npm-normalize-package-bin/package.json
4724 silly gunzTarPerm extractEntry node_modules/npm-pick-manifest/package.json
4725 silly gunzTarPerm extractEntry node_modules/npm-profile/package.json
4726 silly gunzTarPerm extractEntry node_modules/npm-registry-fetch/package.json
4727 silly gunzTarPerm extractEntry node_modules/npm-user-validate/package.json
4728 silly gunzTarPerm extractEntry node_modules/npmlog/package.json
4729 silly gunzTarPerm extractEntry node_modules/once/package.json
4730 silly gunzTarPerm extractEntry node_modules/opener/package.json
4731 silly gunzTarPerm extractEntry node_modules/p-map/package.json
4732 silly gunzTarPerm extractEntry node_modules/pacote/package.json
4733 silly gunzTarPerm extractEntry node_modules/parse-conflict-json/package.json
4734 silly gunzTarPerm extractEntry node_modules/path-is-absolute/package.json
4735 silly gunzTarPerm extractEntry node_modules/postcss-selector-parser/package.json
4736 silly gunzTarPerm extractEntry node_modules/proc-log/package.json
4737 silly gunzTarPerm extractEntry node_modules/promise-all-reject-late/package.json
4738 silly gunzTarPerm extractEntry node_modules/promise-call-limit/package.json
4739 silly gunzTarPerm extractEntry node_modules/promise-inflight/package.json
4740 silly gunzTarPerm extractEntry node_modules/promise-retry/package.json
4741 silly gunzTarPerm extractEntry node_modules/promzard/example/npm-init/package.json
4742 silly gunzTarPerm extractEntry node_modules/promzard/package.json
4743 silly gunzTarPerm extractEntry node_modules/qrcode-terminal/package.json
4744 silly gunzTarPerm extractEntry node_modules/read-cmd-shim/package.json
4745 silly gunzTarPerm extractEntry node_modules/read-package-json-fast/package.json
4746 silly gunzTarPerm extractEntry node_modules/read-package-json/node_modules/npm-normalize-package-bin/package.json
4747 silly gunzTarPerm extractEntry node_modules/read-package-json/package.json
4748 silly gunzTarPerm extractEntry node_modules/read/package.json
4749 silly gunzTarPerm extractEntry node_modules/readable-stream/package.json
4750 silly gunzTarPerm extractEntry node_modules/readdir-scoped-modules/package.json
4751 silly gunzTarPerm extractEntry node_modules/retry/package.json
4752 silly gunzTarPerm extractEntry node_modules/rimraf/node_modules/brace-expansion/package.json
4753 silly gunzTarPerm extractEntry node_modules/rimraf/node_modules/glob/package.json
4754 silly gunzTarPerm extractEntry node_modules/rimraf/node_modules/minimatch/package.json
4755 silly gunzTarPerm extractEntry node_modules/rimraf/package.json
4756 silly gunzTarPerm extractEntry node_modules/safe-buffer/package.json
4757 silly gunzTarPerm extractEntry node_modules/safer-buffer/package.json
4758 silly gunzTarPerm extractEntry node_modules/semver/node_modules/lru-cache/package.json
4759 silly gunzTarPerm extractEntry node_modules/semver/package.json
4760 silly gunzTarPerm extractEntry node_modules/set-blocking/package.json
4761 silly gunzTarPerm extractEntry node_modules/signal-exit/package.json
4762 silly gunzTarPerm extractEntry node_modules/smart-buffer/package.json
4763 silly gunzTarPerm extractEntry node_modules/socks-proxy-agent/package.json
4764 silly gunzTarPerm extractEntry node_modules/socks/package.json
4765 silly gunzTarPerm extractEntry node_modules/spdx-correct/package.json
4766 silly gunzTarPerm extractEntry node_modules/spdx-exceptions/package.json
4767 silly gunzTarPerm extractEntry node_modules/spdx-expression-parse/package.json
4768 silly gunzTarPerm extractEntry node_modules/spdx-license-ids/package.json
4769 silly gunzTarPerm extractEntry node_modules/ssri/package.json
4770 silly gunzTarPerm extractEntry node_modules/string_decoder/package.json
4771 silly gunzTarPerm extractEntry node_modules/string-width/package.json
4772 silly gunzTarPerm extractEntry node_modules/strip-ansi/package.json
4773 silly gunzTarPerm extractEntry node_modules/supports-color/package.json
4774 silly gunzTarPerm extractEntry node_modules/tar/package.json
4775 silly gunzTarPerm extractEntry node_modules/text-table/package.json
4776 silly gunzTarPerm extractEntry node_modules/tiny-relative-date/package.json
4777 silly gunzTarPerm extractEntry node_modules/treeverse/package.json
4778 silly gunzTarPerm extractEntry node_modules/unique-filename/package.json
4779 silly gunzTarPerm extractEntry node_modules/unique-slug/package.json
4780 silly gunzTarPerm extractEntry node_modules/util-deprecate/package.json
4781 silly gunzTarPerm extractEntry node_modules/validate-npm-package-license/package.json
4782 silly gunzTarPerm extractEntry node_modules/validate-npm-package-name/package.json
4783 silly gunzTarPerm extractEntry node_modules/walk-up-path/package.json
4784 silly gunzTarPerm extractEntry node_modules/wcwidth/package.json
4785 silly gunzTarPerm extractEntry node_modules/which/package.json
4786 silly gunzTarPerm extractEntry node_modules/wide-align/package.json
4787 silly gunzTarPerm extractEntry node_modules/wrappy/package.json
4788 silly gunzTarPerm extractEntry node_modules/write-file-atomic/package.json
4789 silly gunzTarPerm extractEntry node_modules/yallist/package.json
4790 silly gunzTarPerm extractEntry package.json
4791 silly gunzTarPerm extractEntry node_modules/iconv-lite/encodings/tables/shiftjis.json
4792 silly gunzTarPerm extractEntry node_modules/normalize-package-data/lib/typos.json
4793 silly gunzTarPerm extractEntry node_modules/normalize-package-data/lib/warning_messages.json
4794 silly gunzTarPerm extractEntry node_modules/http-proxy-agent/dist/agent.js.map
4795 silly gunzTarPerm extractEntry node_modules/https-proxy-agent/dist/agent.js.map
4796 silly gunzTarPerm extractEntry node_modules/socks/build/common/constants.js.map
4797 silly gunzTarPerm extractEntry node_modules/socks/build/common/helpers.js.map
4798 silly gunzTarPerm extractEntry node_modules/@tootallnate/once/dist/index.js.map
4799 silly gunzTarPerm extractEntry node_modules/agent-base/dist/src/index.js.map
4800 silly gunzTarPerm extractEntry node_modules/http-proxy-agent/dist/index.js.map
4801 silly gunzTarPerm extractEntry node_modules/https-proxy-agent/dist/index.js.map
4802 silly gunzTarPerm extractEntry node_modules/socks-proxy-agent/dist/index.js.map
4803 silly gunzTarPerm extractEntry node_modules/socks/build/index.js.map
4804 silly gunzTarPerm extractEntry node_modules/@tootallnate/once/dist/overloaded-parameters.js.map
4805 silly gunzTarPerm extractEntry node_modules/https-proxy-agent/dist/parse-proxy-response.js.map
4806 silly gunzTarPerm extractEntry node_modules/agent-base/dist/src/promisify.js.map
4807 silly gunzTarPerm extractEntry node_modules/socks/build/common/receivebuffer.js.map
4808 silly gunzTarPerm extractEntry node_modules/smart-buffer/build/smartbuffer.js.map
4809 silly gunzTarPerm extractEntry node_modules/socks/build/client/socksclient.js.map
4810 silly gunzTarPerm extractEntry node_modules/@tootallnate/once/dist/types.js.map
4811 silly gunzTarPerm extractEntry node_modules/socks/build/common/util.js.map
4812 silly gunzTarPerm extractEntry node_modules/smart-buffer/build/utils.js.map
4813 silly gunzTarPerm extractEntry node_modules/mkdirp/readme.markdown
4814 silly gunzTarPerm extractEntry node_modules/postcss-selector-parser/API.md
4815 silly gunzTarPerm extractEntry node_modules/socks/docs/examples/javascript/associateExample.md
4816 silly gunzTarPerm extractEntry node_modules/socks/docs/examples/typescript/associateExample.md
4817 silly gunzTarPerm extractEntry node_modules/socks/docs/examples/javascript/bindExample.md
4818 silly gunzTarPerm extractEntry node_modules/socks/docs/examples/typescript/bindExample.md
4819 silly gunzTarPerm extractEntry node_modules/node-gyp/docs/binding.gyp-files-in-the-wild.md
4820 silly gunzTarPerm extractEntry node_modules/mkdirp/CHANGELOG.md
4821 silly gunzTarPerm extractEntry node_modules/node-gyp/CHANGELOG.md
4822 silly gunzTarPerm extractEntry node_modules/node-gyp/gyp/CHANGELOG.md
4823 silly gunzTarPerm extractEntry node_modules/node-gyp/node_modules/nopt/CHANGELOG.md
4824 silly gunzTarPerm extractEntry node_modules/rimraf/CHANGELOG.md
4825 silly gunzTarPerm extractEntry node_modules/which/CHANGELOG.md
4826 silly gunzTarPerm extractEntry node_modules/asap/CHANGES.md
4827 silly gunzTarPerm extractEntry node_modules/node-gyp/gyp/CODE_OF_CONDUCT.md
4828 silly gunzTarPerm extractEntry docs/content/using-npm/config.md
4829 silly gunzTarPerm extractEntry node_modules/socks/docs/examples/javascript/connectExample.md
4830 silly gunzTarPerm extractEntry node_modules/socks/docs/examples/typescript/connectExample.md
4831 silly gunzTarPerm extractEntry node_modules/diff/CONTRIBUTING.md
4832 silly gunzTarPerm extractEntry node_modules/node-gyp/CONTRIBUTING.md
4833 silly gunzTarPerm extractEntry node_modules/node-gyp/gyp/CONTRIBUTING.md
4834 silly gunzTarPerm extractEntry node_modules/readable-stream/CONTRIBUTING.md
4835 silly gunzTarPerm extractEntry docs/content/using-npm/dependency-selectors.md
4836 silly gunzTarPerm extractEntry docs/content/using-npm/developers.md
4837 silly gunzTarPerm extractEntry node_modules/node-gyp/docs/Error-pre-versions-of-node-cannot-be-installed.md
4838 silly gunzTarPerm extractEntry docs/content/configuring-npm/folders.md
4839 silly gunzTarPerm extractEntry node_modules/node-gyp/docs/Force-npm-to-use-global-node-gyp.md
4840 silly gunzTarPerm extractEntry node_modules/readable-stream/GOVERNANCE.md
4841 silly gunzTarPerm extractEntry node_modules/agentkeepalive/History.md
4842 silly gunzTarPerm extractEntry node_modules/delegates/History.md
4843 silly gunzTarPerm extractEntry node_modules/depd/History.md
4844 silly gunzTarPerm extractEntry node_modules/humanize-ms/History.md
4845 silly gunzTarPerm extractEntry node_modules/negotiator/HISTORY.md
4846 silly gunzTarPerm extractEntry node_modules/util-deprecate/History.md
4847 silly gunzTarPerm extractEntry node_modules/node-gyp/docs/Home.md
4848 silly gunzTarPerm extractEntry node_modules/socks/docs/examples/index.md
4849 silly gunzTarPerm extractEntry node_modules/socks/docs/index.md
4850 silly gunzTarPerm extractEntry node_modules/wcwidth/docs/index.md
4851 silly gunzTarPerm extractEntry docs/content/configuring-npm/install.md
4852 silly gunzTarPerm extractEntry node_modules/node-gyp/.github/ISSUE_TEMPLATE.md
4853 silly gunzTarPerm extractEntry node_modules/@gar/promisify/LICENSE.md
4854 silly gunzTarPerm extractEntry node_modules/@npmcli/arborist/LICENSE.md
4855 silly gunzTarPerm extractEntry node_modules/@npmcli/fs/LICENSE.md
4856 silly gunzTarPerm extractEntry node_modules/@npmcli/map-workspaces/LICENSE.md
4857 silly gunzTarPerm extractEntry node_modules/@npmcli/move-file/LICENSE.md
4858 silly gunzTarPerm extractEntry node_modules/are-we-there-yet/LICENSE.md
4859 silly gunzTarPerm extractEntry node_modules/asap/LICENSE.md
4860 silly gunzTarPerm extractEntry node_modules/balanced-match/LICENSE.md
4861 silly gunzTarPerm extractEntry node_modules/cacache/LICENSE.md
4862 silly gunzTarPerm extractEntry node_modules/debug/node_modules/ms/license.md
4863 silly gunzTarPerm extractEntry node_modules/fastest-levenshtein/LICENSE.md
4864 silly gunzTarPerm extractEntry node_modules/gauge/LICENSE.md
4865 silly gunzTarPerm extractEntry node_modules/init-package-json/LICENSE.md
4866 silly gunzTarPerm extractEntry node_modules/json-parse-even-better-errors/LICENSE.md
4867 silly gunzTarPerm extractEntry node_modules/libnpmhook/LICENSE.md
4868 silly gunzTarPerm extractEntry node_modules/ms/license.md
4869 silly gunzTarPerm extractEntry node_modules/npm-pick-manifest/LICENSE.md
4870 silly gunzTarPerm extractEntry node_modules/npm-profile/LICENSE.md
4871 silly gunzTarPerm extractEntry node_modules/npm-registry-fetch/LICENSE.md
4872 silly gunzTarPerm extractEntry node_modules/npmlog/LICENSE.md
4873 silly gunzTarPerm extractEntry node_modules/parse-conflict-json/LICENSE.md
4874 silly gunzTarPerm extractEntry node_modules/ssri/LICENSE.md
4875 silly gunzTarPerm extractEntry node_modules/tiny-relative-date/LICENSE.md
4876 silly gunzTarPerm extractEntry node_modules/write-file-atomic/LICENSE.md
4877 silly gunzTarPerm extractEntry node_modules/node-gyp/docs/Linking-to-OpenSSL.md
4878 silly gunzTarPerm extractEntry docs/content/using-npm/logging.md
4879 silly gunzTarPerm extractEntry node_modules/node-gyp/macOS_Catalina.md
4880 silly gunzTarPerm extractEntry node_modules/socks/docs/migratingFromV1.md
4881 silly gunzTarPerm extractEntry docs/content/commands/npm-access.md
4882 silly gunzTarPerm extractEntry docs/content/commands/npm-adduser.md
4883 silly gunzTarPerm extractEntry docs/content/commands/npm-audit.md
4884 silly gunzTarPerm extractEntry docs/content/commands/npm-bin.md
4885 silly gunzTarPerm extractEntry docs/content/commands/npm-bugs.md
4886 silly gunzTarPerm extractEntry docs/content/commands/npm-cache.md
4887 silly gunzTarPerm extractEntry docs/content/commands/npm-ci.md
4888 silly gunzTarPerm extractEntry docs/content/commands/npm-completion.md
4889 silly gunzTarPerm extractEntry docs/content/commands/npm-config.md
4890 silly gunzTarPerm extractEntry docs/content/commands/npm-dedupe.md
4891 silly gunzTarPerm extractEntry docs/content/commands/npm-deprecate.md
4892 silly gunzTarPerm extractEntry docs/content/commands/npm-diff.md
4893 silly gunzTarPerm extractEntry docs/content/commands/npm-dist-tag.md
4894 silly gunzTarPerm extractEntry docs/content/commands/npm-docs.md
4895 silly gunzTarPerm extractEntry docs/content/commands/npm-doctor.md
4896 silly gunzTarPerm extractEntry docs/content/commands/npm-edit.md
4897 silly gunzTarPerm extractEntry docs/content/commands/npm-exec.md
4898 silly gunzTarPerm extractEntry docs/content/commands/npm-explain.md
4899 silly gunzTarPerm extractEntry docs/content/commands/npm-explore.md
4900 silly gunzTarPerm extractEntry docs/content/commands/npm-find-dupes.md
4901 silly gunzTarPerm extractEntry docs/content/commands/npm-fund.md
4902 silly gunzTarPerm extractEntry docs/content/commands/npm-help-search.md
4903 silly gunzTarPerm extractEntry docs/content/commands/npm-help.md
4904 silly gunzTarPerm extractEntry docs/content/commands/npm-hook.md
4905 silly gunzTarPerm extractEntry docs/content/commands/npm-init.md
4906 silly gunzTarPerm extractEntry docs/content/commands/npm-install-ci-test.md
4907 silly gunzTarPerm extractEntry docs/content/commands/npm-install-test.md
4908 silly gunzTarPerm extractEntry docs/content/commands/npm-install.md
4909 silly gunzTarPerm extractEntry docs/content/commands/npm-link.md
4910 silly gunzTarPerm extractEntry docs/content/commands/npm-logout.md
4911 silly gunzTarPerm extractEntry docs/content/commands/npm-ls.md
4912 silly gunzTarPerm extractEntry docs/content/commands/npm-org.md
4913 silly gunzTarPerm extractEntry docs/content/commands/npm-outdated.md
4914 silly gunzTarPerm extractEntry docs/content/commands/npm-owner.md
4915 silly gunzTarPerm extractEntry docs/content/commands/npm-pack.md
4916 silly gunzTarPerm extractEntry docs/content/commands/npm-ping.md
4917 silly gunzTarPerm extractEntry docs/content/commands/npm-pkg.md
4918 silly gunzTarPerm extractEntry docs/content/commands/npm-prefix.md
4919 silly gunzTarPerm extractEntry docs/content/commands/npm-profile.md
4920 silly gunzTarPerm extractEntry docs/content/commands/npm-prune.md
4921 silly gunzTarPerm extractEntry docs/content/commands/npm-publish.md
4922 silly gunzTarPerm extractEntry docs/content/commands/npm-query.md
4923 silly gunzTarPerm extractEntry docs/content/commands/npm-rebuild.md
4924 silly gunzTarPerm extractEntry docs/content/commands/npm-repo.md
4925 silly gunzTarPerm extractEntry docs/content/commands/npm-restart.md
4926 silly gunzTarPerm extractEntry docs/content/commands/npm-root.md
4927 silly gunzTarPerm extractEntry docs/content/commands/npm-run-script.md
4928 silly gunzTarPerm extractEntry docs/content/commands/npm-search.md
4929 silly gunzTarPerm extractEntry docs/content/commands/npm-set-script.md
4930 silly gunzTarPerm extractEntry docs/content/configuring-npm/npm-shrinkwrap-json.md
4931 silly gunzTarPerm extractEntry docs/content/commands/npm-shrinkwrap.md
4932 silly gunzTarPerm extractEntry docs/content/commands/npm-star.md
4933 silly gunzTarPerm extractEntry docs/content/commands/npm-stars.md
4934 silly gunzTarPerm extractEntry docs/content/commands/npm-start.md
4935 silly gunzTarPerm extractEntry docs/content/commands/npm-stop.md
4936 silly gunzTarPerm extractEntry docs/content/commands/npm-team.md
4937 silly gunzTarPerm extractEntry docs/content/commands/npm-test.md
4938 silly gunzTarPerm extractEntry docs/content/commands/npm-token.md
4939 silly gunzTarPerm extractEntry docs/content/commands/npm-uninstall.md
4940 silly gunzTarPerm extractEntry docs/content/commands/npm-unpublish.md
4941 silly gunzTarPerm extractEntry docs/content/commands/npm-unstar.md
4942 silly gunzTarPerm extractEntry docs/content/commands/npm-update.md
4943 silly gunzTarPerm extractEntry docs/content/commands/npm-version.md
4944 silly gunzTarPerm extractEntry docs/content/commands/npm-view.md
4945 silly gunzTarPerm extractEntry docs/content/commands/npm-whoami.md
4946 silly gunzTarPerm extractEntry docs/content/commands/npm.md
4947 silly gunzTarPerm extractEntry docs/content/configuring-npm/npmrc.md
4948 silly gunzTarPerm extractEntry docs/content/commands/npx.md
4949 silly gunzTarPerm extractEntry docs/content/using-npm/orgs.md
4950 silly gunzTarPerm extractEntry docs/content/configuring-npm/package-json.md
4951 silly gunzTarPerm extractEntry docs/content/configuring-npm/package-lock-json.md
4952 silly gunzTarPerm extractEntry docs/content/using-npm/package-spec.md
4953 silly gunzTarPerm extractEntry node_modules/safer-buffer/Porting-Buffer.md
4954 silly gunzTarPerm extractEntry node_modules/node-gyp/.github/PULL_REQUEST_TEMPLATE.md
4955 silly gunzTarPerm extractEntry node_modules/@npmcli/arborist/README.md
4956 silly gunzTarPerm extractEntry node_modules/@npmcli/installed-package-contents/README.md
4957 silly gunzTarPerm extractEntry node_modules/color-support/README.md
4958 silly gunzTarPerm extractEntry node_modules/cssesc/README.md
4959 silly gunzTarPerm extractEntry node_modules/libnpmaccess/README.md
4960 silly gunzTarPerm extractEntry node_modules/libnpmdiff/README.md
4961 silly gunzTarPerm extractEntry node_modules/libnpmexec/README.md
4962 silly gunzTarPerm extractEntry node_modules/libnpmfund/README.md
4963 silly gunzTarPerm extractEntry node_modules/libnpmhook/README.md
4964 silly gunzTarPerm extractEntry node_modules/libnpmorg/README.md
4965 silly gunzTarPerm extractEntry node_modules/libnpmpack/README.md
4966 silly gunzTarPerm extractEntry node_modules/libnpmpublish/README.md
4967 silly gunzTarPerm extractEntry node_modules/libnpmsearch/README.md
4968 silly gunzTarPerm extractEntry node_modules/libnpmteam/README.md
4969 silly gunzTarPerm extractEntry node_modules/libnpmversion/README.md
4970 silly gunzTarPerm extractEntry node_modules/node-gyp/docs/README.md
4971 silly gunzTarPerm extractEntry node_modules/node-gyp/gyp/README.md
4972 silly gunzTarPerm extractEntry node_modules/node-gyp/node_modules/nopt/README.md
4973 silly gunzTarPerm extractEntry node_modules/node-gyp/README.md
4974 silly gunzTarPerm extractEntry node_modules/nopt/README.md
4975 silly gunzTarPerm extractEntry node_modules/npm-packlist/README.md
4976 silly gunzTarPerm extractEntry node_modules/opener/README.md
4977 silly gunzTarPerm extractEntry node_modules/pacote/README.md
4978 silly gunzTarPerm extractEntry node_modules/qrcode-terminal/README.md
4979 silly gunzTarPerm extractEntry node_modules/rimraf/README.md
4980 silly gunzTarPerm extractEntry node_modules/semver/README.md
4981 silly gunzTarPerm extractEntry node_modules/which/README.md
4982 silly gunzTarPerm extractEntry README.md
4983 silly gunzTarPerm extractEntry docs/content/using-npm/registry.md
4984 silly gunzTarPerm extractEntry node_modules/diff/release-notes.md
4985 silly gunzTarPerm extractEntry docs/content/using-npm/removal.md
4986 silly gunzTarPerm extractEntry node_modules/smart-buffer/docs/ROADMAP.md
4987 silly gunzTarPerm extractEntry docs/content/using-npm/scope.md
4988 silly gunzTarPerm extractEntry docs/content/using-npm/scripts.md
4989 silly gunzTarPerm extractEntry node_modules/node-gyp/SECURITY.md
4990 silly gunzTarPerm extractEntry node_modules/node-gyp/docs/Updating-npm-bundled-node-gyp.md
4991 silly gunzTarPerm extractEntry docs/content/using-npm/workspaces.md
4992 silly gunzTarPerm extractEntry node_modules/diff/lib/index.mjs
4993 silly gunzTarPerm extractEntry node_modules/just-diff-apply/index.mjs
4994 silly gunzTarPerm extractEntry node_modules/just-diff/index.mjs
4995 silly gunzTarPerm extractEntry node_modules/node-gyp/gyp/tools/Xcode/Specifications/gyp.pbfilespec
4996 silly gunzTarPerm extractEntry node_modules/qrcode-terminal/example/basic.png
4997 silly gunzTarPerm extractEntry node_modules/node-gyp/gyp/pylib/gyp/__init__.py
4998 silly gunzTarPerm extractEntry node_modules/node-gyp/gyp/pylib/gyp/generator/__init__.py
4999 silly gunzTarPerm extractEntry node_modules/node-gyp/gyp/pylib/gyp/generator/analyzer.py
5000 silly gunzTarPerm extractEntry node_modules/node-gyp/gyp/pylib/gyp/generator/android.py
5001 silly gunzTarPerm extractEntry node_modules/node-gyp/gyp/pylib/gyp/generator/cmake.py
5002 silly gunzTarPerm extractEntry node_modules/node-gyp/gyp/pylib/gyp/common_test.py
5003 silly gunzTarPerm extractEntry node_modules/node-gyp/gyp/pylib/gyp/common.py
5004 silly gunzTarPerm extractEntry node_modules/node-gyp/gyp/pylib/gyp/generator/compile_commands_json.py
5005 silly gunzTarPerm extractEntry node_modules/node-gyp/gyp/pylib/gyp/generator/dump_dependency_json.py
5006 silly gunzTarPerm extractEntry node_modules/node-gyp/gyp/pylib/gyp/easy_xml_test.py
5007 silly gunzTarPerm extractEntry node_modules/node-gyp/gyp/pylib/gyp/easy_xml.py
5008 silly gunzTarPerm extractEntry node_modules/node-gyp/gyp/pylib/gyp/generator/eclipse.py
5009 silly gunzTarPerm extractEntry node_modules/node-gyp/gyp/pylib/gyp/flock_tool.py
5010 silly gunzTarPerm extractEntry node_modules/node-gyp/gyp/tools/graphviz.py
5011 silly gunzTarPerm extractEntry node_modules/node-gyp/gyp/gyp_main.py
5012 silly gunzTarPerm extractEntry node_modules/node-gyp/gyp/pylib/gyp/generator/gypd.py
5013 silly gunzTarPerm extractEntry node_modules/node-gyp/gyp/pylib/gyp/generator/gypsh.py
5014 silly gunzTarPerm extractEntry node_modules/node-gyp/gyp/pylib/gyp/input_test.py
5015 silly gunzTarPerm extractEntry node_modules/node-gyp/gyp/pylib/gyp/input.py
5016 silly gunzTarPerm extractEntry node_modules/node-gyp/gyp/pylib/gyp/mac_tool.py
5017 silly gunzTarPerm extractEntry node_modules/node-gyp/gyp/pylib/gyp/generator/make.py
5018 silly gunzTarPerm extractEntry node_modules/node-gyp/gyp/pylib/gyp/msvs_emulation.py
5019 silly gunzTarPerm extractEntry node_modules/node-gyp/gyp/pylib/gyp/generator/msvs_test.py
5020 silly gunzTarPerm extractEntry node_modules/node-gyp/gyp/pylib/gyp/generator/msvs.py
5021 silly gunzTarPerm extractEntry node_modules/node-gyp/gyp/pylib/gyp/MSVSNew.py
5022 silly gunzTarPerm extractEntry node_modules/node-gyp/gyp/pylib/gyp/MSVSProject.py
5023 silly gunzTarPerm extractEntry node_modules/node-gyp/gyp/pylib/gyp/MSVSSettings_test.py
5024 silly gunzTarPerm extractEntry node_modules/node-gyp/gyp/pylib/gyp/MSVSSettings.py
5025 silly gunzTarPerm extractEntry node_modules/node-gyp/gyp/pylib/gyp/MSVSToolFile.py
5026 silly gunzTarPerm extractEntry node_modules/node-gyp/gyp/pylib/gyp/MSVSUserFile.py
5027 silly gunzTarPerm extractEntry node_modules/node-gyp/gyp/pylib/gyp/MSVSUtil.py
5028 silly gunzTarPerm extractEntry node_modules/node-gyp/gyp/pylib/gyp/MSVSVersion.py
5029 silly gunzTarPerm extractEntry node_modules/node-gyp/gyp/pylib/gyp/ninja_syntax.py
5030 silly gunzTarPerm extractEntry node_modules/node-gyp/gyp/pylib/gyp/generator/ninja_test.py
5031 silly gunzTarPerm extractEntry node_modules/node-gyp/gyp/pylib/gyp/generator/ninja.py
5032 silly gunzTarPerm extractEntry node_modules/node-gyp/gyp/tools/pretty_gyp.py
5033 silly gunzTarPerm extractEntry node_modules/node-gyp/gyp/tools/pretty_sln.py
5034 silly gunzTarPerm extractEntry node_modules/node-gyp/gyp/tools/pretty_vcproj.py
5035 silly gunzTarPerm extractEntry node_modules/node-gyp/gyp/setup.py
5036 silly gunzTarPerm extractEntry node_modules/node-gyp/gyp/pylib/gyp/simple_copy.py
5037 silly gunzTarPerm extractEntry node_modules/node-gyp/gyp/test_gyp.py
5038 silly gunzTarPerm extractEntry node_modules/node-gyp/test/fixtures/test-charmap.py
5039 silly gunzTarPerm extractEntry node_modules/node-gyp/update-gyp.py
5040 silly gunzTarPerm extractEntry node_modules/node-gyp/gyp/pylib/gyp/win_tool.py
5041 silly gunzTarPerm extractEntry node_modules/node-gyp/gyp/pylib/gyp/xcode_emulation.py
5042 silly gunzTarPerm extractEntry node_modules/node-gyp/gyp/pylib/gyp/xcode_ninja.py
5043 silly gunzTarPerm extractEntry node_modules/node-gyp/gyp/pylib/gyp/generator/xcode_test.py
5044 silly gunzTarPerm extractEntry node_modules/node-gyp/gyp/pylib/gyp/generator/xcode.py
5045 silly gunzTarPerm extractEntry node_modules/node-gyp/gyp/pylib/gyp/xcodeproj_file.py
5046 silly gunzTarPerm extractEntry node_modules/node-gyp/gyp/pylib/gyp/xml_fix.py
5047 silly gunzTarPerm extractEntry node_modules/node-gyp/gyp/pylib/gyp/__pycache__/__init__.cpython-39.pyc
5048 silly gunzTarPerm extractEntry node_modules/node-gyp/gyp/pylib/gyp/generator/__pycache__/__init__.cpython-39.pyc
5049 silly gunzTarPerm extractEntry node_modules/node-gyp/gyp/pylib/gyp/__pycache__/common.cpython-39.pyc
5050 silly gunzTarPerm extractEntry node_modules/node-gyp/gyp/pylib/gyp/__pycache__/input.cpython-39.pyc
5051 silly gunzTarPerm extractEntry node_modules/node-gyp/gyp/pylib/gyp/generator/__pycache__/make.cpython-39.pyc
5052 silly gunzTarPerm extractEntry node_modules/node-gyp/gyp/pylib/gyp/__pycache__/msvs_emulation.cpython-39.pyc
5053 silly gunzTarPerm extractEntry node_modules/node-gyp/gyp/pylib/gyp/__pycache__/MSVSUtil.cpython-39.pyc
5054 silly gunzTarPerm extractEntry node_modules/node-gyp/gyp/pylib/gyp/__pycache__/MSVSVersion.cpython-39.pyc
5055 silly gunzTarPerm extractEntry node_modules/node-gyp/gyp/pylib/gyp/__pycache__/ninja_syntax.cpython-39.pyc
5056 silly gunzTarPerm extractEntry node_modules/node-gyp/gyp/pylib/gyp/generator/__pycache__/ninja.cpython-39.pyc
5057 silly gunzTarPerm extractEntry node_modules/node-gyp/gyp/pylib/gyp/__pycache__/simple_copy.cpython-39.pyc
5058 silly gunzTarPerm extractEntry node_modules/node-gyp/gyp/pylib/gyp/__pycache__/xcode_emulation.cpython-39.pyc
5059 silly gunzTarPerm extractEntry node_modules/node-gyp/gyp/pylib/gyp/__pycache__/xcode_ninja.cpython-39.pyc
5060 silly gunzTarPerm extractEntry node_modules/node-gyp/gyp/pylib/gyp/generator/__pycache__/xcode.cpython-39.pyc
5061 silly gunzTarPerm extractEntry node_modules/node-gyp/gyp/pylib/gyp/__pycache__/xcodeproj_file.cpython-39.pyc
5062 silly gunzTarPerm extractEntry lib/utils/completion.sh
5063 silly gunzTarPerm extractEntry node_modules/node-gyp/macOS_Catalina_acid_test.sh
5064 silly gunzTarPerm extractEntry node_modules/node-gyp/gyp/tools/emacs/run-unit-tests.sh
5065 silly gunzTarPerm extractEntry node_modules/http-proxy-agent/dist/agent.d.ts
5066 silly gunzTarPerm extractEntry node_modules/https-proxy-agent/dist/agent.d.ts
5067 silly gunzTarPerm extractEntry node_modules/binary-extensions/binary-extensions.json.d.ts
5068 silly gunzTarPerm extractEntry node_modules/socks/typings/common/constants.d.ts
5069 silly gunzTarPerm extractEntry node_modules/socks/typings/common/helpers.d.ts
5070 silly gunzTarPerm extractEntry node_modules/@colors/colors/index.d.ts
5071 silly gunzTarPerm extractEntry node_modules/@tootallnate/once/dist/index.d.ts
5072 silly gunzTarPerm extractEntry node_modules/agent-base/dist/src/index.d.ts
5073 silly gunzTarPerm extractEntry node_modules/agentkeepalive/index.d.ts
5074 silly gunzTarPerm extractEntry node_modules/aggregate-error/index.d.ts
5075 silly gunzTarPerm extractEntry node_modules/ansi-regex/index.d.ts
5076 silly gunzTarPerm extractEntry node_modules/ansi-styles/index.d.ts
5077 silly gunzTarPerm extractEntry node_modules/binary-extensions/index.d.ts
5078 silly gunzTarPerm extractEntry node_modules/chalk/index.d.ts
5079 silly gunzTarPerm extractEntry node_modules/cidr-regex/index.d.ts
5080 silly gunzTarPerm extractEntry node_modules/clean-stack/index.d.ts
5081 silly gunzTarPerm extractEntry node_modules/cli-table3/index.d.ts
5082 silly gunzTarPerm extractEntry node_modules/emoji-regex/index.d.ts
5083 silly gunzTarPerm extractEntry node_modules/env-paths/index.d.ts
5084 silly gunzTarPerm extractEntry node_modules/fastest-levenshtein/index.d.ts
5085 silly gunzTarPerm extractEntry node_modules/has-flag/index.d.ts
5086 silly gunzTarPerm extractEntry node_modules/http-proxy-agent/dist/index.d.ts
5087 silly gunzTarPerm extractEntry node_modules/https-proxy-agent/dist/index.d.ts
5088 silly gunzTarPerm extractEntry node_modules/iconv-lite/lib/index.d.ts
5089 silly gunzTarPerm extractEntry node_modules/indent-string/index.d.ts
5090 silly gunzTarPerm extractEntry node_modules/ip-regex/index.d.ts
5091 silly gunzTarPerm extractEntry node_modules/is-cidr/index.d.ts
5092 silly gunzTarPerm extractEntry node_modules/is-fullwidth-code-point/index.d.ts
5093 silly gunzTarPerm extractEntry node_modules/just-diff-apply/index.d.ts
5094 silly gunzTarPerm extractEntry node_modules/just-diff/index.d.ts
5095 silly gunzTarPerm extractEntry node_modules/lru-cache/index.d.ts
5096 silly gunzTarPerm extractEntry node_modules/minipass/index.d.ts
5097 silly gunzTarPerm extractEntry node_modules/p-map/index.d.ts
5098 silly gunzTarPerm extractEntry node_modules/safe-buffer/index.d.ts
5099 silly gunzTarPerm extractEntry node_modules/socks-proxy-agent/dist/index.d.ts
5100 silly gunzTarPerm extractEntry node_modules/socks/typings/index.d.ts
5101 silly gunzTarPerm extractEntry node_modules/string-width/index.d.ts
5102 silly gunzTarPerm extractEntry node_modules/strip-ansi/index.d.ts
5103 silly gunzTarPerm extractEntry node_modules/just-diff-apply/index.tests.ts
5104 silly gunzTarPerm extractEntry node_modules/just-diff/index.tests.ts
5105 silly gunzTarPerm extractEntry node_modules/agent-base/src/index.ts
5106 silly gunzTarPerm extractEntry node_modules/@tootallnate/once/dist/overloaded-parameters.d.ts
5107 silly gunzTarPerm extractEntry node_modules/https-proxy-agent/dist/parse-proxy-response.d.ts
5108 silly gunzTarPerm extractEntry node_modules/postcss-selector-parser/postcss-selector-parser.d.ts
5109 silly gunzTarPerm extractEntry node_modules/agent-base/dist/src/promisify.d.ts
5110 silly gunzTarPerm extractEntry node_modules/agent-base/src/promisify.ts
5111 silly gunzTarPerm extractEntry node_modules/socks/typings/common/receivebuffer.d.ts
5112 silly gunzTarPerm extractEntry node_modules/@colors/colors/safe.d.ts
5113 silly gunzTarPerm extractEntry node_modules/smart-buffer/typings/smartbuffer.d.ts
5114 silly gunzTarPerm extractEntry node_modules/socks/typings/client/socksclient.d.ts
5115 silly gunzTarPerm extractEntry node_modules/@tootallnate/once/dist/types.d.ts
5116 silly gunzTarPerm extractEntry node_modules/socks/typings/common/util.d.ts
5117 silly gunzTarPerm extractEntry node_modules/smart-buffer/typings/utils.d.ts
5118 silly gunzTarPerm extractEntry node_modules/cssesc/LICENSE-MIT.txt
5119 silly gunzTarPerm extractEntry node_modules/emoji-regex/LICENSE-MIT.txt
5120 silly gunzTarPerm extractEntry node_modules/opener/LICENSE.txt
5121 silly gunzTarPerm extractEntry node_modules/set-blocking/LICENSE.txt
5122 silly gunzTarPerm extractEntry node_modules/signal-exit/LICENSE.txt
5123 silly gunzTarPerm extractEntry node_modules/node-gyp/gyp/requirements_dev.txt
5124 silly gunzTarPerm extractEntry node_modules/node-gyp/test/fixtures/VS_2017_BuildTools_minimal.txt
5125 silly gunzTarPerm extractEntry node_modules/node-gyp/test/fixtures/VS_2017_Community_workload.txt
5126 silly gunzTarPerm extractEntry node_modules/node-gyp/test/fixtures/VS_2017_Express.txt
5127 silly gunzTarPerm extractEntry node_modules/node-gyp/test/fixtures/VS_2017_Unusable.txt
5128 silly gunzTarPerm extractEntry node_modules/node-gyp/test/fixtures/VS_2019_BuildTools_minimal.txt
5129 silly gunzTarPerm extractEntry node_modules/node-gyp/test/fixtures/VS_2019_Community_workload.txt
5130 silly gunzTarPerm extractEntry node_modules/node-gyp/test/fixtures/VS_2019_Preview.txt
5131 silly gunzTarPerm extractEntry node_modules/node-gyp/gyp/tools/Xcode/Specifications/gyp.xclangspec
5132 silly gunzTarPerm extractEntry node_modules/qrcode-terminal/.travis.yml
5133 silly gunzTarPerm extractEntry node_modules/node-gyp/gyp/.github/workflows/node-gyp.yml
5134 silly gunzTarPerm extractEntry node_modules/node-gyp/gyp/.github/workflows/nodejs-windows.yml
5135 silly gunzTarPerm extractEntry node_modules/node-gyp/gyp/.github/workflows/Python_tests.yml
5136 silly gunzTarPerm extractEntry node_modules/node-gyp/.github/workflows/release-please.yml
5137 silly gunzTarPerm extractEntry node_modules/node-gyp/gyp/.github/workflows/release-please.yml
5138 silly gunzTarPerm extractEntry node_modules/node-gyp/.github/workflows/tests.yml
5139 silly gunzTarPerm extractEntry node_modules/node-gyp/.github/workflows/visual-studio.yml
5140 silly gentlyRm /usr/local/lib/node_modules/.staging/npm-3e479054/node_modules is being purged
5141 verbose gentlyRm don't care about contents; nuking /usr/local/lib/node_modules/.staging/npm-3e479054/node_modules
5142 silly vacuum-fs purging /usr/local/lib/node_modules/.staging/npm-3e479054/node_modules
5143 silly vacuum-fs quitting because other entries in /usr/local/lib/node_modules/.staging/npm-3e479054
5144 silly doParallel preinstall 211
5145 silly preinstall @colors/colors@1.5.0 /usr/local/lib/node_modules/.staging/@colors/colors-c8990a6d
5146 info lifecycle @colors/colors@1.5.0~preinstall: @colors/colors@1.5.0
5147 silly preinstall @gar/promisify@1.1.3 /usr/local/lib/node_modules/.staging/@gar/promisify-ebaab35a
5148 info lifecycle @gar/promisify@1.1.3~preinstall: @gar/promisify@1.1.3
5149 silly preinstall @isaacs/string-locale-compare@1.1.0 /usr/local/lib/node_modules/.staging/@isaacs/string-locale-compare-8a7f6016
5150 info lifecycle @isaacs/string-locale-compare@1.1.0~preinstall: @isaacs/string-locale-compare@1.1.0
5151 silly preinstall @npmcli/ci-detect@2.0.0 /usr/local/lib/node_modules/.staging/@npmcli/ci-detect-c7bf9552
5152 info lifecycle @npmcli/ci-detect@2.0.0~preinstall: @npmcli/ci-detect@2.0.0
5153 silly preinstall @npmcli/name-from-folder@1.0.1 /usr/local/lib/node_modules/.staging/@npmcli/name-from-folder-f236c898
5154 info lifecycle @npmcli/name-from-folder@1.0.1~preinstall: @npmcli/name-from-folder@1.0.1
5155 silly preinstall @npmcli/node-gyp@2.0.0 /usr/local/lib/node_modules/.staging/@npmcli/node-gyp-271cc281
5156 info lifecycle @npmcli/node-gyp@2.0.0~preinstall: @npmcli/node-gyp@2.0.0
5157 silly preinstall @tootallnate/once@2.0.0 /usr/local/lib/node_modules/.staging/@tootallnate/once-4600cbd9
5158 info lifecycle @tootallnate/once@2.0.0~preinstall: @tootallnate/once@2.0.0
5159 silly preinstall abbrev@1.1.1 /usr/local/lib/node_modules/.staging/abbrev-b4c164b9
5160 info lifecycle abbrev@1.1.1~preinstall: abbrev@1.1.1
5161 silly preinstall ansi-regex@5.0.1 /usr/local/lib/node_modules/.staging/ansi-regex-c5c55c04
5162 info lifecycle ansi-regex@5.0.1~preinstall: ansi-regex@5.0.1
5163 silly preinstall aproba@2.0.0 /usr/local/lib/node_modules/.staging/aproba-50dc2a62
5164 info lifecycle aproba@2.0.0~preinstall: aproba@2.0.0
5165 silly preinstall archy@1.0.0 /usr/local/lib/node_modules/.staging/archy-41b22bbe
5166 info lifecycle archy@1.0.0~preinstall: archy@1.0.0
5167 silly preinstall asap@2.0.6 /usr/local/lib/node_modules/.staging/asap-92705a8a
5168 info lifecycle asap@2.0.6~preinstall: asap@2.0.6
5169 silly preinstall balanced-match@1.0.2 /usr/local/lib/node_modules/.staging/balanced-match-d45b63a6
5170 info lifecycle balanced-match@1.0.2~preinstall: balanced-match@1.0.2
5171 silly preinstall npm-normalize-package-bin@2.0.0 /usr/local/lib/node_modules/.staging/npm-normalize-package-bin-1f6be6b3
5172 info lifecycle npm-normalize-package-bin@2.0.0~preinstall: npm-normalize-package-bin@2.0.0
5173 silly preinstall binary-extensions@2.2.0 /usr/local/lib/node_modules/.staging/binary-extensions-42bd2f3e
5174 info lifecycle binary-extensions@2.2.0~preinstall: binary-extensions@2.2.0
5175 silly preinstall brace-expansion@2.0.1 /usr/local/lib/node_modules/.staging/brace-expansion-e4bd686c
5176 info lifecycle brace-expansion@2.0.1~preinstall: brace-expansion@2.0.1
5177 silly preinstall chownr@2.0.0 /usr/local/lib/node_modules/.staging/chownr-12fddbc9
5178 info lifecycle chownr@2.0.0~preinstall: chownr@2.0.0
5179 silly preinstall clean-stack@2.2.0 /usr/local/lib/node_modules/.staging/clean-stack-e1581cee
5180 info lifecycle clean-stack@2.2.0~preinstall: clean-stack@2.2.0
5181 silly preinstall clone@1.0.4 /usr/local/lib/node_modules/.staging/clone-0e3135b3
5182 info lifecycle clone@1.0.4~preinstall: clone@1.0.4
5183 silly preinstall color-name@1.1.4 /usr/local/lib/node_modules/.staging/color-name-6e5f8958
5184 info lifecycle color-name@1.1.4~preinstall: color-name@1.1.4
5185 silly preinstall color-convert@2.0.1 /usr/local/lib/node_modules/.staging/color-convert-16f86a87
5186 info lifecycle color-convert@2.0.1~preinstall: color-convert@2.0.1
5187 silly preinstall ansi-styles@4.3.0 /usr/local/lib/node_modules/.staging/ansi-styles-5e8c5e75
5188 info lifecycle ansi-styles@4.3.0~preinstall: ansi-styles@4.3.0
5189 silly preinstall @npmcli/disparity-colors@2.0.0 /usr/local/lib/node_modules/.staging/@npmcli/disparity-colors-26cebec6
5190 info lifecycle @npmcli/disparity-colors@2.0.0~preinstall: @npmcli/disparity-colors@2.0.0
5191 silly preinstall color-support@1.1.3 /usr/local/lib/node_modules/.staging/color-support-fea77768
5192 info lifecycle color-support@1.1.3~preinstall: color-support@1.1.3
5193 silly preinstall common-ancestor-path@1.0.1 /usr/local/lib/node_modules/.staging/common-ancestor-path-757cf6db
5194 info lifecycle common-ancestor-path@1.0.1~preinstall: common-ancestor-path@1.0.1
5195 silly preinstall concat-map@0.0.1 /usr/local/lib/node_modules/.staging/concat-map-83d365a0
5196 info lifecycle concat-map@0.0.1~preinstall: concat-map@0.0.1
5197 silly preinstall console-control-strings@1.1.0 /usr/local/lib/node_modules/.staging/console-control-strings-c17bd711
5198 info lifecycle console-control-strings@1.1.0~preinstall: console-control-strings@1.1.0
5199 silly preinstall cssesc@3.0.0 /usr/local/lib/node_modules/.staging/cssesc-2ca1b888
5200 info lifecycle cssesc@3.0.0~preinstall: cssesc@3.0.0
5201 silly preinstall ms@2.1.2 /usr/local/lib/node_modules/.staging/ms-1ba3199a
5202 info lifecycle ms@2.1.2~preinstall: ms@2.1.2
5203 silly preinstall debug@4.3.4 /usr/local/lib/node_modules/.staging/debug-a2750eda
5204 info lifecycle debug@4.3.4~preinstall: debug@4.3.4
5205 silly preinstall agent-base@6.0.2 /usr/local/lib/node_modules/.staging/agent-base-e3b2b959
5206 info lifecycle agent-base@6.0.2~preinstall: agent-base@6.0.2
5207 silly preinstall debuglog@1.0.1 /usr/local/lib/node_modules/.staging/debuglog-df2f71ae
5208 info lifecycle debuglog@1.0.1~preinstall: debuglog@1.0.1
5209 silly preinstall defaults@1.0.3 /usr/local/lib/node_modules/.staging/defaults-3f461347
5210 info lifecycle defaults@1.0.3~preinstall: defaults@1.0.3
5211 silly preinstall delegates@1.0.0 /usr/local/lib/node_modules/.staging/delegates-19c9e16d
5212 info lifecycle delegates@1.0.0~preinstall: delegates@1.0.0
5213 silly preinstall depd@1.1.2 /usr/local/lib/node_modules/.staging/depd-b596dfc9
5214 info lifecycle depd@1.1.2~preinstall: depd@1.1.2
5215 silly preinstall diff@5.1.0 /usr/local/lib/node_modules/.staging/diff-cb643124
5216 info lifecycle diff@5.1.0~preinstall: diff@5.1.0
5217 silly preinstall emoji-regex@8.0.0 /usr/local/lib/node_modules/.staging/emoji-regex-34e2e8b4
5218 info lifecycle emoji-regex@8.0.0~preinstall: emoji-regex@8.0.0
5219 silly preinstall env-paths@2.2.1 /usr/local/lib/node_modules/.staging/env-paths-b82af64d
5220 info lifecycle env-paths@2.2.1~preinstall: env-paths@2.2.1
5221 silly preinstall err-code@2.0.3 /usr/local/lib/node_modules/.staging/err-code-95231104
5222 info lifecycle err-code@2.0.3~preinstall: err-code@2.0.3
5223 silly preinstall fastest-levenshtein@1.0.12 /usr/local/lib/node_modules/.staging/fastest-levenshtein-6ab696d8
5224 info lifecycle fastest-levenshtein@1.0.12~preinstall: fastest-levenshtein@1.0.12
5225 silly preinstall fs.realpath@1.0.0 /usr/local/lib/node_modules/.staging/fs.realpath-edb9329d
5226 info lifecycle fs.realpath@1.0.0~preinstall: fs.realpath@1.0.0
5227 silly preinstall function-bind@1.1.1 /usr/local/lib/node_modules/.staging/function-bind-303477c3
5228 info lifecycle function-bind@1.1.1~preinstall: function-bind@1.1.1
5229 silly preinstall graceful-fs@4.2.10 /usr/local/lib/node_modules/.staging/graceful-fs-6b2808dc
5230 info lifecycle graceful-fs@4.2.10~preinstall: graceful-fs@4.2.10
5231 silly preinstall has@1.0.3 /usr/local/lib/node_modules/.staging/has-d8cee2a0
5232 info lifecycle has@1.0.3~preinstall: has@1.0.3
5233 silly preinstall has-flag@4.0.0 /usr/local/lib/node_modules/.staging/has-flag-a79d52eb
5234 info lifecycle has-flag@4.0.0~preinstall: has-flag@4.0.0
5235 silly preinstall has-unicode@2.0.1 /usr/local/lib/node_modules/.staging/has-unicode-70ba744a
5236 info lifecycle has-unicode@2.0.1~preinstall: has-unicode@2.0.1
5237 silly preinstall http-cache-semantics@4.1.1 /usr/local/lib/node_modules/.staging/http-cache-semantics-c157b155
5238 info lifecycle http-cache-semantics@4.1.1~preinstall: http-cache-semantics@4.1.1
5239 silly preinstall http-proxy-agent@5.0.0 /usr/local/lib/node_modules/.staging/http-proxy-agent-dad9e0a9
5240 info lifecycle http-proxy-agent@5.0.0~preinstall: http-proxy-agent@5.0.0
5241 silly preinstall https-proxy-agent@5.0.1 /usr/local/lib/node_modules/.staging/https-proxy-agent-c3a252b7
5242 info lifecycle https-proxy-agent@5.0.1~preinstall: https-proxy-agent@5.0.1
5243 silly preinstall imurmurhash@0.1.4 /usr/local/lib/node_modules/.staging/imurmurhash-88515b8f
5244 info lifecycle imurmurhash@0.1.4~preinstall: imurmurhash@0.1.4
5245 silly preinstall indent-string@4.0.0 /usr/local/lib/node_modules/.staging/indent-string-07b9441f
5246 info lifecycle indent-string@4.0.0~preinstall: indent-string@4.0.0
5247 silly preinstall aggregate-error@3.1.0 /usr/local/lib/node_modules/.staging/aggregate-error-85fac15f
5248 info lifecycle aggregate-error@3.1.0~preinstall: aggregate-error@3.1.0
5249 silly preinstall infer-owner@1.0.4 /usr/local/lib/node_modules/.staging/infer-owner-ad60693b
5250 info lifecycle infer-owner@1.0.4~preinstall: infer-owner@1.0.4
5251 silly preinstall @npmcli/promise-spawn@3.0.0 /usr/local/lib/node_modules/.staging/@npmcli/promise-spawn-ed129ee2
5252 info lifecycle @npmcli/promise-spawn@3.0.0~preinstall: @npmcli/promise-spawn@3.0.0
5253 silly preinstall inherits@2.0.4 /usr/local/lib/node_modules/.staging/inherits-645903cc
5254 info lifecycle inherits@2.0.4~preinstall: inherits@2.0.4
5255 silly preinstall ini@3.0.1 /usr/local/lib/node_modules/.staging/ini-bcc4195e
5256 info lifecycle ini@3.0.1~preinstall: ini@3.0.1
5257 silly preinstall ip@2.0.0 /usr/local/lib/node_modules/.staging/ip-d8370c74
5258 info lifecycle ip@2.0.0~preinstall: ip@2.0.0
5259 silly preinstall ip-regex@4.3.0 /usr/local/lib/node_modules/.staging/ip-regex-de5980cf
5260 info lifecycle ip-regex@4.3.0~preinstall: ip-regex@4.3.0
5261 silly preinstall cidr-regex@3.1.1 /usr/local/lib/node_modules/.staging/cidr-regex-5440cf43
5262 info lifecycle cidr-regex@3.1.1~preinstall: cidr-regex@3.1.1
5263 silly preinstall is-cidr@4.0.2 /usr/local/lib/node_modules/.staging/is-cidr-077f5a62
5264 info lifecycle is-cidr@4.0.2~preinstall: is-cidr@4.0.2
5265 silly preinstall is-core-module@2.10.0 /usr/local/lib/node_modules/.staging/is-core-module-d912a1e2
5266 info lifecycle is-core-module@2.10.0~preinstall: is-core-module@2.10.0
5267 silly preinstall is-fullwidth-code-point@3.0.0 /usr/local/lib/node_modules/.staging/is-fullwidth-code-point-20028fd0
5268 info lifecycle is-fullwidth-code-point@3.0.0~preinstall: is-fullwidth-code-point@3.0.0
5269 silly preinstall is-lambda@1.0.1 /usr/local/lib/node_modules/.staging/is-lambda-c2ff654f
5270 info lifecycle is-lambda@1.0.1~preinstall: is-lambda@1.0.1
5271 silly preinstall isexe@2.0.0 /usr/local/lib/node_modules/.staging/isexe-5088e64c
5272 info lifecycle isexe@2.0.0~preinstall: isexe@2.0.0
5273 silly preinstall json-parse-even-better-errors@2.3.1 /usr/local/lib/node_modules/.staging/json-parse-even-better-errors-b7e285e4
5274 info lifecycle json-parse-even-better-errors@2.3.1~preinstall: json-parse-even-better-errors@2.3.1
5275 silly preinstall @npmcli/package-json@2.0.0 /usr/local/lib/node_modules/.staging/@npmcli/package-json-a70bf3b3
5276 info lifecycle @npmcli/package-json@2.0.0~preinstall: @npmcli/package-json@2.0.0
5277 silly preinstall json-stringify-nice@1.1.4 /usr/local/lib/node_modules/.staging/json-stringify-nice-caf9a8e2
5278 info lifecycle json-stringify-nice@1.1.4~preinstall: json-stringify-nice@1.1.4
5279 silly preinstall jsonparse@1.3.1 /usr/local/lib/node_modules/.staging/jsonparse-ae950221
5280 info lifecycle jsonparse@1.3.1~preinstall: jsonparse@1.3.1
5281 silly preinstall just-diff@5.1.1 /usr/local/lib/node_modules/.staging/just-diff-e8cc53b0
5282 info lifecycle just-diff@5.1.1~preinstall: just-diff@5.1.1
5283 silly preinstall just-diff-apply@5.4.1 /usr/local/lib/node_modules/.staging/just-diff-apply-e7288cb5
5284 info lifecycle just-diff-apply@5.4.1~preinstall: just-diff-apply@5.4.1
5285 silly preinstall lru-cache@7.13.2 /usr/local/lib/node_modules/.staging/lru-cache-8ecd63a5
5286 info lifecycle lru-cache@7.13.2~preinstall: lru-cache@7.13.2
5287 silly preinstall hosted-git-info@5.2.1 /usr/local/lib/node_modules/.staging/hosted-git-info-fbb0ea29
5288 info lifecycle hosted-git-info@5.2.1~preinstall: hosted-git-info@5.2.1
5289 silly preinstall minimatch@5.1.0 /usr/local/lib/node_modules/.staging/minimatch-c0c7d4a0
5290 info lifecycle minimatch@5.1.0~preinstall: minimatch@5.1.0
5291 silly preinstall ignore-walk@5.0.1 /usr/local/lib/node_modules/.staging/ignore-walk-5d4e567f
5292 info lifecycle ignore-walk@5.0.1~preinstall: ignore-walk@5.0.1
5293 silly preinstall mkdirp@1.0.4 /usr/local/lib/node_modules/.staging/mkdirp-1c645d9d
5294 info lifecycle mkdirp@1.0.4~preinstall: mkdirp@1.0.4
5295 silly preinstall mkdirp-infer-owner@2.0.0 /usr/local/lib/node_modules/.staging/mkdirp-infer-owner-38443771
5296 info lifecycle mkdirp-infer-owner@2.0.0~preinstall: mkdirp-infer-owner@2.0.0
5297 silly preinstall cmd-shim@5.0.0 /usr/local/lib/node_modules/.staging/cmd-shim-9a59681e
5298 info lifecycle cmd-shim@5.0.0~preinstall: cmd-shim@5.0.0
5299 silly preinstall ms@2.1.3 /usr/local/lib/node_modules/.staging/ms-d1212a71
5300 info lifecycle ms@2.1.3~preinstall: ms@2.1.3
5301 silly preinstall humanize-ms@1.2.1 /usr/local/lib/node_modules/.staging/humanize-ms-88050aec
5302 info lifecycle humanize-ms@1.2.1~preinstall: humanize-ms@1.2.1
5303 silly preinstall agentkeepalive@4.2.1 /usr/local/lib/node_modules/.staging/agentkeepalive-42ebf137
5304 info lifecycle agentkeepalive@4.2.1~preinstall: agentkeepalive@4.2.1
5305 silly preinstall mute-stream@0.0.8 /usr/local/lib/node_modules/.staging/mute-stream-073dc35f
5306 info lifecycle mute-stream@0.0.8~preinstall: mute-stream@0.0.8
5307 silly preinstall negotiator@0.6.3 /usr/local/lib/node_modules/.staging/negotiator-257b5ccb
5308 info lifecycle negotiator@0.6.3~preinstall: negotiator@0.6.3
5309 silly preinstall brace-expansion@1.1.11 /usr/local/lib/node_modules/.staging/brace-expansion-1532958b
5310 info lifecycle brace-expansion@1.1.11~preinstall: brace-expansion@1.1.11
5311 silly preinstall minimatch@3.1.2 /usr/local/lib/node_modules/.staging/minimatch-35360cac
5312 info lifecycle minimatch@3.1.2~preinstall: minimatch@3.1.2
5313 silly preinstall nopt@5.0.0 /usr/local/lib/node_modules/.staging/nopt-b74202b8
5314 info lifecycle nopt@5.0.0~preinstall: nopt@5.0.0
5315 silly preinstall nopt@6.0.0 /usr/local/lib/node_modules/.staging/nopt-09923798
5316 info lifecycle nopt@6.0.0~preinstall: nopt@6.0.0
5317 silly preinstall npm-normalize-package-bin@2.0.0 /usr/local/lib/node_modules/.staging/npm-normalize-package-bin-4d1fba8d
5318 info lifecycle npm-normalize-package-bin@2.0.0~preinstall: npm-normalize-package-bin@2.0.0
5319 silly preinstall npm-bundled@2.0.1 /usr/local/lib/node_modules/.staging/npm-bundled-1ef2cfbb
5320 info lifecycle npm-bundled@2.0.1~preinstall: npm-bundled@2.0.1
5321 silly preinstall npm-normalize-package-bin@1.0.1 /usr/local/lib/node_modules/.staging/npm-normalize-package-bin-b714b418
5322 info lifecycle npm-normalize-package-bin@1.0.1~preinstall: npm-normalize-package-bin@1.0.1
5323 silly preinstall npm-bundled@1.1.2 /usr/local/lib/node_modules/.staging/npm-bundled-4cd66972
5324 info lifecycle npm-bundled@1.1.2~preinstall: npm-bundled@1.1.2
5325 silly preinstall @npmcli/installed-package-contents@1.0.7 /usr/local/lib/node_modules/.staging/@npmcli/installed-package-contents-2b7d40e6
5326 info lifecycle @npmcli/installed-package-contents@1.0.7~preinstall: @npmcli/installed-package-contents@1.0.7
5327 silly preinstall npm-normalize-package-bin@2.0.0 /usr/local/lib/node_modules/.staging/npm-normalize-package-bin-e2b39b91
5328 info lifecycle npm-normalize-package-bin@2.0.0~preinstall: npm-normalize-package-bin@2.0.0
5329 silly preinstall npm-normalize-package-bin@2.0.0 /usr/local/lib/node_modules/.staging/npm-normalize-package-bin-239697cb
5330 info lifecycle npm-normalize-package-bin@2.0.0~preinstall: npm-normalize-package-bin@2.0.0
5331 silly preinstall npm-user-validate@1.0.1 /usr/local/lib/node_modules/.staging/npm-user-validate-f71385a3
5332 info lifecycle npm-user-validate@1.0.1~preinstall: npm-user-validate@1.0.1
5333 silly preinstall opener@1.5.2 /usr/local/lib/node_modules/.staging/opener-15a2af59
5334 info lifecycle opener@1.5.2~preinstall: opener@1.5.2
5335 silly preinstall p-map@4.0.0 /usr/local/lib/node_modules/.staging/p-map-ae61df95
5336 info lifecycle p-map@4.0.0~preinstall: p-map@4.0.0
5337 silly preinstall parse-conflict-json@2.0.2 /usr/local/lib/node_modules/.staging/parse-conflict-json-782ba002
5338 info lifecycle parse-conflict-json@2.0.2~preinstall: parse-conflict-json@2.0.2
5339 silly preinstall path-is-absolute@1.0.1 /usr/local/lib/node_modules/.staging/path-is-absolute-60818b9e
5340 info lifecycle path-is-absolute@1.0.1~preinstall: path-is-absolute@1.0.1
5341 silly preinstall proc-log@2.0.1 /usr/local/lib/node_modules/.staging/proc-log-759ac5f0
5342 info lifecycle proc-log@2.0.1~preinstall: proc-log@2.0.1
5343 silly preinstall promise-all-reject-late@1.0.1 /usr/local/lib/node_modules/.staging/promise-all-reject-late-91b71e3f
5344 info lifecycle promise-all-reject-late@1.0.1~preinstall: promise-all-reject-late@1.0.1
5345 silly preinstall promise-call-limit@1.0.1 /usr/local/lib/node_modules/.staging/promise-call-limit-3b3fb51f
5346 info lifecycle promise-call-limit@1.0.1~preinstall: promise-call-limit@1.0.1
5347 silly preinstall promise-inflight@1.0.1 /usr/local/lib/node_modules/.staging/promise-inflight-cdf84191
5348 info lifecycle promise-inflight@1.0.1~preinstall: promise-inflight@1.0.1
5349 silly preinstall qrcode-terminal@0.12.0 /usr/local/lib/node_modules/.staging/qrcode-terminal-b2aaccdb
5350 info lifecycle qrcode-terminal@0.12.0~preinstall: qrcode-terminal@0.12.0
5351 silly preinstall read@1.0.7 /usr/local/lib/node_modules/.staging/read-d3662b1c
5352 info lifecycle read@1.0.7~preinstall: read@1.0.7
5353 silly preinstall promzard@0.3.0 /usr/local/lib/node_modules/.staging/promzard-e1f03e87
5354 info lifecycle promzard@0.3.0~preinstall: promzard@0.3.0
5355 silly preinstall read-cmd-shim@3.0.0 /usr/local/lib/node_modules/.staging/read-cmd-shim-529bf829
5356 info lifecycle read-cmd-shim@3.0.0~preinstall: read-cmd-shim@3.0.0
5357 silly preinstall read-package-json-fast@2.0.3 /usr/local/lib/node_modules/.staging/read-package-json-fast-84bb8d2a
5358 info lifecycle read-package-json-fast@2.0.3~preinstall: read-package-json-fast@2.0.3
5359 silly preinstall npm-normalize-package-bin@2.0.0 /usr/local/lib/node_modules/.staging/npm-normalize-package-bin-9b0845ba
5360 info lifecycle npm-normalize-package-bin@2.0.0~preinstall: npm-normalize-package-bin@2.0.0
5361 silly preinstall retry@0.12.0 /usr/local/lib/node_modules/.staging/retry-8dd36701
5362 info lifecycle retry@0.12.0~preinstall: retry@0.12.0
5363 silly preinstall promise-retry@2.0.1 /usr/local/lib/node_modules/.staging/promise-retry-519a7aec
5364 info lifecycle promise-retry@2.0.1~preinstall: promise-retry@2.0.1
5365 silly preinstall brace-expansion@1.1.11 /usr/local/lib/node_modules/.staging/brace-expansion-39fed278
5366 info lifecycle brace-expansion@1.1.11~preinstall: brace-expansion@1.1.11
5367 silly preinstall minimatch@3.1.2 /usr/local/lib/node_modules/.staging/minimatch-b15ef70e
5368 info lifecycle minimatch@3.1.2~preinstall: minimatch@3.1.2
5369 silly preinstall safe-buffer@5.2.1 /usr/local/lib/node_modules/.staging/safe-buffer-a0da88bc
5370 info lifecycle safe-buffer@5.2.1~preinstall: safe-buffer@5.2.1
5371 silly preinstall safer-buffer@2.1.2 /usr/local/lib/node_modules/.staging/safer-buffer-d7fc724f
5372 info lifecycle safer-buffer@2.1.2~preinstall: safer-buffer@2.1.2
5373 silly preinstall iconv-lite@0.6.3 /usr/local/lib/node_modules/.staging/iconv-lite-8730c2ae
5374 info lifecycle iconv-lite@0.6.3~preinstall: iconv-lite@0.6.3
5375 silly preinstall encoding@0.1.13 /usr/local/lib/node_modules/.staging/encoding-642117da
5376 info lifecycle encoding@0.1.13~preinstall: encoding@0.1.13
5377 silly preinstall set-blocking@2.0.0 /usr/local/lib/node_modules/.staging/set-blocking-e32b5f6f
5378 info lifecycle set-blocking@2.0.0~preinstall: set-blocking@2.0.0
5379 silly preinstall signal-exit@3.0.7 /usr/local/lib/node_modules/.staging/signal-exit-db03f9c7
5380 info lifecycle signal-exit@3.0.7~preinstall: signal-exit@3.0.7
5381 silly preinstall smart-buffer@4.2.0 /usr/local/lib/node_modules/.staging/smart-buffer-61b06bb6
5382 info lifecycle smart-buffer@4.2.0~preinstall: smart-buffer@4.2.0
5383 silly preinstall socks@2.7.0 /usr/local/lib/node_modules/.staging/socks-893ca9d0
5384 info lifecycle socks@2.7.0~preinstall: socks@2.7.0
5385 silly preinstall socks-proxy-agent@7.0.0 /usr/local/lib/node_modules/.staging/socks-proxy-agent-b3cdb62f
5386 info lifecycle socks-proxy-agent@7.0.0~preinstall: socks-proxy-agent@7.0.0
5387 silly preinstall spdx-exceptions@2.3.0 /usr/local/lib/node_modules/.staging/spdx-exceptions-67785420
5388 info lifecycle spdx-exceptions@2.3.0~preinstall: spdx-exceptions@2.3.0
5389 silly preinstall spdx-license-ids@3.0.11 /usr/local/lib/node_modules/.staging/spdx-license-ids-8193695d
5390 info lifecycle spdx-license-ids@3.0.11~preinstall: spdx-license-ids@3.0.11
5391 silly preinstall spdx-expression-parse@3.0.1 /usr/local/lib/node_modules/.staging/spdx-expression-parse-c403f046
5392 info lifecycle spdx-expression-parse@3.0.1~preinstall: spdx-expression-parse@3.0.1
5393 silly preinstall spdx-correct@3.1.1 /usr/local/lib/node_modules/.staging/spdx-correct-5e9eb9f5
5394 info lifecycle spdx-correct@3.1.1~preinstall: spdx-correct@3.1.1
5395 silly preinstall string_decoder@1.3.0 /usr/local/lib/node_modules/.staging/string_decoder-5f56eca5
5396 info lifecycle string_decoder@1.3.0~preinstall: string_decoder@1.3.0
5397 silly preinstall strip-ansi@6.0.1 /usr/local/lib/node_modules/.staging/strip-ansi-ec5c913b
5398 info lifecycle strip-ansi@6.0.1~preinstall: strip-ansi@6.0.1
5399 silly preinstall string-width@4.2.3 /usr/local/lib/node_modules/.staging/string-width-fa87d55b
5400 info lifecycle string-width@4.2.3~preinstall: string-width@4.2.3
5401 silly preinstall cli-table3@0.6.2 /usr/local/lib/node_modules/.staging/cli-table3-7fbe9c52
5402 info lifecycle cli-table3@0.6.2~preinstall: cli-table3@0.6.2
5403 silly preinstall cli-columns@4.0.0 /usr/local/lib/node_modules/.staging/cli-columns-c7235efd
5404 info lifecycle cli-columns@4.0.0~preinstall: cli-columns@4.0.0
5405 silly preinstall supports-color@7.2.0 /usr/local/lib/node_modules/.staging/supports-color-de6d95c2
5406 info lifecycle supports-color@7.2.0~preinstall: supports-color@7.2.0
5407 silly preinstall chalk@4.1.2 /usr/local/lib/node_modules/.staging/chalk-a8416aab
5408 info lifecycle chalk@4.1.2~preinstall: chalk@4.1.2
5409 silly preinstall npm-audit-report@3.0.0 /usr/local/lib/node_modules/.staging/npm-audit-report-dd1d8719
5410 info lifecycle npm-audit-report@3.0.0~preinstall: npm-audit-report@3.0.0
5411 silly preinstall text-table@0.2.0 /usr/local/lib/node_modules/.staging/text-table-c4f5192f
5412 info lifecycle text-table@0.2.0~preinstall: text-table@0.2.0
5413 silly preinstall tiny-relative-date@1.3.0 /usr/local/lib/node_modules/.staging/tiny-relative-date-c243363f
5414 info lifecycle tiny-relative-date@1.3.0~preinstall: tiny-relative-date@1.3.0
5415 silly preinstall treeverse@2.0.0 /usr/local/lib/node_modules/.staging/treeverse-8d786c58
5416 info lifecycle treeverse@2.0.0~preinstall: treeverse@2.0.0
5417 silly preinstall unique-slug@3.0.0 /usr/local/lib/node_modules/.staging/unique-slug-eb8160a7
5418 info lifecycle unique-slug@3.0.0~preinstall: unique-slug@3.0.0
5419 silly preinstall unique-filename@2.0.1 /usr/local/lib/node_modules/.staging/unique-filename-57ca8fac
5420 info lifecycle unique-filename@2.0.1~preinstall: unique-filename@2.0.1
5421 silly preinstall util-deprecate@1.0.2 /usr/local/lib/node_modules/.staging/util-deprecate-b15e17ef
5422 info lifecycle util-deprecate@1.0.2~preinstall: util-deprecate@1.0.2
5423 silly preinstall readable-stream@3.6.0 /usr/local/lib/node_modules/.staging/readable-stream-6fa60d2e
5424 info lifecycle readable-stream@3.6.0~preinstall: readable-stream@3.6.0
5425 silly preinstall are-we-there-yet@3.0.1 /usr/local/lib/node_modules/.staging/are-we-there-yet-87f16c25
5426 info lifecycle are-we-there-yet@3.0.1~preinstall: are-we-there-yet@3.0.1
5427 silly preinstall postcss-selector-parser@6.0.10 /usr/local/lib/node_modules/.staging/postcss-selector-parser-3c245b8c
5428 info lifecycle postcss-selector-parser@6.0.10~preinstall: postcss-selector-parser@6.0.10
5429 silly preinstall validate-npm-package-license@3.0.4 /usr/local/lib/node_modules/.staging/validate-npm-package-license-18bd0e8c
5430 info lifecycle validate-npm-package-license@3.0.4~preinstall: validate-npm-package-license@3.0.4
5431 silly preinstall walk-up-path@1.0.0 /usr/local/lib/node_modules/.staging/walk-up-path-60494916
5432 info lifecycle walk-up-path@1.0.0~preinstall: walk-up-path@1.0.0
5433 silly preinstall wcwidth@1.0.1 /usr/local/lib/node_modules/.staging/wcwidth-1cdb61f1
5434 info lifecycle wcwidth@1.0.1~preinstall: wcwidth@1.0.1
5435 silly preinstall columnify@1.6.0 /usr/local/lib/node_modules/.staging/columnify-ac577294
5436 info lifecycle columnify@1.6.0~preinstall: columnify@1.6.0
5437 silly preinstall which@2.0.2 /usr/local/lib/node_modules/.staging/which-8621ffd0
5438 info lifecycle which@2.0.2~preinstall: which@2.0.2
5439 silly preinstall wide-align@1.1.5 /usr/local/lib/node_modules/.staging/wide-align-b5236939
5440 info lifecycle wide-align@1.1.5~preinstall: wide-align@1.1.5
5441 silly preinstall gauge@4.0.4 /usr/local/lib/node_modules/.staging/gauge-34ca2ed1
5442 info lifecycle gauge@4.0.4~preinstall: gauge@4.0.4
5443 silly preinstall npmlog@6.0.2 /usr/local/lib/node_modules/.staging/npmlog-7d89ca14
5444 info lifecycle npmlog@6.0.2~preinstall: npmlog@6.0.2
5445 silly preinstall wrappy@1.0.2 /usr/local/lib/node_modules/.staging/wrappy-87cc424c
5446 info lifecycle wrappy@1.0.2~preinstall: wrappy@1.0.2
5447 silly preinstall once@1.4.0 /usr/local/lib/node_modules/.staging/once-4708d162
5448 info lifecycle once@1.4.0~preinstall: once@1.4.0
5449 silly preinstall inflight@1.0.6 /usr/local/lib/node_modules/.staging/inflight-0ab5dec3
5450 info lifecycle inflight@1.0.6~preinstall: inflight@1.0.6
5451 silly preinstall glob@7.2.3 /usr/local/lib/node_modules/.staging/glob-de543aa6
5452 info lifecycle glob@7.2.3~preinstall: glob@7.2.3
5453 silly preinstall rimraf@3.0.2 /usr/local/lib/node_modules/.staging/rimraf-dcac15df
5454 info lifecycle rimraf@3.0.2~preinstall: rimraf@3.0.2
5455 silly preinstall @npmcli/move-file@2.0.1 /usr/local/lib/node_modules/.staging/@npmcli/move-file-c2937ae6
5456 info lifecycle @npmcli/move-file@2.0.1~preinstall: @npmcli/move-file@2.0.1
5457 silly preinstall glob@7.2.3 /usr/local/lib/node_modules/.staging/glob-626e63eb
5458 info lifecycle glob@7.2.3~preinstall: glob@7.2.3
5459 silly preinstall glob@8.0.3 /usr/local/lib/node_modules/.staging/glob-22b0444e
5460 info lifecycle glob@8.0.3~preinstall: glob@8.0.3
5461 silly preinstall npm-packlist@5.1.3 /usr/local/lib/node_modules/.staging/npm-packlist-8a6dbcc6
5462 info lifecycle npm-packlist@5.1.3~preinstall: npm-packlist@5.1.3
5463 silly preinstall @npmcli/map-workspaces@2.0.4 /usr/local/lib/node_modules/.staging/@npmcli/map-workspaces-b80dcade
5464 info lifecycle @npmcli/map-workspaces@2.0.4~preinstall: @npmcli/map-workspaces@2.0.4
5465 silly preinstall dezalgo@1.0.4 /usr/local/lib/node_modules/.staging/dezalgo-f1d8cc9f
5466 info lifecycle dezalgo@1.0.4~preinstall: dezalgo@1.0.4
5467 silly preinstall readdir-scoped-modules@1.1.0 /usr/local/lib/node_modules/.staging/readdir-scoped-modules-f855e873
5468 info lifecycle readdir-scoped-modules@1.1.0~preinstall: readdir-scoped-modules@1.1.0
5469 silly preinstall write-file-atomic@4.0.2 /usr/local/lib/node_modules/.staging/write-file-atomic-07d3ad2f
5470 info lifecycle write-file-atomic@4.0.2~preinstall: write-file-atomic@4.0.2
5471 silly preinstall bin-links@3.0.3 /usr/local/lib/node_modules/.staging/bin-links-0b6b48d8
5472 info lifecycle bin-links@3.0.3~preinstall: bin-links@3.0.3
5473 silly preinstall yallist@4.0.0 /usr/local/lib/node_modules/.staging/yallist-26d37d6f
5474 info lifecycle yallist@4.0.0~preinstall: yallist@4.0.0
5475 silly preinstall lru-cache@6.0.0 /usr/local/lib/node_modules/.staging/lru-cache-fb956332
5476 info lifecycle lru-cache@6.0.0~preinstall: lru-cache@6.0.0
5477 silly preinstall semver@7.3.7 /usr/local/lib/node_modules/.staging/semver-b7362522
5478 info lifecycle semver@7.3.7~preinstall: semver@7.3.7
5479 silly preinstall npm-install-checks@5.0.0 /usr/local/lib/node_modules/.staging/npm-install-checks-98defe76
5480 info lifecycle npm-install-checks@5.0.0~preinstall: npm-install-checks@5.0.0
5481 silly preinstall normalize-package-data@4.0.1 /usr/local/lib/node_modules/.staging/normalize-package-data-600b6ae0
5482 info lifecycle normalize-package-data@4.0.1~preinstall: normalize-package-data@4.0.1
5483 silly preinstall read-package-json@5.0.2 /usr/local/lib/node_modules/.staging/read-package-json-6cf2a4f0
5484 info lifecycle read-package-json@5.0.2~preinstall: read-package-json@5.0.2
5485 silly preinstall builtins@5.0.1 /usr/local/lib/node_modules/.staging/builtins-47694170
5486 info lifecycle builtins@5.0.1~preinstall: builtins@5.0.1
5487 silly preinstall validate-npm-package-name@4.0.0 /usr/local/lib/node_modules/.staging/validate-npm-package-name-78afd7e6
5488 info lifecycle validate-npm-package-name@4.0.0~preinstall: validate-npm-package-name@4.0.0
5489 silly preinstall npm-package-arg@9.1.0 /usr/local/lib/node_modules/.staging/npm-package-arg-cf3ecbad
5490 info lifecycle npm-package-arg@9.1.0~preinstall: npm-package-arg@9.1.0
5491 silly preinstall npm-pick-manifest@7.0.2 /usr/local/lib/node_modules/.staging/npm-pick-manifest-805b7fd3
5492 info lifecycle npm-pick-manifest@7.0.2~preinstall: npm-pick-manifest@7.0.2
5493 silly preinstall init-package-json@3.0.2 /usr/local/lib/node_modules/.staging/init-package-json-f725743d
5494 info lifecycle init-package-json@3.0.2~preinstall: init-package-json@3.0.2
5495 silly preinstall @npmcli/query@1.2.0 /usr/local/lib/node_modules/.staging/@npmcli/query-2203b9d3
5496 info lifecycle @npmcli/query@1.2.0~preinstall: @npmcli/query@1.2.0
5497 silly preinstall @npmcli/git@3.0.2 /usr/local/lib/node_modules/.staging/@npmcli/git-ac388d8b
5498 info lifecycle @npmcli/git@3.0.2~preinstall: @npmcli/git@3.0.2
5499 silly preinstall @npmcli/fs@2.1.2 /usr/local/lib/node_modules/.staging/@npmcli/fs-4e72358d
5500 info lifecycle @npmcli/fs@2.1.2~preinstall: @npmcli/fs@2.1.2
5501 silly preinstall @npmcli/config@4.2.2 /usr/local/lib/node_modules/.staging/@npmcli/config-40309e98
5502 info lifecycle @npmcli/config@4.2.2~preinstall: @npmcli/config@4.2.2
5503 silly preinstall minipass@3.3.4 /usr/local/lib/node_modules/.staging/minipass-eff5af84
5504 info lifecycle minipass@3.3.4~preinstall: minipass@3.3.4
5505 silly preinstall ssri@9.0.1 /usr/local/lib/node_modules/.staging/ssri-f301fe88
5506 info lifecycle ssri@9.0.1~preinstall: ssri@9.0.1
5507 silly preinstall minizlib@2.1.2 /usr/local/lib/node_modules/.staging/minizlib-d3988a11
5508 info lifecycle minizlib@2.1.2~preinstall: minizlib@2.1.2
5509 silly preinstall minipass-sized@1.0.3 /usr/local/lib/node_modules/.staging/minipass-sized-2399db07
5510 info lifecycle minipass-sized@1.0.3~preinstall: minipass-sized@1.0.3
5511 silly preinstall minipass-pipeline@1.2.4 /usr/local/lib/node_modules/.staging/minipass-pipeline-cabd33c2
5512 info lifecycle minipass-pipeline@1.2.4~preinstall: minipass-pipeline@1.2.4
5513 silly preinstall minipass-json-stream@1.0.1 /usr/local/lib/node_modules/.staging/minipass-json-stream-27f4001d
5514 info lifecycle minipass-json-stream@1.0.1~preinstall: minipass-json-stream@1.0.1
5515 silly preinstall minipass-flush@1.0.5 /usr/local/lib/node_modules/.staging/minipass-flush-b0a53a63
5516 info lifecycle minipass-flush@1.0.5~preinstall: minipass-flush@1.0.5
5517 silly preinstall minipass-fetch@2.1.1 /usr/local/lib/node_modules/.staging/minipass-fetch-24d0d18b
5518 info lifecycle minipass-fetch@2.1.1~preinstall: minipass-fetch@2.1.1
5519 silly preinstall minipass-collect@1.0.2 /usr/local/lib/node_modules/.staging/minipass-collect-5c7edc86
5520 info lifecycle minipass-collect@1.0.2~preinstall: minipass-collect@1.0.2
5521 silly preinstall fs-minipass@2.1.0 /usr/local/lib/node_modules/.staging/fs-minipass-5c991e60
5522 info lifecycle fs-minipass@2.1.0~preinstall: fs-minipass@2.1.0
5523 silly preinstall tar@6.1.11 /usr/local/lib/node_modules/.staging/tar-d7e646b3
5524 info lifecycle tar@6.1.11~preinstall: tar@6.1.11
5525 silly preinstall cacache@16.1.3 /usr/local/lib/node_modules/.staging/cacache-3c1e5d95
5526 info lifecycle cacache@16.1.3~preinstall: cacache@16.1.3
5527 silly preinstall make-fetch-happen@10.2.1 /usr/local/lib/node_modules/.staging/make-fetch-happen-51f6c520
5528 info lifecycle make-fetch-happen@10.2.1~preinstall: make-fetch-happen@10.2.1
5529 silly preinstall npm-registry-fetch@13.3.1 /usr/local/lib/node_modules/.staging/npm-registry-fetch-26f20d26
5530 info lifecycle npm-registry-fetch@13.3.1~preinstall: npm-registry-fetch@13.3.1
5531 silly preinstall npm-profile@6.2.1 /usr/local/lib/node_modules/.staging/npm-profile-02e2454e
5532 info lifecycle npm-profile@6.2.1~preinstall: npm-profile@6.2.1
5533 silly preinstall libnpmteam@4.0.4 /usr/local/lib/node_modules/.staging/libnpmteam-cc6fb236
5534 info lifecycle libnpmteam@4.0.4~preinstall: libnpmteam@4.0.4
5535 silly preinstall libnpmsearch@5.0.4 /usr/local/lib/node_modules/.staging/libnpmsearch-9f555a9a
5536 info lifecycle libnpmsearch@5.0.4~preinstall: libnpmsearch@5.0.4
5537 silly preinstall libnpmpublish@6.0.5 /usr/local/lib/node_modules/.staging/libnpmpublish-3c08a6e2
5538 info lifecycle libnpmpublish@6.0.5~preinstall: libnpmpublish@6.0.5
5539 silly preinstall libnpmorg@4.0.4 /usr/local/lib/node_modules/.staging/libnpmorg-1037c5e0
5540 info lifecycle libnpmorg@4.0.4~preinstall: libnpmorg@4.0.4
5541 silly preinstall libnpmhook@8.0.4 /usr/local/lib/node_modules/.staging/libnpmhook-18b8df14
5542 info lifecycle libnpmhook@8.0.4~preinstall: libnpmhook@8.0.4
5543 silly preinstall libnpmaccess@6.0.4 /usr/local/lib/node_modules/.staging/libnpmaccess-9f0e809d
5544 info lifecycle libnpmaccess@6.0.4~preinstall: libnpmaccess@6.0.4
5545 silly preinstall node-gyp@9.1.0 /usr/local/lib/node_modules/.staging/node-gyp-f73048ad
5546 info lifecycle node-gyp@9.1.0~preinstall: node-gyp@9.1.0
5547 silly preinstall @npmcli/run-script@4.2.1 /usr/local/lib/node_modules/.staging/@npmcli/run-script-8e8f4006
5548 info lifecycle @npmcli/run-script@4.2.1~preinstall: @npmcli/run-script@4.2.1
5549 silly preinstall pacote@13.6.2 /usr/local/lib/node_modules/.staging/pacote-922894c2
5550 info lifecycle pacote@13.6.2~preinstall: pacote@13.6.2
5551 silly preinstall libnpmdiff@4.0.5 /usr/local/lib/node_modules/.staging/libnpmdiff-2954df24
5552 info lifecycle libnpmdiff@4.0.5~preinstall: libnpmdiff@4.0.5
5553 silly preinstall libnpmversion@3.0.7 /usr/local/lib/node_modules/.staging/libnpmversion-2b1043eb
5554 info lifecycle libnpmversion@3.0.7~preinstall: libnpmversion@3.0.7
5555 silly preinstall libnpmpack@4.1.3 /usr/local/lib/node_modules/.staging/libnpmpack-51b9ba0e
5556 info lifecycle libnpmpack@4.1.3~preinstall: libnpmpack@4.1.3
5557 silly preinstall @npmcli/metavuln-calculator@3.1.1 /usr/local/lib/node_modules/.staging/@npmcli/metavuln-calculator-440558e9
5558 info lifecycle @npmcli/metavuln-calculator@3.1.1~preinstall: @npmcli/metavuln-calculator@3.1.1
5559 silly preinstall @npmcli/arborist@5.6.3 /usr/local/lib/node_modules/.staging/@npmcli/arborist-a0dd20e3
5560 info lifecycle @npmcli/arborist@5.6.3~preinstall: @npmcli/arborist@5.6.3
5561 silly preinstall libnpmfund@3.0.5 /usr/local/lib/node_modules/.staging/libnpmfund-71e703e0
5562 info lifecycle libnpmfund@3.0.5~preinstall: libnpmfund@3.0.5
5563 silly preinstall libnpmexec@4.0.14 /usr/local/lib/node_modules/.staging/libnpmexec-a9c12d9d
5564 info lifecycle libnpmexec@4.0.14~preinstall: libnpmexec@4.0.14
5565 silly preinstall npm@8.19.4 /usr/local/lib/node_modules/.staging/npm-3e479054
5566 info lifecycle npm@8.19.4~preinstall: npm@8.19.4
5567 silly lifecycle abbrev@1.1.1~preinstall: no script for preinstall, continuing
5568 silly lifecycle ansi-regex@5.0.1~preinstall: no script for preinstall, continuing
5569 silly lifecycle aproba@2.0.0~preinstall: no script for preinstall, continuing
5570 silly lifecycle archy@1.0.0~preinstall: no script for preinstall, continuing
5571 silly lifecycle asap@2.0.6~preinstall: no script for preinstall, continuing
5572 silly lifecycle balanced-match@1.0.2~preinstall: no script for preinstall, continuing
5573 silly lifecycle npm-normalize-package-bin@2.0.0~preinstall: no script for preinstall, continuing
5574 silly lifecycle binary-extensions@2.2.0~preinstall: no script for preinstall, continuing
5575 silly lifecycle brace-expansion@2.0.1~preinstall: no script for preinstall, continuing
5576 silly lifecycle chownr@2.0.0~preinstall: no script for preinstall, continuing
5577 silly lifecycle clean-stack@2.2.0~preinstall: no script for preinstall, continuing
5578 silly lifecycle clone@1.0.4~preinstall: no script for preinstall, continuing
5579 silly lifecycle color-name@1.1.4~preinstall: no script for preinstall, continuing
5580 silly lifecycle color-convert@2.0.1~preinstall: no script for preinstall, continuing
5581 silly lifecycle ansi-styles@4.3.0~preinstall: no script for preinstall, continuing
5582 silly lifecycle color-support@1.1.3~preinstall: no script for preinstall, continuing
5583 silly lifecycle common-ancestor-path@1.0.1~preinstall: no script for preinstall, continuing
5584 silly lifecycle console-control-strings@1.1.0~preinstall: no script for preinstall, continuing
5585 silly lifecycle cssesc@3.0.0~preinstall: no script for preinstall, continuing
5586 silly lifecycle concat-map@0.0.1~preinstall: no script for preinstall, continuing
5587 silly lifecycle ms@2.1.2~preinstall: no script for preinstall, continuing
5588 silly lifecycle debug@4.3.4~preinstall: no script for preinstall, continuing
5589 silly lifecycle agent-base@6.0.2~preinstall: no script for preinstall, continuing
5590 silly lifecycle debuglog@1.0.1~preinstall: no script for preinstall, continuing
5591 silly lifecycle defaults@1.0.3~preinstall: no script for preinstall, continuing
5592 silly lifecycle delegates@1.0.0~preinstall: no script for preinstall, continuing
5593 silly lifecycle depd@1.1.2~preinstall: no script for preinstall, continuing
5594 silly lifecycle diff@5.1.0~preinstall: no script for preinstall, continuing
5595 silly lifecycle emoji-regex@8.0.0~preinstall: no script for preinstall, continuing
5596 silly lifecycle env-paths@2.2.1~preinstall: no script for preinstall, continuing
5597 silly lifecycle err-code@2.0.3~preinstall: no script for preinstall, continuing
5598 silly lifecycle fastest-levenshtein@1.0.12~preinstall: no script for preinstall, continuing
5599 silly lifecycle fs.realpath@1.0.0~preinstall: no script for preinstall, continuing
5600 silly lifecycle function-bind@1.1.1~preinstall: no script for preinstall, continuing
5601 silly lifecycle graceful-fs@4.2.10~preinstall: no script for preinstall, continuing
5602 silly lifecycle has@1.0.3~preinstall: no script for preinstall, continuing
5603 silly lifecycle has-flag@4.0.0~preinstall: no script for preinstall, continuing
5604 silly lifecycle has-unicode@2.0.1~preinstall: no script for preinstall, continuing
5605 silly lifecycle http-cache-semantics@4.1.1~preinstall: no script for preinstall, continuing
5606 silly lifecycle http-proxy-agent@5.0.0~preinstall: no script for preinstall, continuing
5607 silly lifecycle https-proxy-agent@5.0.1~preinstall: no script for preinstall, continuing
5608 silly lifecycle imurmurhash@0.1.4~preinstall: no script for preinstall, continuing
5609 silly lifecycle indent-string@4.0.0~preinstall: no script for preinstall, continuing
5610 silly lifecycle aggregate-error@3.1.0~preinstall: no script for preinstall, continuing
5611 silly lifecycle infer-owner@1.0.4~preinstall: no script for preinstall, continuing
5612 silly lifecycle inherits@2.0.4~preinstall: no script for preinstall, continuing
5613 silly lifecycle ini@3.0.1~preinstall: no script for preinstall, continuing
5614 silly lifecycle ip@2.0.0~preinstall: no script for preinstall, continuing
5615 silly lifecycle ip-regex@4.3.0~preinstall: no script for preinstall, continuing
5616 silly lifecycle cidr-regex@3.1.1~preinstall: no script for preinstall, continuing
5617 silly lifecycle is-cidr@4.0.2~preinstall: no script for preinstall, continuing
5618 silly lifecycle is-core-module@2.10.0~preinstall: no script for preinstall, continuing
5619 silly lifecycle is-fullwidth-code-point@3.0.0~preinstall: no script for preinstall, continuing
5620 silly lifecycle is-lambda@1.0.1~preinstall: no script for preinstall, continuing
5621 silly lifecycle isexe@2.0.0~preinstall: no script for preinstall, continuing
5622 silly lifecycle json-parse-even-better-errors@2.3.1~preinstall: no script for preinstall, continuing
5623 silly lifecycle json-stringify-nice@1.1.4~preinstall: no script for preinstall, continuing
5624 silly lifecycle jsonparse@1.3.1~preinstall: no script for preinstall, continuing
5625 silly lifecycle just-diff@5.1.1~preinstall: no script for preinstall, continuing
5626 silly lifecycle just-diff-apply@5.4.1~preinstall: no script for preinstall, continuing
5627 silly lifecycle lru-cache@7.13.2~preinstall: no script for preinstall, continuing
5628 silly lifecycle hosted-git-info@5.2.1~preinstall: no script for preinstall, continuing
5629 silly lifecycle minimatch@5.1.0~preinstall: no script for preinstall, continuing
5630 silly lifecycle ignore-walk@5.0.1~preinstall: no script for preinstall, continuing
5631 silly lifecycle mkdirp@1.0.4~preinstall: no script for preinstall, continuing
5632 silly lifecycle mkdirp-infer-owner@2.0.0~preinstall: no script for preinstall, continuing
5633 silly lifecycle cmd-shim@5.0.0~preinstall: no script for preinstall, continuing
5634 silly lifecycle ms@2.1.3~preinstall: no script for preinstall, continuing
5635 silly lifecycle humanize-ms@1.2.1~preinstall: no script for preinstall, continuing
5636 silly lifecycle agentkeepalive@4.2.1~preinstall: no script for preinstall, continuing
5637 silly lifecycle mute-stream@0.0.8~preinstall: no script for preinstall, continuing
5638 silly lifecycle negotiator@0.6.3~preinstall: no script for preinstall, continuing
5639 silly lifecycle brace-expansion@1.1.11~preinstall: no script for preinstall, continuing
5640 silly lifecycle minimatch@3.1.2~preinstall: no script for preinstall, continuing
5641 silly lifecycle nopt@5.0.0~preinstall: no script for preinstall, continuing
5642 silly lifecycle nopt@6.0.0~preinstall: no script for preinstall, continuing
5643 silly lifecycle npm-normalize-package-bin@2.0.0~preinstall: no script for preinstall, continuing
5644 silly lifecycle npm-bundled@2.0.1~preinstall: no script for preinstall, continuing
5645 silly lifecycle npm-normalize-package-bin@1.0.1~preinstall: no script for preinstall, continuing
5646 silly lifecycle npm-bundled@1.1.2~preinstall: no script for preinstall, continuing
5647 silly lifecycle npm-normalize-package-bin@2.0.0~preinstall: no script for preinstall, continuing
5648 silly lifecycle npm-normalize-package-bin@2.0.0~preinstall: no script for preinstall, continuing
5649 silly lifecycle npm-user-validate@1.0.1~preinstall: no script for preinstall, continuing
5650 silly lifecycle opener@1.5.2~preinstall: no script for preinstall, continuing
5651 silly lifecycle p-map@4.0.0~preinstall: no script for preinstall, continuing
5652 silly lifecycle parse-conflict-json@2.0.2~preinstall: no script for preinstall, continuing
5653 silly lifecycle path-is-absolute@1.0.1~preinstall: no script for preinstall, continuing
5654 silly lifecycle proc-log@2.0.1~preinstall: no script for preinstall, continuing
5655 silly lifecycle promise-all-reject-late@1.0.1~preinstall: no script for preinstall, continuing
5656 silly lifecycle promise-call-limit@1.0.1~preinstall: no script for preinstall, continuing
5657 silly lifecycle promise-inflight@1.0.1~preinstall: no script for preinstall, continuing
5658 silly lifecycle qrcode-terminal@0.12.0~preinstall: no script for preinstall, continuing
5659 silly lifecycle read@1.0.7~preinstall: no script for preinstall, continuing
5660 silly lifecycle promzard@0.3.0~preinstall: no script for preinstall, continuing
5661 silly lifecycle read-cmd-shim@3.0.0~preinstall: no script for preinstall, continuing
5662 silly lifecycle read-package-json-fast@2.0.3~preinstall: no script for preinstall, continuing
5663 silly lifecycle npm-normalize-package-bin@2.0.0~preinstall: no script for preinstall, continuing
5664 silly lifecycle retry@0.12.0~preinstall: no script for preinstall, continuing
5665 silly lifecycle promise-retry@2.0.1~preinstall: no script for preinstall, continuing
5666 silly lifecycle brace-expansion@1.1.11~preinstall: no script for preinstall, continuing
5667 silly lifecycle minimatch@3.1.2~preinstall: no script for preinstall, continuing
5668 silly lifecycle safe-buffer@5.2.1~preinstall: no script for preinstall, continuing
5669 silly lifecycle safer-buffer@2.1.2~preinstall: no script for preinstall, continuing
5670 silly lifecycle iconv-lite@0.6.3~preinstall: no script for preinstall, continuing
5671 silly lifecycle encoding@0.1.13~preinstall: no script for preinstall, continuing
5672 silly lifecycle set-blocking@2.0.0~preinstall: no script for preinstall, continuing
5673 silly lifecycle signal-exit@3.0.7~preinstall: no script for preinstall, continuing
5674 silly lifecycle smart-buffer@4.2.0~preinstall: no script for preinstall, continuing
5675 silly lifecycle socks@2.7.0~preinstall: no script for preinstall, continuing
5676 silly lifecycle socks-proxy-agent@7.0.0~preinstall: no script for preinstall, continuing
5677 silly lifecycle spdx-exceptions@2.3.0~preinstall: no script for preinstall, continuing
5678 silly lifecycle spdx-license-ids@3.0.11~preinstall: no script for preinstall, continuing
5679 silly lifecycle spdx-expression-parse@3.0.1~preinstall: no script for preinstall, continuing
5680 silly lifecycle spdx-correct@3.1.1~preinstall: no script for preinstall, continuing
5681 silly lifecycle string_decoder@1.3.0~preinstall: no script for preinstall, continuing
5682 silly lifecycle strip-ansi@6.0.1~preinstall: no script for preinstall, continuing
5683 silly lifecycle string-width@4.2.3~preinstall: no script for preinstall, continuing
5684 silly lifecycle cli-table3@0.6.2~preinstall: no script for preinstall, continuing
5685 silly lifecycle cli-columns@4.0.0~preinstall: no script for preinstall, continuing
5686 silly lifecycle supports-color@7.2.0~preinstall: no script for preinstall, continuing
5687 silly lifecycle chalk@4.1.2~preinstall: no script for preinstall, continuing
5688 silly lifecycle npm-audit-report@3.0.0~preinstall: no script for preinstall, continuing
5689 silly lifecycle text-table@0.2.0~preinstall: no script for preinstall, continuing
5690 silly lifecycle tiny-relative-date@1.3.0~preinstall: no script for preinstall, continuing
5691 silly lifecycle treeverse@2.0.0~preinstall: no script for preinstall, continuing
5692 silly lifecycle unique-slug@3.0.0~preinstall: no script for preinstall, continuing
5693 silly lifecycle unique-filename@2.0.1~preinstall: no script for preinstall, continuing
5694 silly lifecycle util-deprecate@1.0.2~preinstall: no script for preinstall, continuing
5695 silly lifecycle readable-stream@3.6.0~preinstall: no script for preinstall, continuing
5696 silly lifecycle are-we-there-yet@3.0.1~preinstall: no script for preinstall, continuing
5697 silly lifecycle postcss-selector-parser@6.0.10~preinstall: no script for preinstall, continuing
5698 silly lifecycle validate-npm-package-license@3.0.4~preinstall: no script for preinstall, continuing
5699 silly lifecycle walk-up-path@1.0.0~preinstall: no script for preinstall, continuing
5700 silly lifecycle wcwidth@1.0.1~preinstall: no script for preinstall, continuing
5701 silly lifecycle columnify@1.6.0~preinstall: no script for preinstall, continuing
5702 silly lifecycle which@2.0.2~preinstall: no script for preinstall, continuing
5703 silly lifecycle wide-align@1.1.5~preinstall: no script for preinstall, continuing
5704 silly lifecycle gauge@4.0.4~preinstall: no script for preinstall, continuing
5705 silly lifecycle npmlog@6.0.2~preinstall: no script for preinstall, continuing
5706 silly lifecycle wrappy@1.0.2~preinstall: no script for preinstall, continuing
5707 silly lifecycle once@1.4.0~preinstall: no script for preinstall, continuing
5708 silly lifecycle inflight@1.0.6~preinstall: no script for preinstall, continuing
5709 silly lifecycle glob@7.2.3~preinstall: no script for preinstall, continuing
5710 silly lifecycle rimraf@3.0.2~preinstall: no script for preinstall, continuing
5711 silly lifecycle glob@7.2.3~preinstall: no script for preinstall, continuing
5712 silly lifecycle glob@8.0.3~preinstall: no script for preinstall, continuing
5713 silly lifecycle npm-packlist@5.1.3~preinstall: no script for preinstall, continuing
5714 silly lifecycle dezalgo@1.0.4~preinstall: no script for preinstall, continuing
5715 silly lifecycle readdir-scoped-modules@1.1.0~preinstall: no script for preinstall, continuing
5716 silly lifecycle write-file-atomic@4.0.2~preinstall: no script for preinstall, continuing
5717 silly lifecycle bin-links@3.0.3~preinstall: no script for preinstall, continuing
5718 silly lifecycle yallist@4.0.0~preinstall: no script for preinstall, continuing
5719 silly lifecycle lru-cache@6.0.0~preinstall: no script for preinstall, continuing
5720 silly lifecycle semver@7.3.7~preinstall: no script for preinstall, continuing
5721 silly lifecycle npm-install-checks@5.0.0~preinstall: no script for preinstall, continuing
5722 silly lifecycle normalize-package-data@4.0.1~preinstall: no script for preinstall, continuing
5723 silly lifecycle read-package-json@5.0.2~preinstall: no script for preinstall, continuing
5724 silly lifecycle builtins@5.0.1~preinstall: no script for preinstall, continuing
5725 silly lifecycle validate-npm-package-name@4.0.0~preinstall: no script for preinstall, continuing
5726 silly lifecycle npm-package-arg@9.1.0~preinstall: no script for preinstall, continuing
5727 silly lifecycle npm-pick-manifest@7.0.2~preinstall: no script for preinstall, continuing
5728 silly lifecycle init-package-json@3.0.2~preinstall: no script for preinstall, continuing
5729 silly lifecycle minipass@3.3.4~preinstall: no script for preinstall, continuing
5730 silly lifecycle ssri@9.0.1~preinstall: no script for preinstall, continuing
5731 silly lifecycle minizlib@2.1.2~preinstall: no script for preinstall, continuing
5732 silly lifecycle minipass-sized@1.0.3~preinstall: no script for preinstall, continuing
5733 silly lifecycle minipass-pipeline@1.2.4~preinstall: no script for preinstall, continuing
5734 silly lifecycle minipass-json-stream@1.0.1~preinstall: no script for preinstall, continuing
5735 silly lifecycle minipass-flush@1.0.5~preinstall: no script for preinstall, continuing
5736 silly lifecycle minipass-fetch@2.1.1~preinstall: no script for preinstall, continuing
5737 silly lifecycle minipass-collect@1.0.2~preinstall: no script for preinstall, continuing
5738 silly lifecycle fs-minipass@2.1.0~preinstall: no script for preinstall, continuing
5739 silly lifecycle tar@6.1.11~preinstall: no script for preinstall, continuing
5740 silly lifecycle cacache@16.1.3~preinstall: no script for preinstall, continuing
5741 silly lifecycle make-fetch-happen@10.2.1~preinstall: no script for preinstall, continuing
5742 silly lifecycle npm-registry-fetch@13.3.1~preinstall: no script for preinstall, continuing
5743 silly lifecycle npm-profile@6.2.1~preinstall: no script for preinstall, continuing
5744 silly lifecycle libnpmteam@4.0.4~preinstall: no script for preinstall, continuing
5745 silly lifecycle libnpmsearch@5.0.4~preinstall: no script for preinstall, continuing
5746 silly lifecycle libnpmpublish@6.0.5~preinstall: no script for preinstall, continuing
5747 silly lifecycle libnpmorg@4.0.4~preinstall: no script for preinstall, continuing
5748 silly lifecycle libnpmhook@8.0.4~preinstall: no script for preinstall, continuing
5749 silly lifecycle libnpmaccess@6.0.4~preinstall: no script for preinstall, continuing
5750 silly lifecycle node-gyp@9.1.0~preinstall: no script for preinstall, continuing
5751 silly lifecycle pacote@13.6.2~preinstall: no script for preinstall, continuing
5752 silly lifecycle libnpmdiff@4.0.5~preinstall: no script for preinstall, continuing
5753 silly lifecycle libnpmversion@3.0.7~preinstall: no script for preinstall, continuing
5754 silly lifecycle libnpmpack@4.1.3~preinstall: no script for preinstall, continuing
5755 silly lifecycle libnpmfund@3.0.5~preinstall: no script for preinstall, continuing
5756 silly lifecycle libnpmexec@4.0.14~preinstall: no script for preinstall, continuing
5757 silly lifecycle npm@8.19.4~preinstall: no script for preinstall, continuing
5758 silly lifecycle @colors/colors@1.5.0~preinstall: no script for preinstall, continuing
5759 silly lifecycle @gar/promisify@1.1.3~preinstall: no script for preinstall, continuing
5760 silly lifecycle @isaacs/string-locale-compare@1.1.0~preinstall: no script for preinstall, continuing
5761 silly lifecycle @npmcli/ci-detect@2.0.0~preinstall: no script for preinstall, continuing
5762 silly lifecycle @npmcli/name-from-folder@1.0.1~preinstall: no script for preinstall, continuing
5763 silly lifecycle @npmcli/node-gyp@2.0.0~preinstall: no script for preinstall, continuing
5764 silly lifecycle @tootallnate/once@2.0.0~preinstall: no script for preinstall, continuing
5765 silly lifecycle @npmcli/disparity-colors@2.0.0~preinstall: no script for preinstall, continuing
5766 silly lifecycle @npmcli/promise-spawn@3.0.0~preinstall: no script for preinstall, continuing
5767 silly lifecycle @npmcli/package-json@2.0.0~preinstall: no script for preinstall, continuing
5768 silly lifecycle @npmcli/installed-package-contents@1.0.7~preinstall: no script for preinstall, continuing
5769 silly lifecycle @npmcli/move-file@2.0.1~preinstall: no script for preinstall, continuing
5770 silly lifecycle @npmcli/map-workspaces@2.0.4~preinstall: no script for preinstall, continuing
5771 silly lifecycle @npmcli/query@1.2.0~preinstall: no script for preinstall, continuing
5772 silly lifecycle @npmcli/git@3.0.2~preinstall: no script for preinstall, continuing
5773 silly lifecycle @npmcli/config@4.2.2~preinstall: no script for preinstall, continuing
5774 silly lifecycle @npmcli/fs@2.1.2~preinstall: no script for preinstall, continuing
5775 silly lifecycle @npmcli/run-script@4.2.1~preinstall: no script for preinstall, continuing
5776 silly lifecycle @npmcli/metavuln-calculator@3.1.1~preinstall: no script for preinstall, continuing
5777 silly lifecycle @npmcli/arborist@5.6.3~preinstall: no script for preinstall, continuing
5778 silly doReverseSerial remove 0
5779 silly doSerial move 0
5780 silly doSerial finalize 211
5781 silly finalize /usr/local/lib/node_modules/npm/node_modules/@colors/colors
5782 warn install:@colors/colors@1.5.0 ENOENT: no such file or directory, rename '/usr/local/lib/node_modules/.staging/@colors/colors-c8990a6d' -> '/usr/local/lib/node_modules/npm/node_modules/@colors/colors'
5783 verbose install:@colors/colors@1.5.0 Error: ENOENT: no such file or directory, rename '/usr/local/lib/node_modules/.staging/@colors/colors-c8990a6d' -> '/usr/local/lib/node_modules/npm/node_modules/@colors/colors'
5783 verbose install:@colors/colors@1.5.0     at destStatted (/usr/share/npm/lib/install/action/finalize.js:25:7)
5783 verbose install:@colors/colors@1.5.0     at FSReqWrap.oncomplete (fs.js:82:15)
5783 verbose install:@colors/colors@1.5.0
5783 verbose install:@colors/colors@1.5.0 Error: ENOENT: no such file or directory, rename '/usr/local/lib/node_modules/.staging/@colors/colors-c8990a6d' -> '/usr/local/lib/node_modules/npm/node_modules/@colors/colors'
5783 verbose install:@colors/colors@1.5.0     at Error (native)
5784 silly finalize /usr/local/lib/node_modules/npm/node_modules/@gar/promisify
5785 verbose unlock done using /root/.npm/_locks/staging-3a08f0df5026584d.lock for /usr/local/lib/node_modules/.staging
5786 silly rollbackFailedOptional Starting
5787 silly rollbackFailedOptional Finishing
5788 silly runTopLevelLifecycles Starting
5789 silly runTopLevelLifecycles Finishing
5790 silly install printInstalled
5791 verbose stack Error: ENOENT: no such file or directory, rename '/usr/local/lib/node_modules/.staging/@gar/promisify-ebaab35a' -> '/usr/local/lib/node_modules/npm/node_modules/@gar/promisify'
5791 verbose stack     at destStatted (/usr/share/npm/lib/install/action/finalize.js:25:7)
5791 verbose stack     at FSReqWrap.oncomplete (fs.js:82:15)
5791 verbose stack
5791 verbose stack Error: ENOENT: no such file or directory, rename '/usr/local/lib/node_modules/.staging/@gar/promisify-ebaab35a' -> '/usr/local/lib/node_modules/npm/node_modules/@gar/promisify'
5791 verbose stack     at Error (native)
5792 verbose cwd /home/zhr/zhr_ws/src/tb_tool_b1/frontend-vue
5793 error Linux 5.10.16.3-microsoft-standard-WSL2
5794 error argv "/usr/bin/nodejs" "/usr/bin/npm" "install" "-g" "npm@8.19.4"
5795 error node v4.2.6
5796 error npm  v3.5.2
5797 error path /usr/local/lib/node_modules/.staging/@gar/promisify-ebaab35a
5798 error code ENOENT
5799 error errno -2
5800 error syscall rename
5801 error enoent ENOENT: no such file or directory, rename '/usr/local/lib/node_modules/.staging/@gar/promisify-ebaab35a' -> '/usr/local/lib/node_modules/npm/node_modules/@gar/promisify'
5802 error enoent ENOENT: no such file or directory, rename '/usr/local/lib/node_modules/.staging/@gar/promisify-ebaab35a' -> '/usr/local/lib/node_modules/npm/node_modules/@gar/promisify'
5802 error enoent This is most likely not a problem with npm itself
5802 error enoent and is related to npm not being able to find a file.
5803 verbose exit [ -2, true ]
